simplified,pinyin,meaning,hsk_level,pos,radical,Difficulty_Human_PCA
一些,yī xiē,(following an adjective) slightly ...er ; a few ; a little ; some,1.0,mq,一,-1.0485733273091524
一共,yī gòng,altogether,2.0,d,一,5.346111237136957
一再,yī zài,repeatedly,4.0,d,一,1.1877695847903411
一切,yī qiè,all ; every ; everything,3.0,r,一,-1.1721097826494666
一半,yī bàn,half,1.0,m,一,-0.29792210777808686
一同,yī tóng,together,6.0,d,一,2.7812450055936075
一向,yī xiàng,a period of time in the recent past ; always (previously),5.0,d,一,-0.30325980869812547
一味,yī wèi,blindly ; invariably,7.0,d,一,4.605247690223658
一定,yī dìng,a certain (extent etc) ; certainly ; fixed ; given ; must ; necessarily ; particular ; surely,2.0,"d,b",一,-0.8630556733810185
一带,yī dài,district ; region,5.0,n,一,3.3652322205887306
一度,yī dù,at one time ; for a time ; once ; one time,7.0,d,一,0.49140668925087905
一律,yī lǜ,all ; same ; uniformly ; without exception,4.0,d,一,0.18624642201751265
一心,yī xīn,heart and soul ; wholeheartedly,7.0,"d,nr",一,1.2710780014893963
一手,yī shǒu,a skill ; by oneself ; mastery of a trade ; without outside help,7.0,"d,n",一,1.040254983654602
一旁,yī páng,aside ; to the side of,7.0,"f,s",一,3.0167194068584746
一旦,yī dàn,"if ; in a short time ; in case (sth happens) ; in one day ; once (sth happens, then...) ; when",5.0,"d,c",一,1.5156891362354397
一早,yī zǎo,at dawn ; early in the morning,7.0,t,一,0.12076194487656464
一时,yī shí,a period of time ; a while ; at the same time ; for a short while ; momentary ; temporary,6.0,"t,m",一,0.9217958535796907
一概,yī gài,all ; categorically ; without any exceptions,7.0,d,一,0.28245522640550613
一样,yī yàng,equal to ; just like ; like ; same ; the same as,1.0,"u,a,ad",一,-1.146604761279599
一流,yī liú,front ranking ; top quality,5.0,b,一,-0.9748870170471712
一生,yī shēng,all one's life; throughout one's life,2.0,n,一,-0.9626375684948222
一直,yī zhí,continuously; always; all the way through ; straight (in a straight line),2.0,d,一,-1.6388331435844568
一经,yī jīng,as soon as ; once (an action has been completed),7.0,d,一,13.271149780777872
一致,yī zhì,identical (views or opinions) ; unanimous,4.0,"a,an,ad,nz",一,-0.9535244205825624
一般,yī bān,common ; general ; generally ; in general ; ordinary ; same ; so-so,2.0,"a,ad,u",一,-0.5417521155602227
一贯,yī guàn,all along ; consistent ; constant ; from start to finish ; persistent,6.0,"d,b",一,0.9701073302991235
一起,yī qǐ,altogether (in total) ; in the same place ; together ; with,1.0,"s,d,nr",一,-1.0375073619871231
一路,yī lù,all the way ; going in the same direction ; going the same way ; of the same kind ; the whole journey,5.0,"mq,d",一,0.40183746405610277
一道,yī dào,together,6.0,d,一,6.314045940461745
一边,yī biān,doing while ; either side ; on the one hand ; on the other hand ; one side,1.0,"d,f",一,-0.7173637018277309
一阵,yī zhèn,a burst ; a fit ; a peal ; a spell (period of time),7.0,mq,一,-0.7250447836394927
一面,yī miàn,one aspect ; one side ; one's whole face ; simultaneously... (and...),7.0,"n,d,f",一,-0.16695315349619086
一体,yī tǐ,all concerned ; an integral whole ; everybody,7.0,n,一,3.0760968488999345
一齐,yī qí,at the same time ; simultaneously,6.0,d,一,-0.9097813106037196
丈夫,zhàng fu,husband,4.0,n,一,-0.8739796580912725
上任,shàng rèn,predecessor ; previous (incumbent) ; to take office,7.0,v,一,-0.670756459647892
上来,shàng lái,(verb complement indicating success) ; to approach ; to come up,3.0,v,一,0.4213656381538011
上升,shàng shēng,to ascend ; to go up ; to rise,3.0,"v,vn",一,-1.0399691379217082
上午,shàng wǔ,morning,1.0,t,一,0.18092051388193287
上去,shàng qù,to go up,3.0,v,一,1.8278913389284341
上台,shàng tái,to go on stage (in the theater) ; to rise to power (in politics),6.0,v,一,-1.0650953885940795
上司,shàng si,boss ; superior,7.0,n,一,0.025215872409619252
上周,shàng zhōu,last week,2.0,t,一,1.766288911038109
上报,shàng bào,to appear in the news ; to reply to a letter ; to report to one's superiors,7.0,v,一,2.4320812527267623
上场,shàng chǎng,on stage ; to go on stage ; to take the field,7.0,"v,vn",一,0.06439061564787497
上学,shàng xué,to attend school ; to go to school,1.0,v,一,-1.5898825205128915
上市,shàng shì,to float (a company on the stock market) ; to hit the market (of a new product),6.0,"v,vn",一,-0.37212916934934104
上帝,Shàng dì,God,6.0,n,一,-0.9777511492481672
上方,shàng fāng,place above (it) ; upper part (of it),7.0,"f,b",一,2.669662244797633
上旬,shàng xún,first third of a month,7.0,t,一,1.6095899380850844
上映,shàng yìng,to screen; to show (a movie),7.0,"v,vn",一,-0.8784060442200831
上楼,shàng lóu,to go upstairs,4.0,v,一,-0.9934920835691856
上次,shàng cì,last time,1.0,t,一,-1.0281220456357703
上流,shàng liú,upper class,7.0,"b,n",一,-0.04900298194609373
上游,shàng yóu,upper echelon ; upper level ; upper reaches (of a river) ; upstream,7.0,f,一,2.8717373383640674
上演,shàng yǎn,a screening ; a staging ; to screen (a movie) ; to stage (a play),6.0,"v,vn",一,-0.7046052947505679
上涨,shàng zhǎng,to go up ; to rise,5.0,"v,vn",一,0.6330510453728507
上班,shàng bān,to be on duty ; to go to the office ; to go to work ; to start work,1.0,"v,vn",一,-1.1334439979360236
上当,shàng dàng,taken in (by sb's deceit) ; to be duped ; to be fooled,6.0,v,一,-0.4219675216432152
上瘾,shàng yǐn,to become addicted ; to get into a habit,7.0,"v,vn",一,-0.3057215846327092
上空,shàng kōng,in the sky ; overhead,7.0,"s,n",一,3.2222506078402025
上级,shàng jí,higher authorities ; superiors,5.0,n,一,-0.5649373416072833
上衣,shàng yī,jacket ; upper outer garment,3.0,n,一,0.6865464496160844
上诉,shàng sù,appeal ; to appeal (a judicial case),7.0,"v,vn",一,-1.3569764974410097
上课,shàng kè,to attend class ; to go to class ; to go to teach a class,1.0,"v,vn",一,-1.612795578120859
上车,shàng chē,"to get on or into (a bus, train, car etc)",1.0,v,一,-0.5364026218557268
上述,shàng shù,above-mentioned ; aforementioned,7.0,b,一,0.14434952719003602
上边,shàng bian,above ; above-mentioned ; overhead ; the top ; the top margin ; those higher up ; upwards,1.0,"f,n",一,6.135665031467183
上门,shàng mén,"(of a shop) to close ; to drop in ; to go and live with one's wife's family, in effect becoming a member of her family ; to lock a door ; to visit",4.0,"v,vn",一,-0.6559268401180987
上限,shàng xiàn,upper bound,7.0,n,一,0.8310785235079695
上面,shàng miàn,above-mentioned ; also pr. [shàng mian] ; on top of,3.0,f,一,-1.0009127897263117
上头,shàng tou | shàng tóu,(of a prostitute) to receive a patron for the first time ; (of alcohol) to go to one's head ; (old) (of a bride-to-be) to bind one's hair into a bun ; above ; on the surface of ; on top of,7.0,f,一,2.2421372126698165
下令,xià lìng,to command ; to give an order,7.0,v,一,0.2552459704960461
下来,xià lai,"(after verb of motion, indicates motion down and towards us, also fig.) ; (completed action marker) ; (indicates continuation from the past towards us) ; to be harvested (of crops) ; to be over (of a period of time) ; to come down ; to go among the masses (said of leaders)",3.0,v,一,0.04696903235618013
下午,xià wǔ,afternoon ; p.m.,1.0,t,一,-1.4158213953887404
下去,xià qù,(of a servant) to withdraw ; to continue ; to descend ; to go down ; to go on,3.0,v,一,0.3898601839428469
下场,xià chang | xià chǎng,"the end ; to conclude ; to leave (the stage, an exam room, the playing field etc) ; to take an examination (in the imperial examination system) ; to take part in some activity",7.0,"n,v",一,-0.7209023587342326
下属,xià shǔ,subordinate ; underling,7.0,"v,vn,n",一,-0.8898861585929823
下山,xià shān,(of the sun or moon) to set ; to go down a hill,7.0,v,一,1.2757883488417614
下岗,xià gǎng,"(of a guard, sentry etc) to come off duty ; (of a worker) be to laid off",7.0,"v,vn",一,1.450358432490724
下手,xià shǒu,the seat to the right of the main guest ; to put one's hand to ; to set about ; to start,7.0,"v,n",一,0.8423930717001757
下旬,xià xún,last third of the month,7.0,t,一,2.5234849002884476
下棋,xià qí,to play chess,7.0,v,一,0.2068160987337554
下楼,xià lóu,to go downstairs,4.0,,一,-0.05069542370122755
下次,xià cì,next time,1.0,t,一,-1.2869354463439318
下海,xià hǎi,"(fig.) to take the plunge (e.g. leave a secure job, or enter prostitution etc) ; to enter the sea (to swim etc) ; to go out to sea",7.0,v,一,0.3163158542926408
下游,xià yóu,downstream ; lower echelon ; lower level ; lower reaches (of a river),7.0,"f,n,s",一,1.6856196292387888
下班,xià bān,to finish work ; to get off work,1.0,"v,vn",一,0.41122278040745563
下级,xià jí,low level ; low ranking ; subordinate ; underclass,7.0,n,一,-0.14858487705989606
下落,xià luò,to drop ; to fall ; whereabouts,7.0,"n,v",一,0.13286941281713693
下课,xià kè,(fig.) (esp. of a sports coach) to be dismissed ; to be fired ; to finish class ; to get out of class,1.0,"v,vn",一,-1.2966995333927809
下跌,xià diē,to fall ; to tumble,7.0,v,一,0.6887596426804896
下车,xià chē,"to get off or out of (a bus, train, car etc)",1.0,"v,vn",一,-0.7864934381335837
下乡,xià xiāng,to go to the countryside,7.0,v,一,1.521038629939934
下降,xià jiàng,to decline ; to decrease ; to drop ; to fall ; to go down,4.0,"v,vn",一,-1.1079271837816973
下雨,xià yǔ,to rain,1.0,v,一,-1.1705475287216507
下雪,xià xuě,to snow,2.0,v,一,-0.8638250075604683
不久,bù jiǔ,before too long ; not long (after) ; soon ; soon after,2.0,"m,d,t",一,-0.7779010415305955
不但,bù dàn,not only (... but also ...),2.0,c,一,0.413305785644543
不便,bù biàn,inappropriate ; inconvenient ; short of cash ; unsuitable,6.0,"an,a,ad,v",一,0.2877929273255433
不仅,bù jǐn,"(as a correlative conjunction) not only (..., but also ...) ; not just; not limited to",3.0,c,一,-0.06838917543201538
不免,bù miǎn,inevitably,5.0,d,一,2.097403727045587
不再,bù zài,no longer ; no more,6.0,d,一,0.8518849903099307
不准,bù zhǔn,not to allow ; to forbid ; to prohibit,7.0,v,一,0.9173694674508787
不利,bù lì,detrimental ; disadvantageous ; harmful ; unfavorable,5.0,a,一,0.4700440927862691
不同,bù tóng,different ; distinct ; not alike ; not the same,2.0,"a,an",一,-0.3019461376404865
不堪,bù kān,cannot bear ; cannot stand ; extremely ; utterly,7.0,v,一,0.07013067283432449
不够,bù gòu,inadequate ; insufficient ; not enough,2.0,a,一,-0.4312226501672502
不如,bù rú,inferior to ; it would be better to ; not as good as ; not equal to,2.0,"v,c",一,-1.1449005267400065
不妨,bù fáng,might as well ; there is no harm in,7.0,"d,v",一,-0.34061192235392956
不安,bù ān,disturbed ; restless ; uneasy ; unpeaceful ; unstable ; worried,3.0,"a,an",一,0.21917214954450498
不宜,bù yí,inadvisable ; inappropriate ; not suitable,7.0,v,一,2.157917481179536
不容,bù róng,cannot ; cannot tolerate ; must not ; to not allow,7.0,v,一,2.9040121267544716
不对,bù duì,abnormal ; amiss ; incorrect ; queer ; wrong,1.0,a,一,-0.3492161117413752
不少,bù shǎo,a lot ; many ; not few,2.0,m,一,0.2700873828102981
不屑,bù xiè,to disdain to do sth ; to feel it beneath one's dignity ; to think sth not worth doing,7.0,v,一,0.03509835450132748
不平,bù píng,dissatisfied ; grievance ; indignant ; injustice ; uneven ; unfairness ; wrong,7.0,"a,an",一,1.8225536380083969
不幸,bù xìng,adversity ; misfortune ; sad ; unfortunate ; unfortunately,5.0,"a,n,ad",一,-0.28373163460042716
不必,bù bì,does not have to ; need not ; not necessarily,3.0,d,一,0.49141848203533633
不惜,bù xī,not hesitate (to do sth) ; not scruple (to do sth) ; not spare ; not stint,7.0,v,一,0.046696863917087106
不慎,bù shèn,inattentive ; incautious,7.0,d,一,0.23833334572916695
不料,bù liào,to one's surprise ; unexpectedly,6.0,d,一,0.9241510272558723
不断,bù duàn,constant ; continuous ; unceasing ; uninterrupted,3.0,d,一,-0.5891404847039705
不时,bù shí,frequently ; from time to time ; now and then ; occasionally,5.0,d,一,1.4085681399216505
不曾,bù céng,hasn't ever ; hasn't yet,5.0,d,一,8.55739147873934
不服,bù fú,not to accept sth ; not to give in to ; to refuse to accept as final ; to refuse to obey or comply ; to remain unconvinced by ; to want to have sth overruled or changed,7.0,v,一,1.4769049564791359
不满,bù mǎn,discontented ; dissatisfied ; resentful,2.0,"an,a,v",一,-0.416393030637457
不然,bù rán,How about ...? ; if not ; no ; not so ; or else ; otherwise,4.0,"c,v,a",一,0.9947128296622232
不理,bù lǐ,to ignore ; to pay no attention to ; to refuse to acknowledge ; to take no notice of,7.0,v,一,0.6489339603056442
不用,bù yòng,need not,1.0,d,一,-0.7026524773407983
不知,bù zhī,"fig. not to admit (defeat, hardships, tiredness etc) ; not to know ; unaware ; unknowingly",7.0,v,一,-0.9419494967357205
不禁,bù jīn,can't help (doing sth) ; can't refrain from,6.0,d,一,3.569650695046889
不管,bù guǎn,no matter ; not to be concerned ; regardless of,4.0,"c,v",一,0.34079116582842267
不肯,bù kěn,Refuse,7.0,v,一,-0.7043567118803908
不良,bù liáng,bad ; harmful ; unhealthy,5.0,a,一,0.5010523812568677
不行,bù xíng,be no good ; be out of the question ; not be capable ; not work ; won't do,2.0,a,一,0.4406334365968622
不要,bù yào,don't! ; must not,2.0,d,一,-1.1600141074933517
不解,bù jiě,indissoluble ; to be puzzled by ; to not understand,7.0,v,一,1.2458333557741648
不许,bù xǔ,can't ; must not ; not to allow,5.0,d,一,0.8857338254126066
不论,bù lùn,"no matter what (who, how etc) ; not to discuss ; regardless of ; whatever",3.0,c,一,1.070860915858787
不足,bù zú,cannot ; deficiency ; inadequate ; insufficient ; lacking ; not enough ; not worth ; should not,5.0,"v,an,a",一,-0.6634777341025425
不过,bù guò,anyway (to get back to a previous topic) ; but ; cannot be more (after adjectival) ; however ; merely ; no more than ; only,2.0,"c,d,u",一,-1.295267467292283
不适,bù shì,indisposed ; out of sorts ; unwell,7.0,a,一,1.3007726189023547
不错,bù cuò,correct ; not bad ; pretty good ; right,2.0,a,一,-0.8672216838551947
不顾,bù gù,in spite of; regardless of,5.0,v,一,0.7800331024148597
世代,shì dài,age ; era ; for many generations ; generation,7.0,n,一,-0.48849350140270764
世故,shì gu | shì gù,sophisticated ; the ways of the world ; worldly-wise,7.0,"a,an,n",一,-0.08009428710617679
世界,shì jiè,world,3.0,n,一,-1.5647562698405204
世纪,shì jì,century,3.0,n,一,-0.8398822401184168
世袭,shì xí,hereditary ; inheritance ; succession,7.0,vn,一,0.3461170739640025
丢失,diū shī,to lose; to misplace,7.0,"v,vn",一,-0.048600625679681334
丢掉,diū diào,to cast away ; to discard ; to lose ; to throw away,7.0,v,一,-0.5871758745097422
丢弃,diū qì,to abandon ; to discard,7.0,v,一,0.20539582541771467
丢脸,diū liǎn,humiliation ; to lose face,7.0,a,一,0.046945446787264054
并且,bìng qiě,and ; besides ; furthermore ; in addition ; moreover,3.0,c,干,-0.568949578685224
并列,bìng liè,to be juxtaposed ; to stand side by side,7.0,v,干,1.2964646278164034
并行,bìng xíng,"side by side (of two processes, developments, thoughts etc) ; to proceed in parallel",7.0,"vn,v",干,2.5332489873372968
丫头,yā tou,"(used deprecatingly, but sometimes also as a term of endearment) ; girl ; servant girl",7.0,n,丨,-0.5252064687063797
中介,zhōng jiè,agency ; agent ; inter- ; intermediate ; to act as intermediary ; to link,4.0,n,丨,0.3599287764441674
中午,zhōng wǔ,midday ; noon,1.0,t,丨,-0.9653715128685004
中型,zhōng xíng,medium sized,7.0,b,丨,2.33325689900795
中外,zhōng wài,Chinese-foreign ; Sino-foreign ; home and abroad,6.0,b,丨,5.419051798788406
中央,zhōng yāng,center ; central ; central authorities (of a state) ; middle,5.0,n,丨,0.7156967301508552
中学,zhōng xué,middle school,1.0,n,丨,-1.615138959012582
中年,zhōng nián,middle age,2.0,t,丨,-0.24440311796593597
中庸,Zhōng yōng | zhōng yōng,"(literary) (of person) mediocre ; golden mean (Confucianism) ; ordinary ; the Doctrine of the Mean, one of the Four Books 四书",7.0,n,丨,0.21385803419338367
中心,zhōng xīn,center ; core ; heart,2.0,n,丨,-1.0830731015484192
中文,Zhōng wén,Chinese language,1.0,nz,丨,-1.5354640086939728
中断,zhōng duàn,to break off ; to cut short ; to discontinue ; to interrupt,5.0,"v,vn",丨,-0.47469359170700004
中旬,zhōng xún,middle third of a month,7.0,t,丨,3.4476529080654754
中期,zhōng qī,"medium-term (plan, forecast etc) ; middle (of a period of time)",6.0,f,丨,0.21292313383324127
中止,zhōng zhǐ,to break off ; to cease ; to discontinue ; to stop ; to suspend,7.0,"v,vn",丨,0.04095680673063758
中毒,zhòng dú,to be poisoned,5.0,"v,vn",丨,-0.3674424075658933
中奖,zhòng jiǎng,to win a prize (in a lottery etc),4.0,"v,vn",丨,-1.2523054842773471
中立,zhōng lì,neutral ; neutrality,7.0,"v,vn",丨,-0.3002536958853527
中等,zhōng děng,medium,6.0,b,丨,-0.5961706273791415
中华,Zhōng huá,China (alternate formal name),6.0,nz,丨,-0.11265303672013127
中药,zhōng yào,traditional Chinese medicine,5.0,n,丨,-0.8643457588697413
中途,zhōng tú,midway,7.0,"d,s",丨,-0.8707249624083229
中部,zhōng bù,central section ; middle part,3.0,f,丨,0.8697207226524952
中医,Zhōng yī,a doctor trained in Chinese medicine ; traditional Chinese medical science,2.0,n,丨,-1.1918983324018007
中间,zhōng jiān,during; in the meantime ; in the middle; within; between; among ; the middle; the inside,1.0,f,丨,-1.1115842357310595
中餐,zhōng cān,Chinese food ; Chinese meal ; lunch,2.0,n,丨,1.0587416551337558
主人,zhǔ rén,host ; master ; owner,2.0,n,丶,-1.4186855275897365
主任,zhǔ rèn,director ; head,3.0,n,丶,0.16359374006418248
主力,zhǔ lì,main force ; main strength of an army,7.0,n,丶,0.8776739729033513
主动,zhǔ dòng,active ; drive (of gears and shafts etc) ; opposite: passive 被动 ; spontaneous ; to do sth of one's own accord ; to take the initiative,3.0,"ad,a,an",丶,-1.4210289084814611
主妇,zhǔ fù,hostess ; housewife ; the lady of the house ; woman of senior authority in a household,7.0,n,丶,-0.44437162072636693
主宰,zhǔ zǎi,master ; to dictate ; to dominate ; to rule,7.0,"v,vn",丶,1.7705851093396032
主导,zhǔ dǎo,dominant ; leading ; prevailing ; to direct ; to dominate ; to lead,5.0,"n,v",丶,-0.022042308906810613
主席,zhǔ xí,chairman ; chairperson ; premier,4.0,n,丶,-1.1307100535623453
主张,zhǔ zhāng,assertion ; position ; proposition ; stand ; to advocate ; to stand for ; view ; viewpoint,3.0,"v,n",丶,-1.0304654265274948
主意,zhǔ yi,Beijing pr. [zhú yi] ; decision ; idea ; plan,3.0,n,丶,-0.5709259816639097
主持,zhǔ chí,(TV) anchor ; to host (a TV or radio program etc) ; to manage or direct ; to preside over ; to stand for (justice etc) ; to take charge of ; to uphold,3.0,"v,vn",丶,-1.1958039672213399
主权,zhǔ quán,sovereignty,7.0,n,丶,-0.19858879553446146
主流,zhǔ liú,fig. the essential point ; main stream (of a river) ; main viewpoint of a matter ; mainstream (culture etc),6.0,n,丶,0.050093540211811984
主演,zhǔ yǎn,lead actor ; to act the leading role (in a movie or a play) ; to star,7.0,,丶,-0.7586332430875343
主管,zhǔ guǎn,in charge ; manager ; person in charge ; responsible for,5.0,"vn,n,v",丶,-0.09312486262243296
主编,zhǔ biān,editor in chief,7.0,"n,v",丶,0.5195154671671042
主义,zhǔ yì,-ism ; ideology,7.0,n,丶,-0.36145376750926683
主要,zhǔ yào,main ; major ; primary ; principal,2.0,"b,d",丶,-0.9931133128716894
主观,zhǔ guān,subjective,5.0,"a,n",丶,-1.2431923363650874
主角,zhǔ jué,leading role; lead ; protagonist,6.0,n,丶,-1.1708196971607436
主办,zhǔ bàn,to host (a conference or sports event) ; to organize,5.0,"v,vn",丶,-0.46350923134211164
主题,zhǔ tí,subject ; theme,4.0,n,丶,-1.1766663566055966
主食,zhǔ shí,staple food,7.0,n,丶,1.9013172735357797
主体,zhǔ tǐ,agent ; body ; bulk ; main part ; subject,5.0,n,丶,-0.12006195009279845
乃至,nǎi zhì,and even ; to go so far as to,7.0,c,丿,6.147523916537579
久违,jiǔ wéi,(haven't done sth) for a long time ; a long time since we last met,7.0,v,丿,0.7446102205999078
之下,zhī xià,beneath ; less than ; under,5.0,f,丿,5.257204743863228
之中,zhī zhōng,among ; during ; in the midst of (doing sth) ; inside,5.0,f,丿,5.5944978188752215
之内,zhī nèi,inside ; within,5.0,f,丿,6.158222903946571
之前,zhī qián,ago ; before ; beforehand ; previously ; prior to,4.0,f,丿,-0.13961370975941292
之外,zhī wài,excluding ; outside,5.0,f,丿,3.2383344673070664
之后,zhī hòu,(at the beginning of a sentence) afterwards; since then ; after; behind,4.0,"f,t",丿,-1.0084636837107541
之间,zhī jiān,"(after a noun) between; among; amid ; (used after certain bisyllabic words to form expressions indicating a short period of time, e.g. 弹指之间)",4.0,f,丿,-0.16655079722977845
乖巧,guāi qiǎo,clever (child) ; cute ; lovable ; smart,7.0,a,丿,-0.9228000933355184
乘坐,chéng zuò,to ride (in a vehicle),5.0,v,丿,0.9916001145910487
乘客,chéng kè,passenger,5.0,n,丿,-0.9862133580238363
乘车,chéng chē,to drive ; to motor ; to ride (in a car or carriage),5.0,v,丿,-0.28620520331946825
乞丐,qǐ gài,beggar,7.0,n,乙,-0.41026240996905383
乞求,qǐ qiú,to beg,7.0,v,乙,1.532376763701058
乞讨,qǐ tǎo,to beg ; to go begging,7.0,"v,vn",乙,1.749920623149416
也好,yě hǎo,(reduplicated) regardless of whether ... or ... ; may as well ; that's fine,5.0,"y,d",乚,1.6535698381496473
也许,yě xǔ,maybe ; perhaps,2.0,d,乚,-0.5021750160555547
干旱,gān hàn,arid ; drought ; dry,7.0,"an,a",十,1.8344125230787909
干杯,gān bēi,Bottoms up! ; Cheers! (proposing a toast) ; Here's to you! ; lit. dry cup ; to drink a toast,2.0,v,十,-0.9427306236996277
干净,gān jìng,clean ; neat,1.0,"a,ad",十,-0.43448913863465727
干燥,gān zào,"arid ; desiccation ; dull ; to dry (of weather, paint, cement etc) ; uninteresting",7.0,"a,an,ad",十,0.012706048202633062
干脆,gān cuì,candid ; direct and to the point ; just ; might as well ; simply,5.0,"d,a",十,-0.43644195604442826
了却,liǎo què,to resolve ; to settle,7.0,v,亅,5.776654174862005
了结,liǎo jié,to conclude ; to finish ; to settle ; to wind up,7.0,v,亅,0.7785892435299031
予以,yǔ yǐ,to apply ; to give ; to impose,7.0,v,亅,6.121533522211814
事件,shì jiàn,event ; happening ; incident,3.0,n,亅,-0.5851046620571121
事先,shì xiān,before the event ; beforehand ; in advance ; prior,4.0,d,亅,1.6343020397065848
事务,shì wù,"(political, economic etc) affairs ; transaction (as in a computer database) ; work",7.0,n,亅,-0.7579940967354023
事宜,shì yí,arrangements ; matters,7.0,n,亅,2.0135391806838863
事实,shì shí,fact,3.0,n,亅,-1.166523498859251
事后,shì hòu,after the event ; in hindsight ; in retrospect,6.0,t,亅,0.06985850439523145
事情,shì qing,affair; matter; thing; business,2.0,n,亅,-0.33242188201735506
事态,shì tài,existing state of affairs ; situation,7.0,n,亅,-0.16889417812150306
事故,shì gù,accident,3.0,n,亅,0.3277605903121665
事业,shì yè,"(charitable, political or revolutionary) cause ; activity ; career ; occupation ; project ; publicly funded institution, enterprise or foundation ; undertaking",3.0,n,亅,-1.2099944403990008
事物,shì wù,thing; object,4.0,n,亅,-1.2056982420975066
事迹,shì jì,deed ; important event of the past ; past achievement,7.0,n,亅,0.8085442365974984
事项,shì xiàng,item ; matter,7.0,n,亅,0.6984053346864809
二手,èr shǒu,"assistant ; indirectly acquired ; second-hand (information, equipment etc)",4.0,b,二,-0.4174109476870853
互信,hù xìn,mutual trust,7.0,"v,vn",二,-0.42835851796625407
互助,Hù zhù | hù zhù,"Huzhu Tuzu autonomous county in Haidong prefecture 海东地区, Qinghai ; to help each other",7.0,"vn,v",二,-1.1106611281553755
互动,hù dòng,interactive ; to interact,6.0,"vn,v",二,-0.8276445843505266
互相,hù xiāng,each other ; mutual ; mutually,3.0,"d,b",二,-0.19101431598110297
互补,hù bǔ,complementary ; to complement each other,7.0,"v,vn",二,0.5083311068022169
亚军,yà jūn,runner-up ; second place (in a sports contest),5.0,n,一,0.4213538453693412
交付,jiāo fù,to deliver ; to hand over,7.0,"v,vn",亠,1.2230386932090578
交代,jiāo dài,(jocular) to come to a bad end ; to confess; to account for oneself ; to explain; to give an account; to brief ; to give instructions; to tell (sb to do sth) ; to transfer (duties to sb else),5.0,"v,vn",亠,-0.4951330805959249
交叉,jiāo chā,to cross ; to intersect ; to overlap,7.0,"v,vn,d",亠,1.408710120533427
交往,jiāo wǎng,(interpersonal) relationship ; association ; contact ; to associate (with) ; to date ; to hang out (with) ; to have contact (with),3.0,"vn,v",亠,-0.26575392164608597
交情,jiāo qing,friendly relations ; friendship,7.0,n,亠,0.002693378283606967
交接,jiāo jiē,(of two things) to come into contact ; to associate with ; to hand over to ; to have friendly relations with ; to have sexual intercourse ; to meet ; to take over from,7.0,"vn,v",亠,-0.029321034452159955
交换,jiāo huàn,commutative (math) ; to commute ; to exchange ; to swap ; to switch (telecom),4.0,"v,vn",亠,-0.006431562413110157
交易,jiāo yì,to deal; to trade; to transact ; transaction; deal,3.0,"n,vn,v",亠,-1.2176755222107627
交替,jiāo tì,alternately; in turn ; to replace,7.0,"v,d,vn",亠,0.10019226816032188
交流,jiāo liú,communication ; exchange ; interaction ; to exchange ; to have social contact (with sb),3.0,"vn,v",亠,-0.4552956054366196
交涉,jiāo shè,to have dealings (with) ; to negotiate (with),7.0,"v,vn",亠,0.073397161301733
交界,jiāo jiè,common border ; common boundary,7.0,"v,vn",亠,0.41291522216258947
交纳,jiāo nà,to pay (taxes or dues),7.0,v,亠,3.7302788883883706
交给,jiāo gěi,to give; to deliver; to hand over,2.0,v,亠,-0.8673400788980538
交谈,jiāo tán,chat; discussion ; to discuss; to converse,7.0,"v,vn",亠,-0.7368918759254293
交通,jiāo tōng,communications ; liaison ; to be connected ; traffic ; transportation,2.0,n,亠,-1.3616632592244575
交际,jiāo jì,communication ; social intercourse,4.0,"v,vn",亠,0.1878204687297859
享受,xiǎng shòu,pleasure ; to enjoy ; to live it up,5.0,"v,vn",亠,-1.1246030184628582
享有,xiǎng yǒu,"to enjoy (rights, privileges etc)",7.0,v,亠,1.2302108164960055
京剧,Jīng jù,Beijing opera,3.0,n,亠,0.09212062286660652
亮相,liàng xiàng,"(fig.) to make a public appearance ; (of a product) to appear on the market or at a trade show etc ; to come out in public (revealing one's true personality, opinions etc) ; to strike a pose (Chinese opera)",7.0,v,亠,0.510804675521258
亮丽,liàng lì,bright and beautiful,7.0,a,亠,-0.06240053537538743
人事,rén shì,(euphemism) sexuality ; human affairs ; human resources ; personnel ; the facts of life ; ways of the world,7.0,n,人,-0.19491995080064203
人们,rén men,people,2.0,n,人,-0.8147441966615868
人力,rén lì,labor power ; manpower,5.0,n,人,-0.9958354644609088
人口,rén kǒu,people ; population,2.0,n,人,-1.1046842808832062
人品,rén pǐn,appearance ; bearing ; character ; looks (colloquial) ; moral quality ; moral standing ; personality,7.0,n,人,-0.852510459368262
人员,rén yuán,crew ; personnel ; staff,3.0,n,人,-0.23790551938449533
人士,rén shì,figure ; person ; public figure,5.0,n,人,-0.1144638735181256
人家,rén jia | rén jiā,"I, me (referring to oneself as ""one"" or ""people"") ; dwelling ; family ; he, she or they ; house of woman's husband-to-be ; household ; household business ; other people ; sb else ; sb else's house",4.0,"r,n",人,-1.2533469868958917
人工,rén gōng,artificial ; manpower ; manual work,3.0,"b,d,n",人,0.04135916299704851
人性,rén xìng,human ; human nature ; humanity ; the totality of human attributes,7.0,n,人,-1.5950900336056124
人情,rén qíng,a good turn ; favor ; friendship ; human emotions ; social relationship,7.0,n,人,-0.8867616507373504
人手,rén shǒu,human hand ; manpower ; staff,7.0,n,人,-0.9793134031759831
人才,rén cái,attractive looks ; looks ; talent ; talented person,3.0,n,人,-0.47940393905936396
人数,rén shù,number of people,2.0,n,人,-1.0932159592947646
人文,rén wén,culture ; human affairs ; humanities,7.0,n,人,1.052918581257822
人格,rén gé,dignity ; integrity ; personality,7.0,n,人,-0.36184433099122043
人权,rén quán,human rights,6.0,n,人,-0.6095917663773528
人次,rén cì,classifier for number of people participating ; person-times ; visits,7.0,qv,人,6.472070377256866
人民,rén mín,the people,3.0,n,人,-1.3153163926992544
人为,rén wéi,artificial ; having human cause or origin ; human attempt or effort ; man-made,7.0,"b,d",人,0.7679138416898273
人物,rén wù,"character (in a play, novel etc) ; figure painting (as a genre of traditional Chinese painting) ; person; personage; figure (esp. sb of importance)",5.0,n,人,-0.7953462103912063
人生,rén shēng,life (one's time on earth),3.0,n,人,-1.443941966089427
人群,rén qún,crowd,3.0,n,人,-0.5106254320467648
人质,rén zhì,hostage,7.0,n,人,-0.7773802902213239
人身,rén shēn,human body ; person ; personal,7.0,n,人,0.8850828862760172
人造,rén zào,artificial ; man-made ; synthetic,7.0,b,人,-0.02308381152535506
人道,rén dào,"human sympathy ; humane ; humanitarianism ; sexual intercourse ; the ""human way"", one of the stages in the cycle of reincarnation (Buddhism)",7.0,n,人,-0.2683576781924463
人选,rén xuǎn,candidate ; choice of person,7.0,n,人,0.2967758874104852
人间,rén jiān,the earth ; the human world,5.0,n,人,0.21917214954450498
人类,rén lèi,human race ; humanity ; mankind,3.0,n,人,-1.8710882275197476
人体,rén tǐ,human body,7.0,n,人,-0.263280352927045
什么,shén me,anything ; something ; what?,1.0,r,亻,-0.1736045254738681
仁慈,rén cí,benevolent ; charitable ; kind ; kindly ; kindness ; merciful,7.0,a,亻,-0.607745551225985
仇人,chóu rén,foe ; one's personal enemy,7.0,n,亻,-1.228090548396201
仇恨,chóu hèn,enmity ; hatred ; hostility ; to hate,7.0,"n,vn,v",亻,-0.7365131052279345
今天,jīn tiān,at the present ; now ; today,1.0,t,人,-1.391109293767239
今年,jīn nián,this year,1.0,t,人,-0.9981788453526335
今后,jīn hòu,from now on ; henceforth ; hereafter ; in the future,2.0,t,人,-0.29805229560540625
今日,jīn rì,today,5.0,t,人,-1.582461814355767
介入,jiè rù,to intervene; to get involved,7.0,"v,vn",人,0.0796225914440806
介意,jiè yì,to care about ; to mind ; to take offense,7.0,v,人,-0.5496935730266204
介绍,jiè shào,introduction ; to give a presentation ; to introduce (sb to sb) ; to present (sb for a job etc),1.0,"v,vn",人,-1.3340634398330438
仍然,réng rán,still; as before; yet,3.0,d,亻,-0.985041667577974
仍旧,réng jiù,still (remaining) ; to remain (the same) ; yet,5.0,d,亻,-0.3938587437269873
仔细,zǐ xì,careful; attentive; cautious ; to be careful; to look out,5.0,"ad,a",亻,-0.5843117423087475
他人,tā rén,another person; sb else; other people,7.0,r,亻,0.2820528701390925
他们,tā men,they,1.0,r,亻,-1.5259602972997595
付出,fù chū,to pay; to expend; to invest (energy or time),4.0,"v,vn",亻,-0.9053667172593648
付款,fù kuǎn,payment ; to pay a sum of money,7.0,"v,vn",亻,-1.508645316266468
仙女,xiān nǚ,fairy,7.0,n,亻,-0.4874637915686205
代价,dài jià,consideration (in share dealing) ; cost ; price,5.0,n,亻,-1.1264138552608527
代替,dài tì,to replace ; to take the place of,4.0,v,亻,0.1755828129618957
代理,dài lǐ,(computing) proxy ; surrogate ; to act as an agent or proxy ; to act on behalf of sb in a responsible position,5.0,"vn,v",亻,0.17857713299020966
代号,dài hào,code name,7.0,n,亻,0.21893535945878653
代表,dài biǎo,delegate ; in the name of ; on behalf of ; representative ; to represent ; to stand for,3.0,"n,v",亻,-0.32967614485921953
以上,yǐ shàng,(used to indicate that one has completed one's remarks) That is all. ; that amount or more ; that level or higher ; the above-mentioned,2.0,f,人,-0.3111894733800642
以下,yǐ xià,that amount or less ; that level or lower ; the following,2.0,f,人,1.3524453935631393
以来,yǐ lái,since (a previous event),3.0,f,人,0.7077788582533764
以便,yǐ biàn,in order to ; so as to ; so that,5.0,"d,c",人,5.1067194082680905
以免,yǐ miǎn,in order to avoid ; so as not to,7.0,"c,v",人,2.1829371295935065
以内,yǐ nèi,less than ; within,4.0,f,人,7.450822463033505
以前,yǐ qián,ago ; before ; formerly ; previous,2.0,f,人,-1.2309546805971971
以及,yǐ jí,and ; as well as ; too,4.0,cc,人,0.20370338366258087
以外,yǐ wài,apart from ; beyond ; except for ; external ; on the other side of ; other than ; outside of,2.0,f,人,0.28312975111101313
以往,yǐ wǎng,formerly ; in the past,5.0,t,人,0.7906849186860181
以后,yǐ hòu,after ; afterwards ; following ; in the future ; later ; later on,2.0,f,人,-1.1290176118072115
以为,yǐ wéi,to think (i.e. to take it to be true that ...) (Usually there is an implication that the notion is mistaken – except when expressing one's own current opinion.),2.0,v,人,-0.9748752242627139
以致,yǐ zhì,down to ; to such an extent as to ; up to,7.0,c,人,2.4749248406988373
仲裁,zhòng cái,arbitration,7.0,vn,亻,5.591515291631365
任何,rèn hé,any ; whatever ; whatsoever ; whichever,3.0,r,亻,-1.0805877400449193
任务,rèn wu,mission; assignment; task; duty; role,3.0,n,亻,-1.4052761813759842
任命,rèn mìng,(job) appointment ; to appoint,7.0,"v,vn",亻,0.615747857124015
任意,rèn yì,any ; arbitrary ; at random ; at will,7.0,"d,b",亻,-0.1595206545546075
任期,rèn qī,tenure (entire period in office) ; term of office,7.0,n,亻,1.2947839788457283
任职,rèn zhí,to hold a post; to take office,7.0,"v,vn",亻,0.051135042830356435
仿制,fǎng zhì,to copy ; to imitate ; to make by imitating a model,7.0,v,亻,1.3231649252010491
企图,qǐ tú,attempt ; to attempt ; to try,6.0,"v,vn",人,-0.8530194178930762
企业,qǐ yè,company; firm; enterprise; corporation,4.0,n,人,0.31149890468187524
休假,xiū jià,to go on vacation; to have a holiday; to take leave,2.0,"v,vn,n",亻,-0.7240032810209482
休克,xiū kè,shock (loanword) ; to go into shock,7.0,"vn,v",亻,0.38673567608721504
休息,xiū xi,rest ; to rest,1.0,"v,vn",亻,-1.49679822398053
休想,xiū xiǎng,don't imagine (that) ; don't think (that),7.0,v,亻,0.1797370306516132
休闲,xiū xián,idle ; leisure ; not working ; relaxation ; to enjoy leisure ; to lie fallow,5.0,"vn,v",亻,-1.0951687767045342
休养,xiū yǎng,to convalesce ; to recover ; to recuperate,7.0,"v,vn",亻,-0.7555087352319024
伙伴,huǒ bàn,companion ; comrade ; partner,4.0,n,亻,0.25653605598476775
伙食,huǒ shí,food ; meals,7.0,n,亻,0.46212622088878885
伯伯,bó bo,father's elder brother ; uncle,7.0,n,亻,-1.320914469273927
伯母,bó mǔ,(polite form of address for a woman who is about the age of one's mother) ; aunt ; wife of father's elder brother,7.0,n,亻,-0.670756459647892
伯父,bó fù,father's elder brother ; term of respect for older man,7.0,n,亻,-0.5998158865440462
估算,gū suàn,assessment ; evaluation,7.0,"v,vn",亻,0.8194800140922098
估计,gū jì,(coll.) to suppose ; to estimate ; to reckon,5.0,"v,vn",亻,-0.9326943682116854
伴侣,bàn lǚ,companion ; mate ; partner,7.0,n,亻,-0.5565935278744734
伴奏,bàn zòu,to accompany (musically),7.0,"v,vn",亻,-0.6947110198744008
伴随,bàn suí,concomitant ; to accompany ; to follow ; to occur together with,7.0,v,亻,0.27413499824161386
伸张,shēn zhāng,to promote ; to uphold (e.g. justice or virtue),7.0,"v,vn",亻,0.4566465393569751
伸手,shēn shǒu,(fig.) to beg ; to get involved ; to hold out a hand ; to meddle ; to reach out with one's hand,7.0,v,亻,-1.3702556558274444
伸缩,shēn suō,adjustable ; extensible ; flexible ; retractable ; telescoping (collapsible) ; to lengthen and shorten,7.0,"vn,v",亻,0.8448784332036756
伺候,cì hou,to serve; to wait upon,7.0,v,亻,0.8753305920116266
伺机,sì jī,to wait for an opportunity ; to watch for one's chance,7.0,d,亻,1.8649948697140613
似乎,sì hū,it seems; seemingly; as if,4.0,d,亻,-0.2567827543456028
似的,shì de,Taiwan pr. [sì de] ; rather like ; seems as if,4.0,u,亻,6.269498117950077
但是,dàn shì,but; however,2.0,c,亻,-1.2172849587288077
但愿,dàn yuàn,I wish (that) ; if only (sth were possible),7.0,v,亻,2.925078969211069
布局,bù jú,arrangement ; composition ; layout ; opening (chess jargon),7.0,"n,v",巾,-0.9889473023975145
布置,bù zhì,to arrange ; to decorate ; to deploy ; to fix up ; to put in order,4.0,"v,vn",巾,-0.34802083572659676
位子,wèi zi,place ; seat,7.0,n,亻,0.27895194785237803
位于,wèi yú,to be located at ; to be situated at ; to lie,4.0,v,亻,0.7611440746692921
位置,wèi zhi,place ; position ; seat,4.0,n,亻,-1.4771398620555136
低下,dī xià,low status ; lowly ; to lower (one's head),7.0,"a,an",亻,2.8563751747405455
低估,dī gū,to underestimate; to underrate,7.0,v,亻,0.10671345231068013
低价,dī jià,low price,7.0,"n,ad",亻,-0.15821877628142733
低于,dī yú,to be lower than,5.0,v,亻,0.09343429392424402
低温,dī wēn,low temperature,6.0,n,亻,-0.6694545813747117
低调,dī diào,low pitch ; low-key ; low-profile ; quiet (voice) ; subdued,7.0,n,亻,-1.2567318704061594
低迷,dī mí,blurred (landscape etc) ; in a slump (economy) ; low (spirits),7.0,"a,v",亻,2.234456130858055
低头,dī tóu,to bow the head ; to give in ; to yield,6.0,v,亻,-0.8112291253240014
住址,zhù zhǐ,address,7.0,n,亻,1.4595781826613856
住宅,zhù zhái,residence; dwelling; abode,6.0,n,亻,-1.1488061615595455
住宿,zhù sù,accommodation ; lodging ; to stay at,7.0,"v,vn",亻,-1.2332980614889204
住户,zhù hù,household ; householder ; inhabitant,7.0,n,亻,-0.05914583969243772
住房,zhù fáng,housing,2.0,n,亻,-0.04287236127768912
住处,zhù chù,residence; dwelling,7.0,n,亻,-0.08817772518434944
住院,zhù yuàn,to be hospitalized ; to be in hospital,2.0,"v,vn",亻,-1.0831914965912797
占据,zhàn jù,to hold ; to occupy,6.0,v,⺊,-0.5387460027474514
占有,zhàn yǒu,to account for (a high proportion etc) ; to have ; to hold ; to occupy ; to own ; to possess,5.0,"v,vn",⺊,-0.6050116068523067
占用,zhàn yòng,to occupy,7.0,v,⺊,-0.6466717115940637
占领,zhàn lǐng,to capture; to seize; to occupy by force,5.0,"v,vn",⺊,-0.9362212323337281
何必,hé bì,there is no need ; why should,7.0,"d,r",亻,0.36719570920505823
何时,hé shí,when,7.0,r,亻,-1.2339490006255112
何况,hé kuàng,besides ; let alone ; to say nothing of ; what's more,7.0,"c,d",亻,0.5984092905218061
何苦,hé kǔ,is it worth the trouble? ; why bother?,7.0,d,亻,0.7030920964699287
何处,hé chù,whence ; where,7.0,r,亻,-0.2238216484652359
佛教,Fó jiào,Buddhism,6.0,nz,亻,-0.33619732900957633
作出,zuò chū,"to come up with ; to deliver (speech, judgment) ; to devise (explanation) ; to draw (conclusion) ; to extract ; to issue (a permit, statement, explanation, apology, reassurance to the public etc) ; to make (a choice, decision, proposal, response, comment etc) ; to put out",4.0,v,亻,0.17857713299020966
作品,zuò pǐn,opus ; work (of art),3.0,n,亻,-0.4533663735957662
作客,zuò kè,to live somewhere as a visitor; to stay with sb as a guest; to sojourn,7.0,v,亻,-0.2544275806694209
作家,zuò jiā,author,2.0,n,亻,-0.7872863578819498
作对,zuò duì,to make a pair ; to oppose ; to set oneself against,7.0,v,亻,1.1868582699991146
作废,zuò fèi,to become invalid ; to cancel ; to delete ; to nullify,6.0,v,亻,0.6997072129596611
作弊,zuò bì,to cheat ; to engage in corrupt practices ; to practice fraud,7.0,"v,vn",亻,-1.0218730299245065
作战,zuò zhàn,combat ; to fight,6.0,"v,vn",亻,-0.3851243665122238
作文,zuò wén,composition (student essay) ; to write an essay,2.0,n,亻,-1.0753802269522001
作业,zuò yè,homework ; operation ; school assignment ; task ; to operate ; work,2.0,"n,v,vn",亻,-0.8519779152745318
作为,zuò wéi,accomplishment ; achievement ; activity ; as (in the capacity of) ; deed ; one's conduct ; qua ; to act as ; to look upon (sth as) ; to take sth to be ; to view as,4.0,"p,v",亻,-0.9044436096836809
作用,zuò yòng,"(suffix) -ation, -tion etc, as in 用, inhibition ; action ; activity ; effect ; function ; impact ; intent ; purpose ; result ; to act on ; to affect",2.0,"n,v",亻,-1.4798738064291919
作者,zuò zhě,author; writer,3.0,n,亻,-0.6918704732423223
作风,zuò fēng,style ; style of work ; way,7.0,n,亻,0.4270821097713334
你们,nǐ men,you (plural),1.0,r,亻,-0.9256760183209718
佩服,pèi fú,to admire,7.0,v,亻,-1.3365488013365436
佳节,jiā jié,festive day ; holiday,7.0,n,亻,-0.04847043785236346
使劲,shǐ jìn,to exert all one's strength,4.0,v,亻,1.1295756259791998
使命,shǐ mìng,a calling ; long-term task to which one devotes oneself ; mission,7.0,n,亻,-1.2696204653106404
使唤,shǐ huan,"(coll.) to handle (a draught animal, tool, machine etc) ; Taiwan pr. [shǐ huàn] ; to order sb around",7.0,v,亻,0.3838833366706777
使得,shǐ de,doable ; feasible ; to cause ; to make ; usable ; workable,5.0,v,亻,2.895538125194344
使用,shǐ yòng,to apply ; to employ ; to make use of ; to use,2.0,"v,vn",亻,-0.5135013570322183
使者,shǐ zhě,emissary ; envoy,7.0,n,亻,-0.03427996467470227
来信,lái xìn,incoming letter ; to send us a letter,5.0,"n,v",木,0.27219397361630165
来到,lái dào,to arrive; to come,1.0,v,木,-0.17579413296935611
来回,lái huí,back and forth ; repeatedly ; return journey ; to and fro ; to make a round trip,7.0,"v,n,d",木,-0.46466912900351515
来年,lái nián,next year ; the coming year,7.0,t,木,1.323306905812827
来往,lái wǎng,to be in relation with ; to come and go ; to have dealings with,6.0,"v,vn",木,0.04786855436294796
来源,lái yuán,origin ; source (of information etc),4.0,n,木,-0.509856097867315
来临,lái lín,to approach; to come closer,7.0,"v,vn",木,0.19171431076486764
来访,lái fǎng,to pay a visit,7.0,"v,vn",木,-0.3283860593704967
来宾,Lái bīn | lái bīn,Laibin prefecture-level city in Guangxi ; guest ; visitor,7.0,n,木,1.1752833461522736
来电,lái diàn,"(of electricity, after an outage) to come back ; incoming telephone call (or telegram) ; to have an instant attraction to sb ; to phone in; to send in a telegram",7.0,"v,n",木,-0.1917954429450102
例外,lì wài,exception ; to be an exception,5.0,"v,n",亻,-1.3003447925576859
例如,lì rú,for example; for instance; such as,2.0,v,亻,-1.583893880456265
例子,lì zi,(for) instance ; case ; example,2.0,n,亻,-1.321044657101245
侍候,shì hòu,to serve ; to wait upon,7.0,v,亻,0.11699829066880077
供奉,gòng fèng,a sacrifice (to a god) ; an offering (to one's ancestors) ; to consecrate ; to enshrine and worship,7.0,v,亻,-0.23775174598826135
供应,gōng yìng,to offer ; to provide ; to supply,4.0,"vn,v",亻,-0.7177660580941434
供求,gōng qiú,supply and demand (economics),7.0,n,亻,0.7756067162860476
供给,gōng jǐ,supply (as in supply and demand) ; to furnish ; to provide,6.0,"vn,v",亻,-0.5985022154864073
依据,yī jù,according to ; basis ; foundation,5.0,"n,p,v",亻,-0.4503602607829949
依次,yī cì,in order ; in succession,6.0,d,亻,3.960853323352987
依法,yī fǎ,according to law ; legal (proceedings),5.0,d,亻,0.3428741710655116
依然,yī rán,as before ; still,4.0,"d,z",亻,-0.437590060921373
依照,yī zhào,according to ; in light of,5.0,"p,v",亻,-0.7121561887350117
依旧,yī jiù,as before ; still,5.0,"z,d",亻,0.5208291382247444
依赖,yī lài,to be dependent on ; to depend on,6.0,"v,vn",亻,-1.0052089880278043
依靠,yī kào,to depend on ; to rely on sth (for support etc),4.0,"v,vn",亻,-0.36793957330625016
侮辱,wǔ rǔ,dishonor ; to humiliate ; to insult,7.0,"v,vn",亻,0.41291522216258947
侵占,qīn zhàn,to invade and occupy (territory),7.0,v,亻,0.06102931770652347
侵害,qīn hài,to encroach on ; to infringe on,7.0,"v,vn",亻,-0.5146612546936232
侵权,qīn quán,infringement ; to infringe the rights of ; to violate,7.0,"vn,v",亻,-0.2509007165473781
侵犯,qīn fàn,to assault ; to encroach on ; to infringe on ; to violate,6.0,"v,vn",亻,-1.0450464631871097
侵略,qīn lu:è,invasion ; to invade,7.0,"v,vn",亻,-0.5594458672910106
便利,biàn lì,convenient ; easy ; to facilitate,5.0,"a,an,v,vn",亻,-0.28331748554955744
便宜,biàn yí | pián yi,cheap ; convenient ; inexpensive ; small advantages ; to let sb off lightly,2.0,"a,v,an",亻,-0.19052894302520612
便捷,biàn jié,convenient and fast,7.0,a,亻,4.6821886961685895
便于,biàn yú,easy to; convenient for,5.0,v,亻,2.651057178275619
便是,biàn shì,(emphasizes that sth is precisely or exactly as stated) ; even ; exactly ; if ; in the same way as ; just like ; precisely,6.0,v,亻,1.4924091007144344
便条,biàn tiáo,(informal) note,5.0,n,亻,-0.2283900152058231
便饭,biàn fàn,an ordinary meal ; simple home cooking,7.0,n,亻,1.1196695583185756
促使,cù shǐ,to actuate ; to bring about ; to catalyze ; to contribute to (some development) ; to drive (sb to do sth) ; to impel ; to induce ; to promote ; to provoke ; to urge,4.0,v,亻,-0.7871443772701732
促成,cù chéng,to effect ; to facilitate,7.0,v,亻,0.2630572401351257
促进,cù jìn,boost ; to advance ; to promote (an idea or cause),4.0,"v,vn",亻,0.36720750198951674
促销,cù xiāo,to promote sales,4.0,"vn,v",亻,0.3841555051097723
俄语,É yǔ,Russian (language),7.0,nz,亻,1.7371504232877957
俊俏,jùn qiào,attractive and intelligent ; charming ; elegant,7.0,a,亻,0.42424156313925454
俗话,sú huà,common saying ; proverb,7.0,n,亻,0.6562244786354524
俗语,sú yǔ,colloquial speech ; common saying ; proverb,7.0,n,亻,-1.0613199416018582
俘获,fú huò,capture (physics: absorption of subatomic particle by an atom or nucleus) ; to capture (enemy property or personnel),7.0,v,亻,2.24838622838108
俘虏,fú lǔ,captive,7.0,"n,v",亻,0.6994468373050239
保佑,bǎo yòu,blessing ; to bless and protect,7.0,"v,vn",亻,0.215668870991378
保健,bǎo jiàn,health care ; health protection ; to maintain in good health,6.0,n,亻,0.020280527755993056
保姆,bǎo mǔ,housekeeper ; nanny,7.0,n,亻,-0.8626533171146075
保存,bǎo cún,to conserve ; to keep ; to preserve ; to save (a file etc) (computing),3.0,"v,vn",亻,-1.2111661308448634
保守,bǎo shǒu,conservative ; to guard ; to keep,4.0,"a,v,an",亻,-1.1136672409681467
保安,bǎo ān,public security ; security guard ; to ensure public security ; to ensure safety (for workers engaged in production),3.0,"b,n,v",亻,-1.5729581029615536
保密,bǎo mì,to keep sth confidential ; to maintain secrecy,4.0,"v,vn",亻,-0.6932907465583615
保持,bǎo chí,to hold ; to keep ; to maintain ; to preserve,3.0,"v,vn",亻,-0.8515873517925782
保暖,bǎo nuǎn,to keep warm,7.0,"a,an,v",亻,-1.1717192191675114
保留,bǎo liú,to have reservations (about sth) ; to hold back (from saying sth) ; to keep ; to put aside for later ; to retain,3.0,"v,vn",亻,-0.4682077859100167
保管,bǎo guǎn,certainly ; curator ; custodian ; surely ; to guarantee ; to have in one's care ; to hold in safekeeping,7.0,"v,vn",亻,-0.042895946846606366
保卫,bǎo wèi,to defend ; to safeguard,5.0,"v,vn",亻,0.6610532210306753
保证,bǎo zhèng,guarantee ; to ensure ; to guarantee ; to pledge ; to safeguard,3.0,"v,vn",亻,-0.5513860147817541
保护,bǎo hù,protection ; to defend ; to protect ; to safeguard,3.0,"v,vn",亻,-1.065616139903351
保重,bǎo zhòng,to take care of oneself,7.0,v,亻,-0.7228315905750874
保障,bǎo zhàng,to ensure ; to guarantee ; to safeguard,7.0,"vn,v",亻,-0.6356175390564931
保险,bǎo xiǎn,be bound to ; be sure ; insurance ; safe ; secure ; to insure,3.0,"n,a,v",亻,-1.7211118504494247
保养,bǎo yǎng,maintenance ; to keep in good repair ; to maintain ; to take good care of (or conserve) one's health,5.0,"v,vn",亻,-0.01397066361309673
侠义,xiá yì,chivalrous ; chivalry ; knight-errantry,7.0,a,亻,1.1130535646942754
信仰,xìn yǎng,conviction ; firm belief ; to believe in (a religion),6.0,"vn,n,v",亻,-0.7486205731685068
信件,xìn jiàn,letter (sent by mail),7.0,n,亻,-0.6038517091909033
信任,xìn rèn,to have confidence in ; to trust,3.0,"v,vn",亻,-0.6170124725344788
信封,xìn fēng,envelope,3.0,n,亻,-0.09260411131316146
信心,xìn xīn,confidence ; faith (in sb or sth),2.0,n,亻,-1.7510550507325615
信念,xìn niàn,belief ; conviction ; faith,5.0,n,亻,-0.27551800869493515
信息,xìn xī,information ; message ; news,2.0,n,亻,-0.4029718916392472
信用,xìn yòng,(commerce) credit ; (literary) to trust and appoint ; trustworthiness,6.0,"n,a",亻,-0.09208336000388999
信箱,xìn xiāng,mailbox ; post office box,5.0,n,亻,-0.6701291060802171
信号,xìn hào,signal,2.0,n,亻,-0.19180723572946898
信誉,xìn yù,distinction ; prestige ; reputation ; trust,7.0,n,亻,-0.2623690381358184
信贷,xìn dài,borrowed money ; credit,7.0,n,亻,0.338329389893839
信赖,xìn lài,to have confidence in ; to have faith in ; to rely on ; to trust,7.0,"v,vn",亻,-0.01984090862686413
修建,xiū jiàn,to build ; to construct,5.0,"v,vn",亻,-0.6186931215051538
修复,xiū fù,(computing) to repair (a corrupted file etc) ; to restore; to renovate,5.0,"v,vn",亻,-0.11773036198553265
修改,xiū gǎi,to alter ; to amend ; to modify,3.0,"v,vn",亻,-0.34244634472084
修正,xiū zhèng,to amend ; to revise,7.0,"v,vn",亻,-1.2107873601473669
修理,xiū lǐ,(coll.) to sort sb out ; to fix ; to fix sb ; to prune ; to repair ; to trim,4.0,"v,vn",亻,-0.884524872104029
修补,xiū bǔ,to mend,7.0,"v,vn",亻,0.6015573839463553
修订,xiū dìng,to revise,7.0,"v,vn",亻,-0.7298617332502584
修长,xiū cháng,lanky ; slender ; tall and thin,7.0,"a,nr",亻,0.754007329735719
修养,xiū yǎng,accomplishment ; self-cultivation ; training,5.0,n,亻,0.43307074982795984
俯首,fǔ shǒu,to bend one's head,7.0,v,亻,0.3784154479233227
仓库,cāng kù,depot ; storehouse ; warehouse,6.0,n,人,0.37216643221205903
个人,gè rén,individual ; oneself ; personal,3.0,n,丨,-1.6854403857642957
个别,gè bié,individually; one by one ; just one or two; exceptional; rare,4.0,"a,ad",丨,0.5005316299475961
个子,gè zi,build ; height ; size ; stature,2.0,n,丨,0.5382743070853538
个性,gè xìng,individuality ; personality,3.0,n,丨,-1.0190088977235119
个案,gè àn,individual case; special case,7.0,n,丨,-0.1320392302060544
个体,gè tǐ,individual,4.0,n,丨,2.2815959171316256
倒下,dǎo xià,to collapse ; to topple over,7.0,v,亻,-0.6551457131541915
倒塌,dǎo tā,to collapse (of building) ; to topple over,7.0,"v,vn",亻,0.05607038748398267
倒数,dào shù | dào shǔ,from the back (rows of seats) ; from the bottom (lines on a page) ; inverse number ; reciprocal (math.) ; to count backwards (from 10 down to 0) ; to count down,7.0,"v,vn",亻,-0.18516765653625167
倒车,dào chē | dǎo chē,"to change buses, trains etc ; to drive backwards ; to reverse (a vehicle)",4.0,"v,vn",亻,1.858627458959937
倒闭,dǎo bì,to close down ; to go bankrupt,4.0,"v,vn",亻,0.40951854586786307
倒霉,dǎo méi,to be out of luck ; to have bad luck,7.0,"a,an",亻,0.3850432343320812
倔强,jué jiàng,stubborn; obstinate; unbending,7.0,a,亻,-0.33891948059879573
幸免,xìng miǎn,to avoid (an unpleasant fate),7.0,v,干,0.33467233794447837
幸存,xìng cún,to survive (a disaster),7.0,"v,vn",干,1.205463336521129
倘若,tǎng ruò,if; supposing; in case,7.0,c,亻,0.05294587962835082
借助,jiè zhù,to draw support from ; with the help of,7.0,v,亻,0.33453035733270164
借口,jiè kǒu,excuse; pretext ; to use as an excuse,7.0,"n,v",亻,-0.8825838474787168
借条,jiè tiáo,IOU ; receipt for a loan,7.0,n,亻,8.16797610166232
借用,jiè yòng,to borrow an idea for one's own use ; to borrow sth for another use,7.0,"v,vn",亻,-0.6823549690636501
借鉴,jiè jiàn,lesson to be learned (by observing others) ; to draw on (others' experience) ; to learn from (how others do things),6.0,"v,vn",亻,1.1557669648390327
倡导,chàng dǎo,to advocate ; to be a proponent of (an idea or school of thought) ; to initiate ; to propose,5.0,v,亻,2.3821127126055703
倡议,chàng yì,initiative ; proposal ; to initiate ; to suggest,7.0,"n,v",亻,0.9242576295142745
伦理,lún lǐ,ethics,7.0,n,亻,1.3292955458694535
值得,zhí de,to be worth ; to deserve,3.0,v,亻,-1.2435828998470426
值班,zhí bān,on duty ; to work a shift,5.0,"v,vn",亻,0.03784409165946302
值钱,zhí qián,costly ; expensive ; valuable,7.0,a,亻,-0.4834279689217636
假使,jiǎ shǐ,given ... ; if ; in case ; suppose,7.0,c,亻,-0.5026839745803674
假冒,jiǎ mào,to counterfeit ; to impersonate ; to palm off (a fake as a genuine) ; to pose as (someone else),7.0,"v,vn",亻,0.909569990596259
假如,jiǎ rú,if,4.0,"c,v",亻,0.018304124777307404
假定,jiǎ dìng,assumption ; hypothesis ; so-called ; supposed ; to assume ; to suppose,7.0,"v,n",亻,1.0247980105571368
假日,jià rì,holiday ; non-working day,6.0,n,亻,1.101703638148693
假期,jià qī,vacation,2.0,t,亻,0.1952411748869119
假装,jiǎ zhuāng,to feign ; to pretend,7.0,v,亻,-0.492931680315977
假设,jiǎ shè,conjecture ; hypothesis ; if ; supposing that ... ; to assume ; to presume ; to suppose,7.0,"v,n",亻,-0.7042147312686142
伟大,wěi dà,huge; great; grand; worthy of the greatest admiration; important (contribution etc),3.0,a,亻,-0.05576095618217013
偏偏,piān piān,(indicates that sb or a group is singled out) precisely ; (indicates that sth is the opposite of what would be normal or reasonable) stubbornly ; (indicates that sth turns out just the opposite of what one would wish) unfortunately ; against reason ; as it happened ; contrarily ; of all people ; only,7.0,d,亻,0.19418787948391014
偏僻,piān pì,desolate ; far from the city ; remote,7.0,a,亻,-0.3222436459176347
偏向,piān xiàng,erroneous tendencies (Leftist or Revisionist deviation) ; partial towards sth ; to incline ; to prefer,7.0,"n,v",亻,-0.008360794253965029
偏差,piān chā,bias ; deviation,7.0,n,亻,-0.6173794504475162
偏方,piān fāng,folk remedy ; home remedy,7.0,n,亻,0.9341754899593588
偏见,piān jiàn,bias ; prejudice,7.0,n,亻,-0.6027984137879014
偏远,piān yuǎn,far from civilization ; remote,7.0,a,亻,0.40105633709219407
做到,zuò dào,to accomplish ; to achieve,2.0,v,亻,-1.4392552043059794
做梦,zuò mèng,fantasy ; fig. illusion ; pipe dream ; to dream ; to have a dream,4.0,v,亻,-0.856143925748708
做法,zuò fǎ,method for making ; practice ; recipe ; way of handling sth ; work method,2.0,n,亻,-0.5440837036674886
做饭,zuò fàn,to cook ; to prepare a meal,2.0,v,亻,-0.23437865526245108
停下,tíng xià,to stop,4.0,v,亻,-1.5350734452120194
停放,tíng fàng,to leave sth (in a place) ; to moor (a boat etc) ; to park (a car etc),7.0,v,亻,2.8054481486902962
停业,tíng yè,to cease trading (temporarily or permanently) ; to close down,7.0,v,亻,1.1625013535061934
停止,tíng zhǐ,to stop; to halt; to cease,3.0,v,亻,-1.1941115254662058
停泊,tíng bó,anchorage ; mooring (of a ship) ; to anchor,7.0,v,亻,-0.16642060940246056
停留,tíng liú,to stay somewhere temporarily ; to stop over,5.0,"v,vn",亻,-0.49682552235105876
停车,tíng chē,(of a machine) to stop working ; to park ; to pull up (stop one's vehicle) ; to stall,2.0,"v,vn",亻,-0.1957246633334669
停电,tíng diàn,power cut ; to have a power failure,7.0,"v,vn",亻,-0.11916242808603071
停顿,tíng dùn,pause (in speech) ; to break off ; to halt,7.0,"v,vn",亻,-0.35843586191203675
健全,jiàn quán,robust ; sound,5.0,"a,v",亻,-0.47378227691577496
健壮,jiàn zhuàng,healthy ; robust ; sturdy,7.0,a,亻,-0.7957603594420761
健康,jiàn kāng,health ; healthy,2.0,"a,an,ad",亻,-0.680129983214786
健美,jiàn měi,abbr. for 健美运动 ; healthy and beautiful ; to do fitness exercises,7.0,n,亻,0.3729475591759663
健身,jiàn shēn,physical exercise ; to exercise ; to keep fit ; to work out,4.0,"vn,v",亻,-1.5275225512275752
侧重,cè zhòng,to place particular emphasis on,7.0,v,亻,2.728270352659644
侧面,cè miàn,aspect ; lateral side ; profile ; side,7.0,f,亻,-0.37172681308292865
侦察,zhēn chá,a scout ; detection ; reconnaissance ; to investigate a crime ; to reconnoiter ; to scout,7.0,"v,vn",亻,0.2776500695791993
偶像,ǒu xiàng,idol,5.0,n,亻,-1.4663342723881214
偶然,ǒu rán,by chance ; incidentally ; occasional ; occasionally ; randomly,5.0,"a,ad",亻,-0.6111422275207099
偶尔,ǒu ěr,occasionally ; once in a while ; sometimes,5.0,"d,b",亻,-0.0005613173993427561
偷懒,tōu lǎn,to be lazy ; to goof off,7.0,v,亻,-0.7030548336072108
偷看,tōu kàn,to peek ; to peep ; to steal a glance,7.0,v,亻,-0.8639551953877862
偷窥,tōu kuī,to act as voyeur ; to peek ; to peep,7.0,v,亻,-0.01580508598000572
伪装,wěi zhuāng,(military) to camouflage ; camouflage ; disguise ; pretense ; to disguise oneself as ; to pretend to be (asleep etc),7.0,"v,n,vn",亻,0.8379666855713652
伪造,wěi zào,to counterfeit ; to fake ; to forge,7.0,"v,vn",亻,0.27815902810401344
傍晚,bàng wǎn,at dusk ; at night fall ; in the evening ; towards evening ; when night falls,6.0,t,亻,0.04980957898826015
杰出,jié chū,distinguished ; illustrious ; outstanding ; prominent ; remarkable,6.0,a,木,-0.5901701945380562
备受,bèi shòu,to fully experience (good or bad),7.0,v,夂,4.01512985456013
备用,bèi yòng,alternate ; backup ; reserve ; spare,7.0,"vn,v",夂,-0.013438119519366477
备课,bèi kè,(of a teacher) to prepare lessons,7.0,v,夂,-0.6613947288654537
催促,cuī cù,to urge,7.0,"v,vn",亻,-0.9701884624792662
催眠,cuī mián,hypnosis,7.0,v,亻,-0.5366865830792787
傲慢,ào màn,arrogant ; haughty,7.0,"a,an",亻,-0.5662156343115458
传人,chuán rén,a disciple ; descendant ; to impart ; to teach,7.0,n,亻,2.8516648273881815
传来,chuán lái,(of a sound) to come through ; (of news) to arrive ; to be heard,3.0,v,亻,0.37723196469300163
传出,chuán chū,efferent (nerve) ; to disseminate ; to transmit outwards,6.0,v,亻,0.6709239103379251
传奇,chuán qí,fantasy saga ; legendary ; romance ; short stories of the Tang and Song Dynasty,7.0,"n,a",亻,-0.4640181898669258
传媒,chuán méi,media,6.0,n,亻,-1.539760206995467
传承,chuán chéng,a continued tradition ; an inheritance ; passed on (from former times) ; to pass on (to future generations),7.0,"v,vn",亻,-0.687550689371912
传授,chuán shòu,to impart; to pass on; to teach,7.0,"v,vn",亻,-0.0733363128700989
传播,chuán bō,to disseminate; to propagate; to spread,3.0,"v,vn",亻,-0.4793921462749066
传染,chuán rǎn,contagious ; to infect,7.0,"v,vn",亻,-0.9662946204441843
传真,chuán zhēn,facsimile ; fax,5.0,"n,v",亻,-0.12762463686169967
传统,chuán tǒng,convention ; conventional ; tradition ; traditional,4.0,"n,a",亻,-0.7966598814488439
传闻,chuán wén,rumor,7.0,n,亻,-0.45060884365317183
传言,chuán yán,hearsay ; rumor,6.0,"n,v",亻,-0.5770330167633982
传记,zhuàn jì,biography,7.0,n,亻,0.7167854039072329
传说,chuán shuō,legend; folk tale ; to repeat from mouth to mouth; they say that...,3.0,"n,v",亻,-1.4544871801021835
传输,chuán shū,to transmit ; transmission,6.0,"vn,v",亻,2.462923975016667
传达,chuán dá,to convey ; to pass on ; to relay ; to transmit ; transmission,5.0,"v,vn",亻,-0.11993176226548065
传递,chuán dì,(math.) transitive ; to transmit; to pass on to sb else,5.0,"v,vn",亻,-0.3645664825804399
债务,zhài wù,amount due ; debt ; indebtedness ; liability,7.0,n,亻,-0.0031768667301604538
伤亡,shāng wáng,casualties ; injuries and deaths,6.0,"vn,v",亻,-1.086966943583501
伤势,shāng shì,condition of an injury,7.0,n,亻,-1.0962102793230786
伤口,shāng kǒu,cut ; wound,6.0,n,亻,-1.1176912708305464
伤员,shāng yuán,wounded person,6.0,n,亻,6.35582444024636
伤害,shāng hài,to harm ; to injure,4.0,"v,vn",亻,-1.6648707090480543
伤心,shāng xīn,to be broken-hearted ; to feel deeply hurt ; to grieve,3.0,a,亻,-1.1456816537039138
伤感,shāng gǎn,emotional ; pathos ; sad ; sentimental,7.0,"a,an",亻,0.11179077757608151
伤残,shāng cán,(of objects) damaged ; crippled ; disabled ; maimed,7.0,"vn,v",亻,-0.4178015111690389
伤痕,shāng hén,bruise ; scar,7.0,n,亻,-1.1990586629042894
傻瓜,shǎ guā,fool ; idiot,7.0,n,亻,-1.2904505176815173
倾向,qīng xiàng,orientation ; tendency ; trend,6.0,"n,v",亻,-0.16524891895659827
倾斜,qīng xié,to incline ; to lean ; to slant ; to slope ; to tilt,7.0,"v,vn",亻,0.13536656710509554
倾听,qīng tīng,to listen attentively,7.0,v,亻,-0.84429683346277
倾诉,qīng sù,to say everything (that is on one's mind),7.0,"v,vn",亻,-1.4542268044475477
倾销,qīng xiāo,"to dump (goods, products)",7.0,v,亻,5.547440582092859
仅仅,jǐn jǐn,barely ; merely ; only ; only (this and nothing more),3.0,d,亻,-0.5658250708295922
像样,xiàng yàng,decent ; presentable ; up to par,7.0,a,亻,2.257392774034937
僧人,sēng rén,monk,7.0,n,亻,0.9509579268989189
僵化,jiāng huà,to become rigid,7.0,v,亻,-0.2607949914235452
僵局,jiāng jú,deadlock ; impasse,7.0,n,亻,0.5926928189042739
价位,jià wèi,price level,7.0,n,亻,1.9764120643293428
价值,jià zhí,"fig. values (ethical, cultural etc) ; value ; worth",3.0,n,亻,-1.358159980671331
价格,jià gé,price,3.0,n,亻,-0.9807336764920225
价钱,jià qian,price,3.0,n,亻,-0.9358306688517746
僻静,pì jìng,lonely ; secluded,7.0,a,亻,1.4232675716241245
仪器,yí qì,instrument; apparatus,6.0,n,亻,0.6132624956205153
仪式,yí shì,ceremony,6.0,n,亻,-0.5069801728818615
仪表,yí biǎo,appearance ; bearing ; meter (i.e. measuring instrument),7.0,n,亻,2.8515464323453212
儒学,Rú xué,Confucianism,7.0,,亻,-0.038067204451382286
儒家,Rú jiā,"Confucian school, founded by Confucius 子 (551-479 BC) and Mencius 子 (c. 372-c. 289 BC)",7.0,,亻,-0.8439062699808164
尽管,jǐn guǎn,"(go ahead and do it) without hesitating ; although ; despite ; do not hesitate (to ask, complain etc) ; even though ; in spite of ; unhesitatingly",5.0,"c,d",尸,-0.4370811023965603
偿还,cháng huán,to reimburse ; to repay,7.0,"v,vn",亻,0.8858758060243844
优先,yōu xiān,to have priority ; to take precedence,5.0,"v,vn",亻,-0.9448136289367165
优势,yōu shì,advantage ; dominance ; superiority,3.0,n,亻,-0.9403754500234457
优化,yōu huà,to optimize,7.0,"v,vn",亻,-0.08687584691116926
优惠,yōu huì,discount (price) ; favorable (terms) ; preferential (treatment) ; privilege,5.0,"vn,v",亻,-0.44422964011459026
优异,yōu yì,exceptional; outstandingly good,7.0,a,亻,0.1667300407042731
优秀,yōu xiù,outstanding; excellent,4.0,a,亻,-0.7507035784055942
优美,yōu měi,elegant ; fine ; graceful,4.0,a,亻,-0.9401150743688099
优良,yōu liáng,fine ; first-rate ; good,4.0,z,亻,-0.8833531816581667
优质,yōu zhì,excellent quality,6.0,b,亻,-0.9187760634731188
优越,yōu yuè,superior ; superiority,7.0,"a,an",亻,0.3905347086483538
优雅,yōu yǎ,grace ; graceful,7.0,"a,an",亻,-0.2544275806694209
优点,yōu diǎn,advantage ; benefit ; merit ; strong point,3.0,n,亻,-1.232516934525013
储备,chǔ bèi,reserves ; to store up,7.0,"vn,n,v",亻,0.05932508316693237
储存,chǔ cún,stockpile ; storage ; to stockpile ; to store,6.0,"v,vn",亻,-0.7578521161236256
储蓄,chǔ xù,savings ; to deposit money ; to save,7.0,"vn,n,v",亻,-0.2242240047316483
允许,yǔn xǔ,to allow ; to permit,6.0,"v,vn",儿,-1.3796291793943398
元旦,Yuán dàn,New Year's Day,5.0,t,儿,0.28492879512454866
元素,yuán sù,(chemistry) element ; (math.) element (member of a set) ; element (key component of sth),6.0,n,儿,0.7090571509576379
元老,yuán lǎo,doyen ; elder ; senior figure,7.0,n,儿,0.719625950539313
元首,yuán shǒu,head of state,7.0,n,儿,0.5477780184795672
兄弟,xiōng dì,"I, me (humble term used by men in public speech) ; brotherly ; brothers ; fraternal ; younger brother",4.0,n,儿,-1.216764207419536
充分,chōng fèn,adequate ; ample ; full ; fully ; sufficient ; to the full,4.0,"a,ad",儿,-0.7043449190959321
充实,chōng shí,full ; rich ; substantial ; to augment ; to enrich ; to substantiate (an argument),7.0,"v,a",儿,-0.41782509673795504
充沛,chōng pèi,abundant ; plentiful ; vigorous,7.0,a,儿,3.1189168513030947
充满,chōng mǎn,brimming with ; full of ; permeated ; very full,3.0,v,儿,-1.3085584184631762
充当,chōng dāng,to act as ; to play the role of ; to serve as,7.0,v,儿,0.4010681298766529
充足,chōng zú,abundant ; adequate ; sufficient,5.0,a,儿,-0.7448333333918268
充电,chōng diàn,(fig.) to recharge one's batteries (through leisure) ; to recharge (a battery) ; to update one's skills and knowledge,4.0,"v,vn",儿,-1.3477331617014336
兆头,zhào tou,omen ; portent ; sign,7.0,n,儿,1.3850159359615537
凶手,xiōng shǒu,assassin ; murderer,6.0,n,凵,-0.3782479972332869
凶猛,xiōng měng,ferocious ; fierce ; violent,7.0,"a,an",凵,-0.2003878395479985
先例,xiān lì,antecedent ; precedent,7.0,n,儿,-0.5168744477580285
先前,xiān qián,before; previously,5.0,t,儿,1.1398722571217805
先天,xiān tiān,embryonic period (contrasted with 后天 [hòu tiān]) ; inborn ; innate ; natural,7.0,n,儿,2.3309371036851423
先后,xiān hòu,early or late ; in succession ; one after another ; priority,5.0,d,儿,0.2704779462922517
先生,xiān sheng,(dialect) doctor ; gentleman; sir; mister (Mr.) ; husband ; teacher,1.0,n,儿,-0.7677463909997927
先进,xiān jìn,advanced (technology) ; to advance,3.0,"a,n",儿,-0.3002419031008954
先锋,xiān fēng,avant-garde ; pioneer ; vanguard,6.0,n,儿,0.6434542787738308
光彩,guāng cǎi,brilliance ; luster ; radiance ; splendor,7.0,"a,n",儿,0.11190917261894058
光明,guāng míng,(fig.) bright (prospects etc) ; light ; openhearted ; radiance,3.0,"n,a",儿,-1.2213325741601233
光荣,guāng róng,glorious ; honor and glory,5.0,"a,ad,an",儿,-0.7185353922735933
光滑,guāng huá,glossy; sleek; smooth,7.0,a,儿,-0.20183169843295387
光泽,Guāng zé | guāng zé,Guangze county in Nanping 平 Fujian ; gloss ; luster,7.0,n,儿,1.131516650604512
光环,guāng huán,ring of light; halo; (fig.) glory; splendor,7.0,n,儿,-0.025947943726351157
光线,guāng xiàn,illumination ; light ; light ray ; lighting (for a photograph),5.0,n,儿,-0.3607910355882187
光临,guāng lín,(formal) to honor with one's presence ; to attend,4.0,"v,vn",儿,-0.8534099813750299
光芒,guāng máng,brilliant rays ; radiance ; rays of light,7.0,n,儿,0.9831025274620052
光辉,guāng huī,brilliant ; glory ; magnificent ; radiance,6.0,"a,n",儿,-0.7755694534233311
光顾,guāng gù,to visit (as a customer),7.0,v,儿,-0.4352702655985659
克制,kè zhì,restraint ; self-control ; to control ; to restrain,7.0,"v,vn",儿,1.2719893162806215
克服,kè fú,(try to) overcome (hardships etc) ; to conquer ; to endure ; to put up with,3.0,v,儿,-0.7057769851964302
兑换,duì huàn,to convert ; to exchange,7.0,"v,vn",儿,0.2798632626436046
兑现,duì xiàn,(of a check etc) to cash ; to honor a commitment,7.0,"v,vn",儿,-0.5041160406808654
免得,miǎn de,so as not to; so as to avoid,6.0,v,儿,0.7451309719091793
免疫,miǎn yì,immunity (to disease),7.0,"vn,v,b",儿,-0.0358422186025182
免职,miǎn zhí,dismissal ; sacking ; to demote ; to relieve sb of his post ; to sack,7.0,"v,vn",儿,0.8750466307880735
免费,miǎn fèi,free (of charge),4.0,"v,vn",儿,-1.3757235445748008
免除,miǎn chú,(of a debt) to remit ; to avoid ; to excuse ; to exempt ; to prevent ; to relieve,7.0,v,儿,0.47839969930353743
儿女,ér nǚ,a young man and a young woman (in love) ; children; sons and daughters,5.0,n,儿,-0.6125860864056667
儿子,ér zi,son,1.0,n,儿,-0.9963562157701817
儿科,ér kē,pediatrics,6.0,n,儿,-0.6831360960275588
儿童,ér tóng,child,4.0,n,儿,-1.7122590781918021
兜售,dōu shòu,to hawk ; to peddle,7.0,"v,vn",儿,1.2194052268286117
入侵,rù qīn,to invade,7.0,"v,vn",入,0.38687765669899177
入口,rù kǒu,entrance ; to import,2.0,"n,v",入,-0.78480099637845
入场,rù chǎng,"to enter a stadium, arena etc ; to enter into an examination ; to enter the venue for a meeting",7.0,"v,vn",入,-0.5943479977966898
入境,rù jìng,to enter a country,7.0,"v,vn",入,-1.1981473481130642
入学,rù xué,to enter a school or college ; to go to school for the first time as a child,6.0,"v,vn",入,-0.707339239124246
入手,rù shǒu,"to begin (with ...) (typically used in a structure such as 从 + {noun} + 手: ""to begin with {noun}; to take {noun} as one's starting point"") ; to receive; to obtain; to buy",7.0,v,入,-0.08282823147985348
入选,rù xuǎn,to be included among those selected for,7.0,"v,vn",入,0.187690280902468
入门,rù mén,entrance door ; introduction (to a subject) ; to enter a door ; to learn the basics of a subject,5.0,"v,vn",入,-0.554380334810068
内向,nèi xiàng,(economics etc) domestic-oriented ; introverted ; reserved (personality),7.0,a,入,0.4856784248488868
内在,nèi zài,innate ; inner ; internal ; intrinsic,5.0,b,入,0.45833898111210886
内地,Nèi dì | nèi dì,"Japan (used in Taiwan during Japanese colonization) ; hinterland ; inland ; interior ; mainland China (PRC excluding Hong Kong and Macau, but including islands such as Hainan)",6.0,s,入,-0.37029474698243064
内外,nèi wài,about ; approximately ; domestic and foreign ; inside and outside,6.0,f,入,1.5188254368755287
内容,nèi róng,content ; details ; substance,3.0,n,入,-0.9058874685686378
内幕,nèi mù,behind the scenes ; inside story ; internal ; non-public information,7.0,n,入,0.2604534835887668
内心,nèi xīn,(math.) incenter ; heart; innermost being,3.0,n,入,-0.03675353339374476
内涵,nèi hán,connotation (semantics) ; implication ; inner qualities (of a person) ; meaningful content,7.0,n,入,-0.16603004592050696
内科,nèi kē,internal medicine; general medicine,4.0,"n,nr",入,-0.15834896410874522
内行,nèi háng,a professional ; adept ; an expert ; experienced ; expert,7.0,"n,a",入,2.433099169776388
内衣,nèi yī,undergarment ; underwear,6.0,n,入,-0.96146587804896
内部,nèi bù,"inside (part, section) ; interior ; internal",4.0,f,入,-0.8277629793933857
内阁,nèi gé,(government) cabinet,7.0,n,入,1.396839442678573
全力,quán lì,all-out (effort) ; full strength ; fully (support) ; with all one's strength,6.0,"d,n",入,-0.5480011312714865
全国,quán guó,countrywide ; national ; nationwide ; whole nation,2.0,n,入,-0.6796092319055145
全局,quán jú,overall situation,7.0,n,入,-0.2172056548409347
全年,quán nián,all year long ; the whole year,2.0,n,入,0.25344692648251055
全文,quán wén,entire text ; full text,7.0,n,入,-0.14819431357794244
全球,quán qiú,entire ; global ; the (whole) world ; total ; worldwide,3.0,n,入,-1.0265597917079543
全程,quán chéng,from beginning to end ; the whole distance,7.0,n,入,-0.2043052671519949
全能,quán néng,all-round ; omnipotent ; strong in every area,7.0,n,入,-0.27264208370948173
全身,quán shēn,(typography) em ; the whole body,2.0,n,入,-0.4782204558290443
全部,quán bù,whole; all,2.0,m,入,-0.7755694534233311
全都,quán dōu,all ; without exception,5.0,d,入,1.1990723401980903
全长,quán cháng,overall length ; span,7.0,n,入,8.354298468123279
全面,quán miàn,all-around ; comprehensive ; overall ; total,3.0,"ad,a",入,-1.5799882456367245
全体,quán tǐ,all ; entire,2.0,n,入,-1.1866908193090815
两岸,liǎng àn,Taiwan and mainland ; bilateral ; both coasts ; both shores ; both sides,5.0,n,一,1.1067809634140946
两手,liǎng shǒu,"both aspects, eventualities etc ; expertise ; one's two hands ; skills ; two prongs (of a strategy)",6.0,mq,一,0.8905625678078323
两栖,liǎng qī,able to work in two different lines ; amphibious ; dual-talented,7.0,b,一,4.766041449745831
两边,liǎng bian,both sides ; either side,4.0,f,一,-0.03637476269624847
八卦,bā guà,gossip ; gossipy ; the eight divinatory trigrams of the Book of Changes 易经,7.0,n,八,-0.332670464887532
公主,gōng zhǔ,princess,6.0,n,八,-0.9398546987141742
公事,gōng shì,documents ; work-related matters,7.0,n,八,-0.433554238274516
公布,gōng bù,to announce ; to make public ; to publish,3.0,v,八,0.4419353148700424
公仆,gōng pú,public servant,7.0,n,八,-0.2894363134335018
公元,gōng yuán,AD (Anno Domini) ; CE (Common Era) ; Christian Era,4.0,n,八,1.4886454465066719
公共,gōng gòng,public; common; communal,3.0,b,八,-0.4208076239818117
公函,gōng hán,official letter,7.0,n,八,1.342941682168926
公务,gōng wù,official business,7.0,n,八,0.1840214361686474
公司,gōng sī,company; firm; corporation,2.0,n,八,-1.0480525759998809
公告,gōng gào,announcement ; post,5.0,"n,v",八,-0.6725908820148009
公园,gōng yuán,park (for public recreation),2.0,n,八,-1.273916663612133
公墓,gōng mù,public cemetery,7.0,n,八,2.362691140766274
公安,gōng ān,(Ministry of) Public Security ; public safety ; public security,6.0,n,八,0.17455310312781003
公寓,gōng yù,apartment building ; block of flats,7.0,n,八,0.9145171280343425
公平,gōng píng,fair ; impartial,2.0,"a,ad,an",八,-0.884678645500263
公式,gōng shì,formula,5.0,n,八,-0.7254353471214463
公斤,gōng jīn,kilogram (kg),2.0,q,八,-0.06552504323101926
公款,gōng kuǎn,public money,7.0,n,八,0.2728331199684336
公正,gōng zhèng,just; fair; equitable,5.0,"a,ad,an",八,-1.670729161277363
公民,gōng mín,citizen,3.0,n,八,-0.3088578852727984
公然,gōng rán,openly ; publicly ; undisguised,7.0,d,八,2.805317960862978
公用,gōng yòng,for public use ; public,7.0,vn,八,-0.20793873353244088
公益,gōng yì,public good; public welfare; public interest,7.0,n,八,-0.7014807868949374
公众,gōng zhòng,public,6.0,n,八,-0.7755694534233311
公立,gōng lì,"public (e.g. school, hospital)",7.0,b,八,0.8879706040459306
公约,gōng yuē,convention (i.e. international agreement),7.0,n,八,1.1202138951967642
公职,gōng zhí,civil service ; government job ; public office,7.0,n,八,0.20291046391421486
公认,gōng rèn,accepted (as) ; publicly known (to be),5.0,v,八,1.2181033485554331
公费,gōng fèi,at public expense,7.0,n,八,1.7961373018473028
公路,gōng lù,highway ; road,2.0,n,八,0.04228227057273384
公车,gōng chē,"abbr. for 公共汽车 ; abbr. for 公务用车 ; bus ; car belonging to an organization and used by its members (government car, police car, company car etc)",7.0,n,八,-0.45608852518498566
公道,gōng dao | gōng dào,equitable ; fair ; fairness ; justice ; public highway,7.0,"a,an",八,-0.9220189663716096
公里,gōng lǐ,kilometer,2.0,"q,n",八,-0.0720462273813775
公开,gōng kāi,open; overt; public ; to make public; to release,3.0,"v,ad,a,vn",八,-1.1682159406143848
公关,gōng guān,public relations,7.0,n,八,0.44401832010712977
公鸡,gōng jī,cock ; rooster,6.0,n,八,0.30303669590620624
公顷,gōng qǐng,hectare,7.0,q,八,5.906569833740899
共享,gòng xiǎng,to enjoy together ; to share,5.0,"v,vn",八,1.1152549649742207
共同,gòng tóng,collaborative ; common ; joint ; jointly ; together,3.0,"d,b",八,-0.42510382228330434
共有,gòng yǒu,in all ; to have altogether,3.0,v,八,1.6818205966776505
共识,gòng shí,common understanding ; consensus,7.0,n,八,-0.46297668724838137
共鸣,gòng míng,(physics) to resonate; resonance ; sympathetic response,7.0,"vn,v",八,0.12582747735750605
其中,qí zhōng,among ; in ; included among these,2.0,r,八,-0.23060320827022987
其他,qí tā,(sth or sb) else ; other ; the rest,2.0,r,八,-0.6119233544846185
其实,qí shí,actually; in fact; really,3.0,d,八,-1.0505379375033808
其后,qí hòu,after that ; later ; next,7.0,t,八,0.7261471346896697
其次,qí cì,next ; secondly,3.0,"c,r",八,0.4856784248488868
其间,qí jiān,in between ; in the meantime ; within that interval,7.0,f,八,1.7155274511685512
其余,qí yú,apart from them ; remainder ; remaining ; the others ; the rest,4.0,r,八,-0.042742173450371235
具备,jù bèi,able to fulfill (conditions or requirements) ; equipped with ; to have ; to possess,4.0,v,八,0.20162037842549346
具有,jù yǒu,to have; to possess,3.0,v,八,2.632688901839324
具体,jù tǐ,concrete ; definite ; specific,3.0,"a,ad",八,0.3247662702838525
典型,diǎn xíng,archetype ; model ; representative ; typical ; typical case,4.0,"n,a",八,-0.20912221676276055
典礼,diǎn lǐ,celebration ; ceremony,5.0,n,八,0.71272599569146
典范,diǎn fàn,example ; model ; paragon,7.0,n,八,-0.14323538335540012
兼任,jiān rèn,concurrent post ; to hold several jobs at once ; working part-time,7.0,v,丷,0.4506696920848059
兼职,jiān zhí,concurrent job ; moonlighting ; to hold concurrent posts,7.0,"v,vn",丷,-0.8625231292872881
兼顾,jiān gù,"to attend simultaneously to two or more things ; to balance (career and family, family and education etc)",7.0,v,丷,0.42344864339088856
再三,zài sān,again and again ; over and over again,4.0,d,冂,4.691834388174577
再度,zài dù,once more; once again; one more time,7.0,d,冂,3.6599892544211143
再次,zài cì,again ; once again ; one more ; one more time,5.0,"d,c",冂,-0.18387757104752883
再现,zài xiàn,to reconstruct (a historical relic) ; to recreate,7.0,"v,vn",冂,0.8323686089966909
再生,zài shēng,recycling ; regeneration ; to be a second so-and-so (famous dead person) ; to be reborn ; to regenerate,6.0,"v,vn",冂,1.347746838995233
再见,zài jiàn,goodbye ; see you again later,1.0,v,冂,-1.4621682619139453
再说,zài shuō,besides ; moreover ; to put off a discussion until later ; to say again ; what's more,6.0,"v,c",冂,0.20121802215908105
冒充,mào chōng,to feign ; to pass oneself off as ; to pretend to be,7.0,v,冂,-0.7193283120219592
冒昧,mào mèi,bold ; presumptuous ; to take the liberty of,7.0,a,冂,-0.1390693728812253
冒犯,mào fàn,to offend,7.0,v,冂,-0.928658545564827
冒险,mào xiǎn,adventure ; foray ; to take chances ; to take risks,7.0,"v,vn",冂,-0.931652865593141
冗长,rǒng cháng,long and tedious ; redundant ; superfluous ; supernumerary ; verbose (of writing),7.0,a,冖,2.8142891281634603
冠军,guàn jūn,champion,5.0,n,冖,-0.6555362766361451
冤枉,yuān wang,injustice ; not worthwhile ; to accuse wrongly ; to treat unjustly ; wronged,7.0,"v,a",冖,-0.4426791789712331
冬天,dōng tiān,winter,2.0,t,⺀,-0.49226894839492885
冬季,dōng jì,winter,4.0,t,⺀,0.8354931168523226
冰山,bīng shān,iceberg,7.0,n,冫,-0.6319722798915883
冰箱,bīng xiāng,freezer cabinet ; icebox ; refrigerator,4.0,n,冫,-0.37641357486637644
冰雪,bīng xuě,ice and snow,4.0,n,冫,0.7472139771462667
冷冻,lěng dòng,to deep-freeze ; to freeze,7.0,"v,vn",冫,0.9986066716973039
冷战,Lěng zhàn | lěng zhan | lěng zhàn,(US-Soviet) Cold War ; (coll.) shiver ; (fig.) strained relationship ; cold war ; shudder ; to be barely on speaking terms,7.0,n,冫,-0.3840946566781382
冷气,lěng qì,air conditioning (Tw),6.0,n,冫,-0.9570512847046068
冷水,lěng shuǐ,cold water ; fig. not yet ready (of plans) ; unboiled water,6.0,n,冫,-0.9488376587991161
冷淡,lěng dàn,cold ; indifferent,7.0,"a,v",冫,-0.7070906562540676
冷漠,lěng mò,cold and detached towards sb ; indifference ; lack of regard ; neglect,7.0,"a,an",冫,-1.1090988742275596
冷笑,lěng xiào,"bitter, grim, sarcastic or angry smile ; grin of dissatisfaction (bitterness, helplessness, indignation etc) ; to laugh grimly ; to sneer",7.0,v,冫,-0.42887926927552555
冷落,lěng luò,desolate ; to cold shoulder ; to snub ; to treat sb coldly ; unfrequented,7.0,"v,a,vn,an",冫,-1.2027039220691942
冷酷,lěng kù,unfeeling; callous,7.0,"a,an",冫,-1.2034850490331015
冷门,lěng mén,"a neglected branch (of arts, science, sports etc) ; fig. a complete unknown who wins a competition",7.0,n,冫,0.4671917533697329
冷静,lěng jìng,(of a place) deserted; quiet ; calm; cool-headed; dispassionate,4.0,"a,ad,an",冫,-0.9394641352322206
准许,zhǔn xǔ,to allow ; to grant ; to permit,7.0,"v,vn",冫,-0.41662982072317656
凌晨,líng chén,in the wee hours ; very early in the morning,7.0,t,冫,-1.0234352838523224
冻结,dòng jié,"(fig.) to freeze (assets, prices etc) ; to freeze (water etc)",7.0,"v,vn",冫,0.6679295903096126
凝固,níng gù,fig. with rapt attention ; to congeal ; to freeze ; to solidify,7.0,"v,vn",冫,0.16868285811404266
凝聚,níng jù,aggregation ; coacervation (i.e. form tiny droplets) ; coherent ; to coagulate ; to condense,7.0,"v,vn",冫,0.4592620886877928
凡是,fán shì,all ; any ; each and every ; every,6.0,"d,nz",几,1.6568127410481384
凳子,dèng zi,small seat ; stool,7.0,n,几,0.5171838790598395
出事,chū shì,to have an accident ; to meet with a mishap,6.0,"v,vn",凵,-0.460372930702021
出任,chū rèn,to take up a post; to start in a new job,7.0,v,凵,0.5942550728320899
出来,chu lai | chū lái,"(after a verb, indicates coming out, completion of an action, or ability to discern or detect) ; to appear ; to arise ; to come out",1.0,v,凵,-0.9748870170471712
出入,chū rù,discrepancy ; entrance and exit ; expenditure and income ; inconsistent ; to go out and come in,6.0,"v,n,vn",凵,-0.6143969232036596
出动,chū dòng,to dispatch troops ; to start out on a trip,6.0,v,凵,-0.9777511492481672
出去,chū qù,to go out,1.0,v,凵,-1.1920285202291185
出口,chū kǒu,(of a ship) to leave port ; an exit ; to export ; to speak,2.0,"v,vn",凵,-0.3345048872544425
出名,chū míng,"to become well known ; to lend one's name (to an event, endeavor etc) ; to make one's mark ; well-known for sth",6.0,"a,v",凵,-0.45468004465340484
出售,chū shòu,to offer for sale ; to put on the market ; to sell,4.0,"v,vn",凵,-0.8707249624083229
出国,chū guó,to go abroad; to leave the country,2.0,"v,vn",凵,-0.5357634755035948
出土,chū tǔ,to appear in an excavation ; to come up out of the ground ; to dig up ; unearthed,7.0,v,凵,3.2402754919323784
出场,chū chǎng,(fig.) to enter the scene (e.g. a new product) ; (of a performer) to come onto the stage to perform ; (of an athlete) to enter the arena to compete ; (of an examinee etc) to leave the venue,6.0,"v,vn",凵,-0.6253209079139137
出境,chū jìng,outbound (tourism) ; to leave a country or region,7.0,"v,vn",凵,-0.09117204521266342
出局,chū jú,(fig.) to be weeded out; to get the chop (in a competitive environment) ; (of a batter) to be put out (in baseball); to be dismissed (in cricket) ; (of a player or team) to be eliminated from a competition,7.0,v,凵,-1.042063935943253
出山,chū shān,to come out of obscurity to a government job ; to leave the mountain (of a hermit) ; to take a leading position,7.0,v,凵,5.11583255618035
出差,chū chāi,to go on an official or business trip,5.0,"v,vn",凵,-0.31887055519182594
出席,chū xí,present ; to attend ; to participate,4.0,v,凵,-1.3547633043766045
出厂,chū chǎng,to leave the factory (of finished goods),7.0,"v,vn",凵,1.3038853339735295
出息,chū xi | chū xī,"future prospects ; profit ; to exhale (Buddhism) ; to grow up ; to mature ; to yield interest, profit etc",7.0,n,凵,1.111088954500046
出手,chū shǒu,to dispose of ; to spend (money) ; to undertake a task,7.0,v,凵,-1.4106138822960212
出于,chū yú,due to ; to stem from,5.0,v,凵,-0.18190116806884313
出版,chū bǎn,to publish,5.0,"v,vn",凵,-1.2375942597904146
出现,chū xiàn,to appear ; to arise ; to emerge ; to show up,2.0,"v,vn",凵,-0.9832308307799811
出生,chū shēng,to be born,2.0,"v,vn",凵,-1.1232893474052208
出发,chū fā,to set off ; to start (on a journey),2.0,v,凵,-0.17904882865230584
出众,chū zhòng,outstanding ; to stand out,7.0,"a,an",凵,-0.978780859082253
出示,chū shì,to display ; to show ; to take out and show to others,7.0,v,凵,0.27931892576541584
出租,chū zū,to rent,2.0,"v,vn",凵,-0.6449910626233872
出自,chū zì,to come from,7.0,v,凵,2.161160384078027
出色,chū sè,remarkable; outstanding,4.0,"a,ad",凵,-1.1510193546239524
出血,chū xuè,(fig.) to spend money in large amounts ; to bleed; bleeding,7.0,"v,vn",凵,-0.026456902251165294
出访,chū fǎng,to go and visit in an official capacity or for investigation,6.0,"v,vn",凵,-0.4187246187447228
出资,chū zī,to fund ; to invest ; to put money into sth,7.0,v,凵,1.5094754988775503
出卖,chū mài,to offer for sale; to sell ; to sell out; to betray,7.0,"v,vn",凵,-1.1351364396911574
出走,chū zǒu,to go off ; to leave home ; to run away,7.0,"v,vn",凵,-0.7022619138588447
出路,chū lù,a way forward ; a way out (lit. and fig.) ; opportunity for advancement ; outlet (for one's products),6.0,n,凵,-0.18151060458688956
出身,chū shēn,class origin ; family background ; to be born of ; to come from,7.0,"v,vn",凵,-0.4684681615646525
出游,chū yóu,to go on a tour ; to have an outing,7.0,"v,vn",凵,0.27659677417619755
出道,chū dào,(of an entertainer) to make one's debut ; to start one's career,7.0,v,凵,0.16999652917168015
出丑,chū chǒu,scandalous ; shameful ; to be humiliated ; to make a fool of sb or oneself ; to make sb lose face,7.0,v,凵,-0.797299027800976
出门,chū mén,(of a woman) to get married ; away from home ; to go on a journey ; to go out ; to leave home,2.0,"v,vn",凵,0.0833980384363018
出院,chū yuàn,to be discharged from hospital ; to leave hospital,2.0,"v,vn",凵,-0.8720386334659603
出面,chū miàn,to appear personally ; to show up ; to step forth ; to step in,6.0,v,凵,-0.49838777627887465
出头,chū tóu,a little more than ; remaining odd fraction after a division ; to get out of a predicament ; to stick out ; to take the initiative,7.0,"v,m,n",凵,-0.4574021962426231
刁难,diāo nàn,Taiwan pr. [diāo nán] ; to be hard on sb; to deliberately make things difficult,7.0,"v,vn",刁,1.0918211560569833
分享,fēn xiǎng,to share (let others have some of sth good),5.0,"v,vn",刀,-0.49958305229365163
分布,fēn bù,"(statistical, geographic) distribution ; to be distributed (over an area etc) ; to distribute ; to scatter",4.0,"v,vn",刀,0.02508568458229991
分别,fēn bié,difference; distinction ; in different ways; differently ; separately; individually ; to distinguish; to tell apart ; to part; to leave each other,3.0,"d,v",刀,-0.9893378658794681
分割,fēn gē,to break up ; to cut up,7.0,"v,vn",刀,0.44702443291990257
分化,fēn huà,differentiation ; to split apart,7.0,"v,vn",刀,1.8101857944131876
分外,fèn wài,exceptionally ; not one's responsibility or job,7.0,d,刀,4.77160414796713
分寸,fēn cun,appropriate behavior ; proper speech or action ; propriety ; within the norms,7.0,n,刀,-1.1261534796062154
分工,fēn gōng,division of labor ; to divide up the work,6.0,"vn,v",刀,-0.7694388327549265
分成,fēn chéng,percentage allotment ; tenths ; to break into ; to divide (into) ; to split a bonus,5.0,"v,vn",刀,2.6742188187537628
分手,fēn shǒu,to break up ; to part company ; to split up,4.0,"v,vn",刀,-1.2044081566087854
分担,fēn dān,"to share (a burden, a cost, a responsibility)",7.0,v,刀,-0.4278377666569826
分支,fēn zhī,"branch (of company, river etc) ; to branch ; to diverge ; to ramify ; to subdivide",7.0,n,刀,2.675141926329447
分散,fēn sàn,to disperse ; to distribute ; to scatter,4.0,"v,a,ad",刀,-0.33749920728275645
分数,fēn shù,(exam) grade ; fraction ; mark ; score,2.0,n,刀,-0.5582859696296071
分明,fēn míng,clear ; clearly ; distinct ; evidently,7.0,"a,d",刀,-0.5920046169049666
分析,fēn xī,analysis ; to analyze,5.0,"v,vn",刀,-0.04900298194609373
分歧,fēn qí,"(math.) bifurcation ; difference (of opinion, position); disagreement ; divergent",7.0,n,刀,-0.34725150154714685
分泌,fēn mì,secretion ; to secrete,7.0,"v,vn",刀,0.5372445972512682
分为,fēn wéi,to divide sth into (parts) ; to subdivide,4.0,v,刀,1.2894344851412325
分红,fēn hóng,dividend ; to award a bonus,7.0,"v,n,vn",刀,1.9229284528705652
分组,fēn zǔ,(computer networking) packet ; group (formed from a larger group) ; subgroup ; to divide into groups,3.0,"v,vn",刀,-0.605544150946037
分裂,fēn liè,fission ; schism ; to break up ; to divide ; to split up,6.0,"v,vn",刀,-0.5017962453580583
分解,fēn jiě,to break down ; to decompose ; to resolve,5.0,"v,vn",刀,-0.9397245108868564
分赃,fēn zāng,to share the booty; to divide ill-gotten gains,7.0,v,刀,2.7019724115414103
分辨,fēn biàn,to distinguish; to differentiate ; to resolve,7.0,"v,vn",刀,-0.3816092951746384
分配,fēn pèi,to allocate ; to assign ; to distribute ; to partition (a hard drive),3.0,"v,vn",刀,-0.12620436354566042
分量,fèn liang | fēn liàng,(vector) component ; measure ; quantity ; weight,7.0,n,刀,0.49270856752405773
分钟,fēn zhōng,minute,2.0,qt,刀,-0.7779128343150543
分开,fēn kāi,to part ; to separate,2.0,"v,vn",刀,-1.0999857263153
分离,fēn lí,to separate,5.0,"v,vn",刀,0.37581169137696235
分类,fēn lèi,to classify,5.0,"vn,v",刀,-1.2063491812340976
切割,qiē gē,to cut,7.0,"v,vn",刀,-0.4611540576659297
切断,qiē duàn,to cut off ; to sever,7.0,v,刀,-0.5128386251111716
切身,qiè shēn,concerning oneself ; direct ; personal,7.0,"b,d",刀,1.9972421167002212
切除,qiē chú,to cut out (a tumor) ; to excise,7.0,"v,vn",刀,-0.40140963771143123
刊物,kān wù,publication,7.0,n,刂,0.838227061226001
刊登,kān dēng,to carry a story ; to publish (in a newspaper or magazine),7.0,v,刂,-0.30845552900638595
刑法,xíng fǎ,criminal law,7.0,n,刂,0.11518745387080638
划算,huá suàn,cost-effective ; to calculate ; to view as profitable ; to weigh (pros and cons) ; value for money ; worthwhile,7.0,a,刂,0.42710569534025067
划船,huá chuán,rowing (sport) ; rowing boat ; to row a boat,3.0,"v,vn",刂,-0.150786277339844
列入,liè rù,to include on a list,4.0,v,刂,-0.5215612095414763
列为,liè wéi,to be classified as,4.0,v,刂,3.1436643312779715
列举,liè jǔ,a list ; to enumerate ; to list,7.0,v,刂,0.4937618629270595
列车,liè chē,(railway) train,4.0,n,刂,-0.48849350140270764
初一,chū yī,New Year's Day ; first day of lunar month ; first year in junior middle school,3.0,"n,t",刀,-0.9472754048713002
初中,chū zhōng,junior high school (abbr. for 初级中学),3.0,n,刀,-0.0595364031743928
初期,chū qī,beginning period ; initial stage,5.0,f,刀,-0.4290212498873022
初次,chū cì,"first (meeting, attempt etc) ; for the first time",7.0,d,刀,1.6867559413312767
初步,chū bù,initial ; preliminary ; tentative,3.0,"d,b",刀,-0.8371365029602812
初等,chū děng,elementary (i.e. easy),6.0,b,刀,6.503808690625386
初级,chū jí,junior ; primary,3.0,b,刀,-0.991941622425827
初衷,chū zhōng,original intention,7.0,n,刀,0.7262655297325303
判定,pàn dìng,determination ; judgment ; to decide ; to judge,7.0,"v,vn",刂,-0.31366304209910667
判断,pàn duàn,judgment ; to determine ; to judge,3.0,"v,vn,n",刂,-1.3188314640368397
判决,pàn jué,judgment (by a court of law) ; to pass judgment on ; to sentence,7.0,"vn,v",刂,0.29521363348266927
判处,pàn chǔ,to condemn ; to sentence,7.0,v,刂,4.7139663188186365
别人,bié ren,other people; others; other person,1.0,r,刂,-0.043416698155879334
别墅,bié shù,villa,7.0,n,刂,0.9939317026983144
利害,lì hai | lì hài,advantages and disadvantages ; capable ; devastating ; fierce ; formidable ; gains and losses ; pros and cons ; serious ; severe ; sharp ; terrible ; tough,7.0,n,刂,2.287691159446654
利息,lì xī,interest (on a loan),4.0,n,刂,0.03002102923592611
利润,lì rùn,profits,5.0,n,刂,-0.7003208892335324
利率,lì lǜ,interest rates,7.0,n,刂,1.5490525983822185
利用,lì yòng,to exploit ; to make use of ; to take advantage of ; to use ; to utilize,3.0,"v,vn",刂,-1.272614785338953
利益,lì yì,(in sb's) interest ; benefit,4.0,n,刂,-1.416732710179967
删除,shān chú,to cancel ; to delete,7.0,v,刂,-1.3621840105337306
到位,dào wèi,precise ; to be in place ; to be in position ; to get to the intended location ; well (done),7.0,"v,vn",刂,0.29613674105835314
到来,dào lái,arrival; advent ; to arrive,5.0,"v,vn",刂,2.2624347209469646
到底,dào dǐ,after all ; finally ; in the end ; to the end ; to the last ; when all is said and done,3.0,"d,v",刂,-0.25548087607242265
到期,dào qī,to expire (visa etc) ; to fall due (loan etc) ; to mature (investment bond etc),6.0,v,刂,-0.904195026813504
到处,dào chù,everywhere,2.0,d,刂,-1.1892945758554403
到达,dào dá,to reach; to arrive,3.0,v,刂,-0.7518634760669977
制定,zhì dìng,to draw up; to formulate,3.0,"v,vn",刂,-0.06629437741046915
制度,zhì dù,"institution ; system (e.g. political, adminstrative etc)",3.0,n,刂,-1.4268873607107697
制服,zhì fú,"(in former times) what one is allowed to wear depending on social status ; livery (for company employees) ; to bring under control ; to check ; to subdue ; uniform (army, party, school etc)",7.0,"n,v",刂,-0.7685275179637013
制止,zhì zhǐ,to check ; to curb ; to limit ; to put a stop to ; to stop,7.0,"v,vn",刂,-0.7853335404721802
制约,zhì yuē,condition ; to restrict,5.0,"vn,v",刂,1.4947406888217005
制裁,zhì cái,punishment ; sanctions (incl. economic) ; to punish,7.0,"vn,v",刂,-0.11641669092789513
制订,zhì dìng,to formulate ; to work out,4.0,"v,vn",刂,0.8599802211725633
刷子,shuā zi,brush ; scrub,4.0,n,刂,0.9665922589615381
刷新,shuā xīn,to break (a record) ; to refresh (computer window) ; to refurbish ; to renovate ; to write a new page (in history),7.0,v,刂,0.3883097227994898
刷牙,shuā yá,to brush one's teeth,4.0,v,刂,-0.7535677106065903
刺激,cì jī,irritant ; to provoke; to irritate; to upset; to stimulate; to excite,4.0,"v,vn",刂,-1.1167799560393215
刺绣,cì xiù,embroidery ; to embroider,7.0,"n,v",刂,1.223192466605293
刺耳,cì ěr,ear-piercing,7.0,a,刂,0.45794841763015526
刺骨,cì gǔ,bone-chilling ; cutting ; penetrating (cold) ; piercing,7.0,z,刂,0.48087326802258
刻意,kè yì,intentionally; deliberately; purposely ; painstakingly; meticulously,7.0,d,刂,0.2530209846471823
刻苦,kè kǔ,assiduous ; hardworking,7.0,"a,ad",刂,-0.9140775089052121
削弱,xuē ruò,to cripple ; to impair ; to weaken,7.0,v,刂,1.4254925574729886
前任,qián rèn,ex (spouse etc) ; ex- ; former ; predecessor,7.0,"b,n",刂,0.32165355521267947
前来,qián lái,before ; previously ; to come (formal),6.0,v,刂,2.2791341411970416
前夕,qián xī,eve ; the day before,7.0,f,刂,-0.4470937723155864
前天,qián tiān,the day before yesterday,1.0,"t,n",刂,-0.2433734081318503
前年,qián nián,the year before last,2.0,t,刂,0.13249064211964065
前往,qián wǎng,to leave for; to proceed towards; to go to,3.0,v,刂,-0.9214982150623382
前后,qián hòu,all around ; around ; from beginning to end ; front and rear,3.0,f,刂,-0.15691689800824715
前提,qián tí,precondition ; premise ; prerequisite,5.0,n,刂,-0.4994292788974176
前方,qián fāng,ahead ; the front,6.0,"s,f,n",刂,0.0019004585352409556
前景,qián jǐng,(future) prospects ; foreground ; perspective ; vista,5.0,n,刂,-1.0403597014036619
前期,qián qī,early stage ; preceding period,7.0,f,刂,0.27127086604061773
前线,qián xiàn,cutting edge ; front line ; military front ; workface,7.0,s,刂,-0.04013841690401235
前者,qián zhě,the former,7.0,r,刂,0.14237312421135037
前辈,qián bèi,older generation ; precursor ; senior,7.0,n,刂,-0.8495043465554892
前途,qián tú,future outlook ; journey ; prospects,4.0,n,刂,-1.1705475287216507
前进,qián jìn,onward ; to advance ; to forge ahead ; to go forward,3.0,"v,vn",刂,-1.0179791878894247
前边,qián bian,front ; in front of ; the front side,1.0,f,刂,2.0393399560617653
前面,qián miàn,above ; ahead ; also pr. [qián mian] ; in front ; preceding,3.0,f,刂,-0.8983247817997351
刹车,shā chē,a brake ; to brake (when driving) ; to check (bad habits) ; to stop ; to switch off,7.0,"n,v,vn",刂,1.2641898394260007
剔除,tī chú,to discard ; to get rid of ; to reject,7.0,v,刂,2.0024614225773996
刚刚,gāng gang,just a moment ago ; just recently,2.0,d,刂,-0.802518333678154
刚好,gāng hǎo,exactly ; just ; to happen to be,6.0,d,刂,-0.5791160220004856
刚毅,gāng yì,resolute ; stalwart ; steadfast,7.0,a,刂,5.6933575509474075
剥削,bō xuē,exploitation ; to exploit,7.0,"v,vn",刂,0.3906413109067556
剥夺,bō duó,to deprive ; to expropriate ; to strip (sb of his property),7.0,"v,vn",刂,0.1572145365256009
剩下,shèng xià,to remain; to be left over,5.0,v,刂,-0.5912116971566006
剩余,shèng yú,remainder ; surplus,7.0,"vn,v",刂,-0.28904574995154814
剪刀,jiǎn dāo,scissors,5.0,n,刀,-0.540059673805089
创作,chuàng zuò,creation ; creative work ; to create ; to produce ; to write,3.0,"v,vn,n",刂,-0.877624917256176
创伤,chuāng shāng,injury ; trauma ; wound,7.0,n,刂,-0.7050076510169803
创建,chuàng jiàn,to establish ; to found,6.0,"v,vn",刂,0.38075882881504586
创意,chuàng yì,creative ; creativity,6.0,"n,v",刂,-1.1541438624795841
创新,chuàng xīn,innovation ; to bring forth new ideas; to blaze new trails,3.0,"v,vn",刂,0.035903067034152324
创业,chuàng yè,entrepreneurship ; to begin an undertaking ; to initiate ; to start a major task ; to venture ; venture,3.0,"v,vn",刂,-0.25977707437391684
创立,chuàng lì,to establish ; to found ; to set up,5.0,"v,vn",刂,-0.10666439666350332
创办,chuàng bàn,to establish ; to found ; to launch,6.0,"v,vn",刂,-0.4011374692723367
创造,chuàng zào,to bring about ; to create ; to produce ; to set (a record),3.0,"v,vn",刂,-1.1042819246167939
划分,huà fēn,to differentiate ; to divide up ; to partition,5.0,"v,vn",刂,0.027949816783296024
剧团,jù tuán,theatrical troupe,7.0,n,刂,0.5605482183411892
剧场,jù chǎng,theater,3.0,n,刂,-0.05863688116762354
剧情,jù qíng,drama (genre) ; plot ; story line,7.0,n,刂,0.0020542319314749017
剧本,jù běn,"scenario ; screenplay ; script for play, opera, movie etc",5.0,n,刂,-0.19909775405927563
剧烈,jù liè,violent; acute; severe; fierce,7.0,"a,ad,an",刂,-0.901839853137322
剧目,jù mù,list of plays or operas ; repertoire ; theatrical piece (play or opera),7.0,n,刂,5.614972686117519
剧组,jù zǔ,cast and crew ; performers and production team,7.0,n,刂,0.24484273709506635
剧院,jù yuàn,theater,7.0,n,刂,-1.4857440514429594
力度,lì dù,(music) dynamics ; efforts ; strength ; vigor,7.0,n,力,-0.5322366113815521
力气,lì qi,strength,4.0,n,力,-1.4028026126569417
力求,lì qiú,striving to do one's best ; to make every effort to,7.0,v,力,2.784085552225686
力量,lì liang,force ; power ; strength,3.0,n,力,-0.6410972205883055
功力,gōng lì,competence ; efficacy ; merit ; power ; skill,7.0,n,力,-0.814483821006951
功劳,gōng láo,contribution ; credit ; meritorious service,7.0,n,力,-0.1917954429450102
功夫,gōng fu,art ; effort ; kung fu ; labor ; skill,3.0,n,力,-1.318571088382204
功效,gōng xiào,efficacy,7.0,n,力,-0.13557788711255597
功率,gōng lǜ,power (output) ; rate of work,7.0,n,力,4.4122857445694805
功能,gōng néng,function; capability,3.0,n,力,-1.5988654805978333
功臣,gōng chén,minister who has given outstanding service,7.0,n,力,-0.21654292291988655
功课,gōng kè,assignment ; classwork ; homework ; lesson ; study ; task,3.0,n,力,-1.411406802044387
加上,jiā shàng,in addition ; on top of that ; plus ; to add ; to add into ; to add on ; to put in,5.0,v,力,-0.8514807495341764
加以,jiā yǐ,"(used before a disyllabic verb to indicate that the action of the verb is applied to sth or sb previously mentioned) ; in addition ; moreover ; to apply (restrictions etc) to (sb) ; to give (support, consideration etc) to (sth)",5.0,v,力,7.535586531401974
加入,jiā rù,to add in ; to become a member ; to join ; to mix into ; to participate in,4.0,v,力,-0.6664720541308551
加剧,jiā jù,to intensify,7.0,"v,vn",力,0.9270151594568685
加工,jiā gōng,processing ; to process ; working (of machinery),3.0,"v,vn",力,-0.7698293962368815
加强,jiā qiáng,to reinforce; to strengthen; to enhance,3.0,"v,vn",力,-0.9847694991388809
加快,jiā kuài,to accelerate ; to speed up,3.0,v,力,0.43634903107982687
加油,jiā yóu,(fig.) to make an extra effort ; to accelerate ; to add oil ; to cheer sb on ; to refuel ; to step on the gas ; to top up with gas,2.0,"v,vn",力,-1.7231948556865122
加深,jiā shēn,to deepen,7.0,"v,vn",力,0.6640239554900721
加热,jiā rè,to heat,5.0,"v,vn",力,1.4416358480604192
加班,jiā bān,to work overtime,4.0,"v,vn",力,-0.46637336354310777
加盟,jiā méng,participate ; to align ; to become a member of an alliance or union ; to join,6.0,"v,vn",力,-0.29750795872721714
加紧,jiā jǐn,to intensify ; to speed up ; to step up,7.0,v,力,1.4595899754458443
加速,jiā sù,to expedite ; to speed up,5.0,"v,vn",力,-1.1898153271647132
加重,jiā zhòng,"(of an illness etc) to become more serious ; to aggravate (a bad situation) ; to emphasize ; to increase (a burden, punishment etc) ; to make heavier",7.0,"v,vn",力,0.2457540518862915
劣势,liè shì,disadvantaged ; inferior,7.0,n,力,0.6299383303016762
劣质,liè zhì,shoddy; of poor quality,7.0,b,力,1.3621028783535878
助威,zhù wēi,to boost the morale of ; to cheer for ; to encourage,7.0,"v,vn",力,4.827383501981521
助手,zhù shǒu,assistant; helper,5.0,n,力,-0.8475515291457197
助理,zhù lǐ,assistant,5.0,n,力,-0.8368879200901028
努力,nǔ lì,hard-working; conscientious ; to make an effort; to try hard; to strive,2.0,"ad,an,a",力,-0.32839785215495665
劫持,jié chí,to abduct ; to hijack ; to hold under duress ; to kidnap,7.0,v,力,1.8747589567629104
勇敢,yǒng gǎn,brave; courageous,4.0,"a,ad,an",力,-1.5672298385595629
勇于,yǒng yú,to be brave enough to ; to dare to,7.0,v,力,0.6908190623486625
勇气,yǒng qì,courage ; valor,4.0,n,力,-0.6111422275207099
勉强,miǎn qiǎng,barely enough ; reluctant ; to do with difficulty ; to force sb to do sth,7.0,"ad,v,a",力,-1.188383261064215
动人,dòng rén,moving ; touching,3.0,a,力,0.03328751770333462
动作,dòng zuò,movement; motion; action ; to act; to move,1.0,"n,v",力,-1.3011259195215932
动力,dòng lì,(fig.) motivation ; force ; impetus ; motive power,3.0,n,力,0.3705923854997843
动向,dòng xiàng,trend; tendency,7.0,n,力,0.6434778643427466
动员,dòng yuán,mobilization ; to mobilize,5.0,"v,vn",力,0.08692490255834456
动工,dòng gōng,to start (a building project),7.0,"v,vn",力,0.7552738296555248
动弹,dòng tan,to budge,7.0,v,力,1.0348106804761628
动态,dòng tài,development ; dynamic (science) ; motion ; movement ; trend,5.0,n,力,-0.9768280416724834
动手,dòng shǒu,to hit ; to punch ; to set about (a task) ; to touch,5.0,"v,vn",力,-1.29292408640056
动摇,dòng yáo,to destabilize ; to pose a challenge to ; to rattle ; to rock ; to sway ; to waver,4.0,"v,an,a",力,0.4861873833736998
动机,dòng jī,motive; motivation,5.0,n,力,0.08484189732125716
动物,dòng wù,animal,2.0,n,力,-1.1742045806710113
动用,dòng yòng,to put sth to use ; to utilize,7.0,v,力,0.7877141842266214
动画,dòng huà,animation ; cartoon,6.0,n,力,-1.0364540665841213
动听,dòng tīng,pleasant to listen to,7.0,a,力,-0.6615131239083142
动脉,dòng mài,artery,7.0,n,力,0.8668801760204164
动身,dòng shēn,to go on a journey ; to leave,7.0,v,力,0.8531986613675694
动静,dòng jìng,(detectable) movement ; (sign of) activity ; movement and stillness,7.0,n,力,-0.33462328229730304
勘探,kān tàn,prospecting ; to explore ; to prospect (for oil etc) ; to survey,7.0,"vn,v",力,3.432681307923907
务实,wù shí,dealing with concrete issues ; pragmatic,7.0,"v,vn",夂,0.22817869519836273
务必,wù bì,must ; to be sure to ; to need to,7.0,d,夂,1.3814890718395083
勋章,xūn zhāng,decoration ; medal,7.0,n,力,5.056064550656936
胜任,shèng rèn,competent (professionally) ; qualified ; to be up to a task,7.0,v,⺼,0.708571778001741
胜利,shèng lì,victory,3.0,"v,vn,nz",⺼,-1.123431328016996
胜负,shèng fù,the outcome of a battle ; victory or defeat,5.0,n,⺼,-0.2887853742969124
劳动,láo dòng,physical labor ; toil ; work,5.0,"vn,v",力,-0.04117991952255532
劳累,láo lèi,exhausted ; tired ; to toil ; worn out,7.0,"a,an,ad",力,1.133232677928563
募捐,mù juān,to solicit contributions; to collect donations,7.0,"vn,v",力,1.863976952664434
势力,shì li,"a force (military, political etc) ; influence ; power",5.0,n,力,-0.9200661489618401
势必,shì bì,to be bound to ; undoubtedly will,7.0,d,力,2.764829546567084
势头,shì tóu,impetus ; momentum ; power ; situation ; tendency ; the look of things,7.0,n,力,3.2881610268164803
勤劳,qín láo,diligent ; hardworking ; industrious,7.0,"a,ad,an",力,-1.121206342168132
勤奋,qín fèn,diligent ; hardworking,5.0,"a,ad,an",力,-1.2519149207953937
勤快,qín kuài,diligent; hardworking,7.0,a,力,-0.6147756939011558
励志,lì zhì,inspirational; motivational ; to pursue a goal with determination,7.0,nr,力,-0.5896494432287847
劝告,quàn gào,advice ; exhortation ; to advise ; to exhort ; to urge,7.0,"vn,v",力,-0.6287057914241814
劝说,quàn shuō,persuasion ; to advise ; to persuade,7.0,"v,vn",力,-0.4198963091905851
劝阻,quàn zǔ,to advise against ; to dissuade,7.0,"v,vn",力,1.3579368678794117
勾画,gōu huà,to delineate ; to sketch out,7.0,v,勹,2.448484918968829
勾结,gōu jié,to collaborate with ; to collude with ; to gang up with,7.0,v,勹,-0.3251195709030896
包含,bāo hán,to contain ; to embody ; to include,4.0,v,勹,0.12038317417906835
包围,bāo wéi,to encircle ; to hem in ; to surround,5.0,"v,vn",勹,-0.380958356038049
包子,bāo zi,bao (steamed stuffed bun),1.0,n,勹,0.11987421565425416
包容,bāo róng,inclusive ; to contain ; to forgive ; to hold ; to pardon ; to show tolerance,7.0,"v,vn",勹,-0.2592445302801865
包括,bāo kuò,to comprise ; to consist of ; to include ; to incorporate ; to involve,4.0,v,勹,-0.9468848413893451
包袱,bāo fu,a bundle wrapped in cloth ; burden ; funny part ; load ; punchline ; weight ; wrapping cloth,7.0,n,勹,-0.11135115844695108
包装,bāo zhuāng,packaging ; to pack ; to package ; to wrap,5.0,"n,v,vn",勹,-0.86564763714292
包裹,bāo guǒ,bundle ; package ; parcel ; to bind up ; to wrap up,4.0,"n,v",勹,0.7374734756663348
匆匆,cōng cōng,hurriedly,7.0,"z,d",勹,0.7993126936423796
匆忙,cōng máng,hasty ; hurried,7.0,"a,ad",勹,0.8832720494780241
化妆,huà zhuāng,to put on makeup,7.0,"v,vn",匕,-0.9813964084130706
化石,huà shí,fossil,5.0,n,匕,0.3088833553510575
化肥,huà féi,fertilizer,7.0,n,匕,6.350238156456146
化解,huà jiě,to defuse (conflicts) ; to dispel (doubts) ; to dissolve ; to iron out (difficulties) ; to neutralize (fears) ; to resolve (contradictions),6.0,v,匕,0.39285450397116084
化身,huà shēn,embodiment (of abstract idea) ; incarnation ; personification ; reincarnation,7.0,"n,v",匕,0.40601526731473636
化验,huà yàn,chemical examination ; to do a lab test,7.0,"v,vn",匕,-0.2873651009808732
北方,běi fāng,China north of the Yellow River ; north ; the northern part a country,2.0,"s,f",匕,-0.437980624403328
北极,běi jí,the North Pole; the Arctic Pole ; the north magnetic pole,5.0,"n,ns",匕,-0.11696102780608274
北边,běi biān,north ; north side ; northern part ; to the north of,1.0,f,匕,1.9129039901670803
北部,běi bù,northern part,3.0,f,匕,0.8637320825958672
汇合,huì hé,confluence ; fusion ; to converge ; to fuse ; to join,7.0,v,氵,0.4750148157932699
汇款,huì kuǎn,remittance ; to remit money,5.0,"n,v",氵,-0.23736118250630628
汇率,huì lǜ,exchange rate,4.0,n,氵,0.36682873129202037
汇聚,huì jù,convergence ; to come together,7.0,v,氵,1.1023781628541995
匹配,pǐ pèi,compatible ; matching ; to match ; to mate or marry,7.0,"v,vn",匸,0.25747095634491013
匿名,nì míng,anonymous,7.0,"vn,v",匸,-0.7434012672913287
区分,qū fēn,to differentiate ; to divide into categories ; to draw a distinction,6.0,"v,vn",匸,1.0896079629925781
区别,qū bié,difference ; to discriminate ; to distinguish ; to make a distinction,3.0,"n,v",匸,-0.7995240136498399
区域,qū yù,area ; district ; region,5.0,n,匸,-0.5496935730266204
十分,shí fēn,absolutely ; completely ; extremely ; hundred percent ; to divide into ten equal parts ; utterly ; very,2.0,d,十,-0.9622470050128686
十足,shí zú,a pure shade (of some color) ; ample ; complete ; hundred percent,5.0,"z,b",十,0.48698030312206697
千万,qiān wàn,countless ; many ; one must by all means ; ten million,3.0,"m,t",十,-1.0256484769167291
升值,shēng zhí,to appreciate ; to rise in value,6.0,"v,vn",十,0.21983488146555427
升学,shēng xué,to enter the next grade school,6.0,"v,vn",十,-0.31378143714196577
升级,shēng jí,(computing) to upgrade ; to escalate (in intensity) ; to go up by one grade; to be promoted,6.0,"v,vn",十,-1.3076353108874925
升高,shēng gāo,to ascend ; to raise,5.0,"v,vn",十,2.647932670419987
午睡,wǔ shuì,siesta ; to take a nap,2.0,v,十,-0.4736638818729144
午饭,wǔ fàn,lunch,1.0,n,十,-0.7698411890213388
午餐,wǔ cān,lunch ; luncheon,2.0,"n,v",十,-1.508645316266468
半夜,bàn yè,in the middle of the night ; midnight,2.0,t,十,-0.4174109476870853
半天,bàn tiān,a long time ; half of the day ; midair ; quite a while,1.0,"mq,t",十,-0.2716241666598534
半年,bàn nián,half a year,1.0,nr,十,-0.8991177015481011
半数,bàn shù,half the number; half,7.0,m,十,0.20369159087812355
半路,bàn lù,halfway ; midway ; on the way,7.0,n,十,2.2700092005003243
卑鄙,bēi bǐ,base ; contemptible ; despicable ; mean,7.0,a,十,0.16712060418622673
卓越,zhuó yuè,distinguished ; outstanding ; splendid ; surpassing,7.0,"a,an",十,0.1267387921487326
协作,xié zuò,cooperation ; coordination,7.0,"v,vn",十,1.76516439173008
协助,xié zhù,to aid ; to provide assistance,6.0,"v,vn",十,-0.8911880368661623
协同,xié tóng,collaborate ; collaboration ; collaborative ; coordinated ; in coordination with ; to cooperate,7.0,"v,vn",十,0.29560419696462287
协商,xié shāng,agreement ; to consult with ; to talk things over,6.0,"v,vn",十,0.40861902386109533
协定,xié dìng,accord ; agreement ; to reach an agreement,7.0,n,十,-0.3031178280863488
协会,xié huì,a society ; an association,6.0,n,十,-0.14859666984435485
协调,xié tiáo,concerted ; harmonious ; to coordinate ; to fit together ; to harmonize ; to match (colors etc),6.0,"v,vn,a,ad,an",十,-0.05249446771476308
协议,xié yì,agreement ; pact ; protocol,5.0,"n,v",十,-0.9660224520050898
南方,nán fāng,south ; the South ; the southern part of the country,2.0,"s,f",十,0.42243072634126017
南极,nán jí,south pole,5.0,ns,十,0.4381598678778212
南瓜,nán guā,pumpkin,7.0,n,十,-0.367430614781436
南部,nán bù,southern part,3.0,f,十,1.054978000925992
博士,bó shì,Ph.D. ; court academician (in feudal China) ; doctor,5.0,n,十,-0.8552326109574815
占卜,zhān bǔ,to divine,7.0,v,⺊,0.42475052166406874
卡片,kǎ piàn,card,7.0,n,卜,0.2155504759485189
卡车,kǎ chē,truck,7.0,"n,q",卜,3.071540274943806
卡通,kǎ tōng,cartoon (loanword),7.0,n,卜,-0.7677463909997927
印刷,yìn shuā,printing ; to print,5.0,"vn,v",卩,-0.006549957455970724
印章,yìn zhāng,chop ; seal ; signet ; stamp,7.0,n,卩,-0.42979058406675213
印证,yìn zhèng,proof; evidence ; to confirm; to corroborate; to verify,7.0,"v,vn",卩,1.0225612319238127
印象,yìn xiàng,a memory ; impression (sth that stays in one's mind),3.0,n,卩,-0.11603792023039886
危及,wēi jí,"a danger (to life, national security etc) ; to endanger ; to jeopardize",7.0,v,㔾,1.4765143929971825
危害,wēi hài,damage ; harmful effect ; to endanger ; to harm ; to jeopardize,3.0,"v,vn",㔾,-0.933084931693639
危急,wēi jí,critical ; desperate (situation),7.0,a,㔾,-1.3901743934070978
危机,wēi jī,crisis,6.0,n,㔾,-0.613887964678847
危险,wēi xiǎn,danger ; dangerous,3.0,"a,an,n",㔾,-1.4111346336052941
即使,jí shǐ,even if; even though,5.0,c,卩,-0.8396100716793223
即便,jí biàn,even if ; even though ; immediately ; right away,7.0,c,卩,1.8212281741663008
即可,jí kě,(do sth) and that will suffice ; can immediately (do sth) ; can then (do sth) ; equivalent to 就可以,7.0,v,卩,0.9757054068737963
即将,jí jiāng,on the eve of ; to be about to ; to be on the verge of,4.0,d,卩,0.23493666943444055
厄运,è yùn,adversity ; bad luck ; misfortune,7.0,n,厂,0.8563113764387412
厚度,hòu dù,thickness,7.0,n,厂,1.3579250750949532
厚道,hòu dao,generous ; kind and honest ; sincere,7.0,a,厂,1.8425907706309081
原来,yuán lái,"at first ; former ; formerly ; original ; originally ; so, actually, as it turns out",2.0,"d,b",厂,-1.1294199680736239
原先,yuán xiān,former ; original ; originally,5.0,"d,b",厂,-0.07660280133750595
原则,yuán zé,doctrine ; principle,4.0,n,厂,-1.2047987200907389
原告,yuán gào,complainant ; plaintiff,6.0,n,厂,0.7421366518808653
原因,yuán yīn,cause ; origin ; reason ; root cause,2.0,n,厂,-1.6034220545539632
原地,yuán dì,(in) the original place ; local (product) ; place of origin ; the place where one currently is,7.0,n,厂,-0.5733995503829522
原型,yuán xíng,archetype ; model ; prototype,7.0,n,厂,1.8780136524458602
原始,yuán shǐ,first ; original ; original (document etc) ; primitive,5.0,a,厂,0.6071436677365708
原料,yuán liào,raw material,4.0,n,厂,-0.26938738802653195
原有,yuán yǒu,former ; original,5.0,"v,vn",厂,0.12677417050210724
原本,yuán běn,original ; originally,7.0,"d,n",厂,-0.8894838023265713
原理,yuán lǐ,principle ; theory,5.0,n,厂,-0.2283900152058231
原装,yuán zhuāng,genuine ; intact in original packaging (not locally assembled and packaged),7.0,b,厂,-0.009804653138920429
原谅,yuán liàng,to excuse ; to forgive ; to pardon,6.0,"v,vn",厂,-0.8367459394783276
厌倦,yàn juàn,to be weary of; to be fed up with; to be bored with,7.0,"v,vn",厂,-0.20223405469936628
厉害,lì hai,"(of a person) stern ; (of a resemblance) striking ; (of an animal) fierce ; (of bacteria) virulent ; (of liquor or chili pepper) strong ; (used to describe sb or sth that makes a very strong impression, whether favorable or unfavorable) terrible ; amazing ; awesome ; devastating ; harsh ; intense ; outstanding ; severe ; shrewd ; strict ; tough",5.0,"a,an",厂,-1.2551696164783435
去世,qù shì,to die ; to pass away,3.0,"v,vn",厶,-0.6143969232036596
去向,qù xiàng,direction in which sb or sth has gone; whereabouts,7.0,n,厶,1.4028516683041183
去年,qù nián,last year,1.0,t,厶,-1.3987667900100846
去掉,qù diào,to delete ; to eliminate ; to exclude ; to extract ; to get rid of ; to remove ; to strip out,6.0,v,厶,1.2332169293087778
去处,qù chù,destination ; place,7.0,n,厶,0.502366052314505
去除,qù chú,to dislodge ; to remove,7.0,v,厶,2.3885985184025538
参加,cān jiā,to join ; to participate ; to take part,2.0,v,厶,-1.6821856900813459
参照,cān zhào,to consult a reference ; to refer to (another document),7.0,"v,vn",厶,1.1409019669558649
参考,cān kǎo,consultation ; reference ; to consult ; to refer,4.0,"v,vn",厶,-1.419596842380963
参与,cān yù,to participate (in sth),4.0,"v,vn",厶,-1.1725003461314203
参见,cān jiàn,compare (cf.) ; see also ; to pay respect to ; to refer to,7.0,v,厶,-0.4679238246864649
参观,cān guān,to look around ; to tour ; to visit,2.0,"v,vn",厶,-0.5789858341731677
参谋,cān móu,staff officer ; to give advice,7.0,n,厶,1.2947839788457283
参军,cān jūn,to join the army,7.0,v,厶,0.7183240722661328
叉子,chā zi,fork,5.0,n,又,1.854047299434891
及早,jí zǎo,at the earliest possible time; as soon as possible,7.0,d,又,1.9821639143002512
及时,jí shí,promptly; without delay ; timely; at the right time,3.0,"ad,a",又,-0.6034611457089495
及格,jí gé,to meet a minimum standard ; to pass an exam or a test,4.0,v,又,0.048626095757939324
友人,yǒu rén,friend,7.0,n,又,-0.7474370899381871
友善,yǒu shàn,friendly,7.0,"a,nr,an",又,-0.17620828202022698
友好,Yǒu hǎo | yǒu hǎo,"Youhao district of Yichun city 市, Heilongjiang ; close friend ; friendly; amicable",2.0,"a,ad",又,-0.29921219326680976
友情,yǒu qíng,friendly feelings ; friendship,7.0,n,又,-1.4616475106046738
友谊,yǒu yì,companionship ; fellowship ; friendship,5.0,n,又,-1.52530935816317
反问,fǎn wèn,rhetorical question ; to answer a question with a question ; to ask (a question) in reply,6.0,v,又,0.06868681394936912
反对,fǎn duì,to oppose; to be against; to object to,3.0,"v,vn",又,-0.5889985040921938
反差,fǎn chā,contrast; discrepancy,7.0,n,又,0.3372643017063799
反常,fǎn cháng,abnormal ; unusual,7.0,a,又,-0.03349883771079505
反弹,fǎn tán,backlash ; bounce ; negative repercussions ; rebound (of stock market etc) ; to boomerang ; to bounce ; to bounce back ; to ricochet,7.0,"v,vn",又,1.1988237573279117
反思,fǎn sī,reassessment ; reflection ; to rethink ; to review ; to revisit ; to think back over sth,7.0,"v,vn",又,-0.3561042738047709
反感,fǎn gǎn,antipathy ; bad reaction ; to be disgusted with ; to dislike,7.0,"v,an",又,0.1272831290269214
反应,fǎn yìng,chemical reaction ; reaction ; reply ; response ; to react ; to respond,3.0,"vn,v,n",又,-0.9712299650978091
反抗,fǎn kàng,to rebel ; to resist,6.0,"v,vn",又,0.10644128387158558
反击,fǎn jī,to beat back ; to counterattack ; to strike back,7.0,"v,vn",又,-0.43459574089306047
反映,fǎn yìng,(fig.) to report ; mirror image ; reflection ; to make known ; to mirror ; to reflect ; to render,4.0,"v,vn",又,-0.0163258372892772
反正,fǎn zhèng,anyway ; in any case ; to come over from the enemy's side,3.0,d,又,-0.9455947559006237
反省,fǎn xǐng,to examine one's conscience ; to question oneself ; to reflect upon oneself ; to search one's soul,7.0,"v,vn",又,-0.8467821949662698
反而,fǎn ér,on the contrary; instead,4.0,d,又,0.18404502173756468
反面,fǎn miàn,backside ; bad ; negative ; reverse side ; the other side (of a problem etc),7.0,"n,b",又,-0.5847023057907011
反响,fǎn xiǎng,echo ; reaction ; repercussions,6.0,n,又,5.968278863889625
反驳,fǎn bó,to refute ; to retort,7.0,"v,vn",又,-0.5848560791869352
叔叔,shū shu,Taiwan pr. [shú shu] ; father's younger brother ; uncle,4.0,n,又,-0.9641998224226381
取代,qǔ dài,(chemistry) substitution ; to replace ; to supersede ; to supplant,7.0,v,又,-0.5072523413209561
取胜,qǔ shèng,to prevail over one's opponents ; to score a victory,7.0,"v,vn",又,-0.22072072617852015
取得,qǔ dé,to acquire; to get; to obtain,2.0,v,又,-0.7467861508015963
取暖,qǔ nuǎn,to warm oneself (by a fire etc),7.0,"v,vn",又,0.6997190057441184
取消,qǔ xiāo,cancellation ; to cancel,3.0,v,又,-0.26122093325887336
取笑,qǔ xiào,to tease; to make fun of,7.0,v,又,-0.42561278080811854
取经,qǔ jīng,to journey to India on a quest for the Buddhist scriptures ; to learn by studying another's experience,7.0,v,又,1.477567688400184
取缔,qǔ dì,to suppress; to crack down on; to prohibit,7.0,v,又,1.9687545680864973
受伤,shòu shāng,harmed ; to sustain injuries ; wounded (in an accident etc),3.0,"v,vn",又,-1.168085752787067
受到,shòu dào,"to be ...ed (praised, educated, punished etc) ; to receive (praise, an education, punishment etc)",2.0,v,又,-0.5192178286497532
受害,shòu hài,"damaged ; injured ; killed ; robbed ; to suffer damage, injury etc",7.0,"v,vn",又,-0.1978076685705543
受灾,shòu zāi,disaster-stricken ; to be hit by a natural calamity,5.0,"v,vn",又,1.1123790399887674
受理,shòu lǐ,to accept to hear a case ; to handle (a service),7.0,"v,vn",又,0.44362775662517623
受益,shòu yì,profit ; to benefit from,7.0,"v,vn",又,-0.2724052936237621
受苦,shòu kǔ,to suffer hardship,7.0,v,又,-0.15963904959746808
受贿,shòu huì,to accept a bribe,7.0,"v,vn",又,-0.1858068028883837
受骗,shòu piàn,to be cheated ; to be hoodwinked ; to be taken in,7.0,v,又,0.7930400923621985
受惊,shòu jīng,startled,7.0,v,又,-0.13841843374463594
叛逆,pàn nì,a rebel ; to rebel ; to revolt,7.0,"n,vn",又,0.19457844296586374
丛林,cóng lín,Buddhist monastery ; forest ; jungle ; thicket,7.0,n,一,0.2980895584681227
口吃,kǒu chī,Taiwan pr. [kǒu jí] ; to stammer; to stutter,7.0,v,口,0.8496953828144412
口味,kǒu wèi,a person's preferences ; flavor ; tastes (in food),7.0,n,口,-0.3767923455638727
口哨,kǒu shào,whistle,7.0,n,口,0.4415447513880888
口径,kǒu jìng,(fig.) stance (on an issue); version (of events); account; narrative; line ; bore; caliber; diameter; aperture,7.0,n,口,0.7766364261201321
口才,kǒu cái,eloquence,7.0,n,口,-1.3646575792527715
口气,kǒu qì,manner of expression ; the way one speaks ; tone ; tone of voice,7.0,n,口,-0.20391470367004128
口水,kǒu shuǐ,saliva,7.0,n,口,-0.6677739324040353
口碑,kǒu bēi,commonly held opinions ; current idiom ; public praise ; public reputation,7.0,n,口,0.19757276299417773
口罩,kǒu zhào,mask (surgical etc),7.0,n,口,-0.6725908820148009
口腔,kǒu qiāng,oral cavity,7.0,n,口,-0.7191863314101826
口号,kǒu hào,catchphrase ; slogan,5.0,n,口,-0.6620456680020446
口袋,kǒu dài,bag ; pocket ; sack,4.0,"n,q",口,-0.5270408910732901
口试,kǒu shì,oral examination ; oral test,6.0,v,口,-0.38136071230445995
口语,kǒu yǔ,colloquial speech ; gossip ; slander ; spoken language ; vernacular language,4.0,n,口,-0.24675829164211793
口音,kǒu yin | kǒu yīn,accent ; oral speech sounds (linguistics) ; voice,7.0,n,口,-0.5515044098246131
口头,kǒu tóu,oral ; verbal,7.0,"n,d",口,-0.3381265608504297
古人,gǔ rén,(literary) deceased person ; extinct human species such as Homo erectus or Homo neanderthalensis ; people of ancient times ; the ancients,7.0,n,口,0.13585194006099247
古代,gǔ dài,ancient times,3.0,t,口,-0.8509364126559874
古典,gǔ diǎn,classical,6.0,b,口,-0.893780000628064
古怪,gǔ guài,bizarre ; eccentric ; strange ; weird,7.0,a,口,-0.991941622425827
古朴,gǔ pǔ,"simple and unadorned (of art, architecture etc)",7.0,a,口,2.8682104742420247
古老,gǔ lǎo,age-old ; ancient ; old,5.0,a,口,-1.1795304888065912
古董,gǔ dǒng,antique ; curio,7.0,n,口,-0.5770330167633982
古迹,gǔ jì,historical sites ; places of historic interest,7.0,n,口,-0.2747368817310279
句子,jù zi,sentence,2.0,n,口,-0.5336922630509647
另外,lìng wài,additional ; besides ; furthermore ; in addition ; moreover ; other ; separate,3.0,"r,c,d",口,-0.35443541761855446
只好,zhǐ hǎo,to have no other option but to ...; to have to; to be forced to,3.0,d,口,0.43218302060565206
只得,zhǐ dé,to have no alternative but to; to be obliged to,6.0,d,口,0.7381126220184668
只是,zhǐ shì,but; however ; merely; only; just; nothing but ; simply,3.0,"d,c,v",口,-0.5112999567522718
只有,zhǐ yǒu,"(used in combination with 才) it is only if one ... (that one can ...) (Example: 只有通过治疗才能痊愈 ""the only way to cure it is with therapy"") ; (used to indicate that one has no alternative) one can only (do a certain thing) (Example: 服 ""the only thing you can do is give in"") ; it is only ... (who ...) (Example: 要 ""only men would have such a requirement"") ; only have ... ; there is only ...",3.0,"c,d,v",口,-0.8068145319796481
只管,zhǐ guǎn,"by all means ; do not hesitate (to ask for sth) ; just (one thing, no need to worry about the rest) ; please feel free ; simply ; solely engrossed in one thing",6.0,d,口,2.9469387314160325
只要,zhǐ yào,if only ; so long as,2.0,c,口,-0.847444926887318
只见,zhǐ jiàn,"to see (the same thing) over and over again ; to see, to one's surprise, (sth happen suddenly)",5.0,v,口,5.4980522244015075
只顾,zhǐ gù,engrossed ; focusing (on sth) ; solely preoccupied (with one thing) ; to look after only one aspect,6.0,"v,d",口,2.4409222321999278
叫好,jiào hǎo,to applaud ; to cheer,7.0,v,口,2.5095312171965074
召开,zhào kāi,to call together ; to convene (a conference or meeting) ; to convoke,4.0,v,口,0.743604096334738
召集,zhào jí,to convene ; to gather,7.0,v,口,-0.21705188144470072
叮嘱,dīng zhǔ,to exhort again and again ; to urge ; to warn repeatedly,7.0,"v,vn",口,-0.23607109701758486
可以,kě yǐ,able to ; can ; may ; not bad ; possible ; pretty good,2.0,v,口,-1.7782643066420216
可信,kě xìn,trustworthy,7.0,"a,an",口,-0.35805709121454043
可怕,kě pà,awful ; dreadful ; fearful ; formidable ; frightful ; hideous ; horrible ; scary ; terrible ; terribly,2.0,a,口,-0.9097931033881768
可耻,kě chǐ,disgraceful ; ignominious ; shameful,7.0,a,口,-0.2283900152058231
可悲,kě bēi,lamentable,7.0,a,口,-0.6440797478321622
可惜,kě xī,it is a pity ; unfortunately ; what a pity,5.0,"v,a",口,-0.8866196701255752
可恶,kě wù,abominable ; hateful ; repulsive ; vile,7.0,a,口,-1.4270175485380876
可爱,kě ài,adorable ; cute ; lovely,2.0,a,口,-1.1976383895882503
可怜,kě lián,pathetic ; pitiful ; to have pity on,5.0,"v,a,vn",口,-0.6091894101109403
可是,kě shì,(used for emphasis) indeed ; but; however,2.0,"c,d,v",口,-0.43499809715947135
可乐,kě lè,(loanword) cola ; amusing ; entertaining,3.0,"n,nz,a",口,-1.0856650653103221
可疑,kě yí,dubious ; suspicious,7.0,a,口,-0.9373811299951317
可笑,kě xiào,funny ; ridiculous,7.0,"a,an",口,-0.8674820595098305
可能,kě néng,maybe ; might (happen) ; perhaps ; possibility ; possible ; probability ; probable,2.0,"v,n",口,-0.8824418668669416
可行,kě xíng,feasible,7.0,a,口,0.9615149336961352
可见,kě jiàn,clear ; it can clearly be seen (that this is the case) ; it is (thus) clear ; visible,4.0,"v,c",口,1.023839524628077
可观,kě guān,considerable ; impressive ; significant,7.0,a,口,1.343225643392479
可谓,kě wèi,it could even be said,7.0,v,口,4.389017501832936
可贵,kě guì,praiseworthy ; to be treasured,7.0,a,口,0.4167972714132112
可靠,kě kào,reliable,3.0,a,口,-1.107015868990472
右边,yòu bian,"right side ; right, to the right",1.0,f,口,-0.3610514112428544
司令,sī lìng,commanding officer,7.0,n,口,1.882025889523801
司机,sī jī,chauffeur; driver,2.0,n,口,-0.7864934381335837
司法,sī fǎ,(administration of) justice ; judicial,7.0,n,口,1.074494382239233
司长,sī zhǎng,bureau chief,6.0,n,口,1.6219341961113753
吃力,chī lì,laborious ; strain ; strenuous ; to entail strenuous effort ; to toil at a task,5.0,a,口,-0.14910562836916902
吃苦,chī kǔ,to bear hardships,7.0,"v,vn",口,0.47212709802335645
吃亏,chī kuī,to be at a disadvantage ; to come to grief ; to get the worst of it ; to lose out ; to suffer losses ; unfortunately,7.0,"a,v",口,-1.035672939620214
吃饭,chī fàn,to eat ; to have a meal ; to make a living,1.0,"v,vn",口,-1.6633084551202386
吃惊,chī jīng,to be amazed ; to be shocked ; to be startled,4.0,a,口,0.5586902104053615
各位,gè wèi,"all (guests, colleagues etc) ; all of you ; everybody",3.0,r,口,-1.3323709980779102
各个,gè gè,"every ; separately, one by one ; various",4.0,r,口,0.35680426858853553
各种,gè zhǒng,every kind of; all kinds of; various,3.0,r,口,-0.18765301803975146
各自,gè zì,apiece ; each ; respective,3.0,r,口,0.9923458632015814
合乎,hé hū,to accord with; to conform to,7.0,v,口,0.2932844016418159
合伙,hé huǒ,to act jointly ; to form a partnership,7.0,"v,vn",口,0.4088676067312737
合作,hé zuò,cooperation ; to collaborate ; to cooperate ; to work together,3.0,"vn,v",口,-1.8218772287935483
合同,hé tong,(business) contract,4.0,n,口,0.642673151809922
合唱,hé chàng,chorus ; to chorus,7.0,"vn,v",口,-1.0895824929143187
合影,hé yǐng,group photo ; to take a joint photo,7.0,"n,v",口,1.4995694312169248
合格,hé gé,eligible (voter etc) ; qualified ; to meet the standard required,3.0,"v,vn",口,-0.2780033701984349
合法,hé fǎ,lawful ; legal ; legitimate,3.0,"a,ad",口,-1.0872391120225955
合理,hé lǐ,rational; reasonable; sensible; fair,3.0,"a,ad",口,-1.0399691379217082
合约,hé yuē,contract ; treaty,6.0,n,口,-0.437980624403328
合计,hé jì,to add up the total ; to consider ; to figure what sth amounts to,7.0,v,口,-0.5781929144248017
合资,hé zī,joint venture,7.0,"vn,v",口,0.4787902627854911
合适,hé shì,appropriate ; fitting ; suitable,2.0,a,口,-1.0975121575962588
吉他,jí tā,guitar (loanword),7.0,n,口,0.4959750559914662
吉利,Jí lì | jí lì,"Geely, Chinese car make ; auspicious ; lucky ; propitious",6.0,"a,n",口,-0.677017268143613
吉祥,jí xiáng,auspicious ; lucky ; propitious,6.0,n,口,-0.7966480886643865
吊销,diào xiāo,to revoke ; to suspend (an agreement),7.0,v,口,1.5800373012839013
同事,tóng shì,colleague; co-worker,2.0,n,口,-0.5743108651741772
同伙,tóng huǒ,accomplice ; co-conspirator ; colleague,7.0,n,口,1.4951312523036542
同伴,tóng bàn,companion; comrade; fellow,7.0,n,口,-0.6455000211482014
同学,tóng xué,classmate ; fellow student ; to study at the same school,1.0,n,口,-1.2473701396237211
同年,tóng nián,the same year,7.0,"d,t",口,0.05712368288698444
同志,tóng zhì,(slang) homosexual ; comrade,7.0,n,口,-0.6291081476905938
同情,tóng qíng,sympathy ; to sympathize with,4.0,"v,vn",口,-1.643910468849858
同意,tóng yì,to agree ; to approve ; to consent,3.0,"v,vn",口,-0.4895467968057094
同感,tóng gǎn,(have the) same feeling ; common feeling ; similar impression,7.0,n,口,-0.9843789356569258
同时,tóng shí,at the same time ; simultaneously,2.0,"c,n,d",口,-0.6083964903625743
同期,tóng qī,concurrent ; synchronous ; the corresponding time period (in a different year etc),6.0,f,口,0.16972436073258562
同样,tóng yàng,equal ; equivalent ; same,2.0,"b,d",口,-0.018006486259953672
同步,tóng bù,synchronous ; to keep step with ; to synchronize,7.0,"v,vn,b",口,-0.5391365662294051
同盟,tóng méng,alliance,7.0,n,口,-0.10327951315323572
同等,tóng děng,equal to ; having the same social class or status,7.0,"b,d",口,0.06337269859824667
同胞,tóng bāo,born of the same parents ; compatriot ; fellow citizen ; sibling,6.0,n,口,-0.5582741768451498
同行,tóng háng | tóng xíng,"of the same trade, occupation or industry ; person of the same profession ; to journey together",6.0,"n,v",口,-1.108578122918288
同类,tóng lèi,alike ; same type ; similar,7.0,n,口,-0.4309622745126145
名人,míng rén,celebrity ; personage,4.0,n,口,-0.4520527025381287
名利,míng lì,fame and profit,7.0,n,口,0.20538403263325736
名胜,míng shèng,a place famous for its scenery or historical relics ; scenic spot,6.0,n,口,1.5210504227243928
名单,míng dān,list of names,2.0,n,口,-0.7327376582357118
名字,míng zi,name (of a person or thing),1.0,n,口,-1.0650953885940795
名气,míng qì,reputation; fame,7.0,n,口,-0.4849902228495795
名片,míng piàn,(business) card,4.0,n,口,0.4977858927894591
名称,míng chēng,name (of a thing) ; name (of an organization),2.0,n,口,-0.6409434471920715
名义,míng yì,in name ; name ; nominal ; ostensible purpose ; titular,6.0,n,口,-0.18089504380367477
名声,míng shēng,reputation,7.0,n,口,-0.1742318790415402
名著,míng zhù,masterpiece,7.0,,口,-0.350754780100275
名言,míng yán,famous remark ; saying,7.0,n,口,-0.32081157981713815
名誉,míng yù,emeritus (of retired professor) ; fame ; honor ; honorary ; reputation,6.0,n,口,-0.6392510054369377
名贵,míng guì,famous and valuable ; precious ; rare,7.0,a,口,-0.2730444399758941
名额,míng é,"number of places ; place (in an institution, a group etc) ; quota",6.0,n,口,-0.009425882441424161
向上,xiàng shàng,to advance ; to make progress ; to try to improve oneself ; up ; upward,5.0,v,口,-0.8186616242655846
向来,xiàng lái,always (previously),7.0,d,口,1.910028065181627
向前,xiàng qián,forward ; onward,5.0,v,口,-0.9785204834276172
君子,jūn zǐ,nobleman ; person of noble character,7.0,n,口,-0.8955908374260583
否则,fǒu zé,otherwise; if not; or (else),4.0,c,口,-1.6928610919214215
否定,fǒu dìng,negation ; negative (answer) ; to deny ; to negate ; to reject,3.0,"v,vn",口,0.22608389717681798
否决,fǒu jué,to overrule ; to veto,7.0,"v,vn",口,0.3321987692254358
否认,fǒu rèn,to declare to be untrue ; to deny,3.0,"v,vn",口,1.151316993141305
吩咐,fēn fù,to command ; to instruct ; to tell,7.0,"v,vn",口,-0.23280460855017782
含有,hán yǒu,including ; to contain,4.0,v,口,1.9022050027580901
含糊,hán hu,ambiguous ; careless ; perfunctory ; vague,7.0,"a,an",口,0.12311711855274658
含义,hán yì,connotation ; hidden meaning ; hint ; implied meaning ; meaning (implicit in a phrase),4.0,n,口,0.29795937064080485
含蓄,hán xù,"(of a person or style etc) reserved ; (of words, writings) full of hidden meaning ; implicit ; restrained ; to contain ; to hold ; veiled (criticism)",7.0,a,口,1.0240050908087706
含量,hán liàng,content ; quantity contained,4.0,n,口,1.6272836898158711
吵嘴,chǎo zuǐ,to quarrel,7.0,v,口,0.6195233041162377
吵架,chǎo jià,quarrel ; to have a row ; to quarrel,3.0,v,口,-1.7643342091189977
呐喊,nà hǎn,cheering ; rallying cry ; shout ; to shout,7.0,"v,vn",口,-0.062412328159846216
吸取,xī qǔ,"to absorb ; to assimilate ; to draw (a lesson, insight etc)",7.0,v,口,0.8974507298712268
吸引,xī yǐn,to attract; to appeal to; to fascinate,4.0,v,口,-1.3753329810928472
吸收,xī shōu,to absorb ; to assimilate ; to ingest ; to recruit,4.0,"v,vn",口,-0.20900382171990148
吸毒,xī dú,to take drugs,6.0,"v,vn",口,-0.7730958847042886
吸烟,xī yān,to smoke,4.0,"v,vn",口,-1.5965220997061103
吸管,xī guǎn,(drinking) straw ; eyedropper ; pipette ; snorkel,4.0,n,口,-0.8646061345243771
吹捧,chuī pěng,adulation ; to flatter ; to laud sb's accomplishments,7.0,"v,vn",口,1.4126039625685076
吹牛,chuī niú,to chat (dialect) ; to shoot off one's mouth ; to talk big,7.0,v,口,0.27568545938497097
吻合,wěn hé,to adjust oneself to ; to be a good fit ; to be identical with ; to fit in,7.0,v,口,-0.17356914712049204
呈现,chéng xiàn,to appear ; to demonstrate ; to emerge ; to present (a certain appearance),7.0,v,口,-0.7668468689930249
告别,gào bié,to bid farewell to; to say goodbye to ; to leave; to part from,3.0,"v,vn",口,-0.23609468258650212
告状,gào zhuàng,"to bring a lawsuit ; to complain (to a teacher, a superior etc) ; to tell on sb",7.0,v,口,-0.0900003547668011
告知,gào zhī,to inform,7.0,"v,vn",口,-0.33501384577925664
告示,gào shi,announcement,7.0,n,口,-0.07945514075404472
告诉,gào su | gào sù,to press charges; to file a complaint ; to tell; to inform; to let know,1.0,v,口,-1.419596842380963
告诫,gào jiè,to admonish ; to warn,7.0,"v,vn",口,0.28312975111101313
告辞,gào cí,to say goodbye ; to take one's leave,7.0,v,口,-0.7124283571741062
周到,zhōu dào,also pr. [zhōu dao] ; attentive ; considerate ; thorough ; thoughtful,7.0,a,口,3.0913406174805984
周围,zhōu wéi,environs; surroundings; periphery,3.0,f,口,-0.5050509410410081
周密,zhōu mì,careful ; dense ; impenetrable ; meticulous ; thorough,7.0,"a,ad",口,3.8820661022566876
周旋,zhōu xuán,to contend ; to deal with ; to mix with others ; to socialize,7.0,"v,vn",口,2.871855733406928
周边,zhōu biān,all around ; perimeter ; peripheral (computing) ; periphery ; rim ; spin-offs ; surroundings,7.0,"n,nr",口,0.24313850255547378
味精,wèi jīng,monosodium glutamate (MSG),7.0,n,口,0.5753896306554397
味道,wèi dao,(dialect) smell; odor ; (fig.) feeling (of ...); sense (of ...); hint (of ...) ; (fig.) interest; delight ; flavor; taste,2.0,n,口,-1.3449992173277554
呵护,hē hù,to bless ; to cherish ; to conserve ; to take good care of,7.0,"v,vn",口,-1.1705475287216507
呼吸,hū xī,to breathe,4.0,"v,vn",口,-1.5950900336056124
呼唤,hū huàn,to call out (a name etc) ; to shout,7.0,"v,vn",口,-0.9829468695564277
呼应,hū yìng,(linguistics) agreement ; to conform (with) ; to correlate well ; to echo,7.0,v,口,-0.599283342450316
呼救,hū jiù,to call for help,7.0,v,口,-0.24935025540401948
呼吁,hū yù,an appeal ; to appeal (to) ; to call on (sb to do sth),7.0,"v,vn",口,-0.46311866786015804
呼声,hū shēng,"a shout ; fig. opinion or demand, esp. expressed by a group",7.0,n,口,1.6719381145859422
命令,mìng lìng,command ; order,5.0,"n,v",口,-0.7816764885228181
命名,mìng míng,named after ; naming ; to christen ; to designate ; to dub ; to give a name to,7.0,"v,vn",口,-0.7819368641774539
命运,mìng yùn,fate; destiny,3.0,n,口,-1.213651492348363
命题,mìng tí,"proposition (logic, math.) ; to assign an essay topic",7.0,n,口,1.070860915858787
和尚,hé shang,Buddhist monk,7.0,n,口,-0.09848614911138737
和平,Hé píng | hé píng,"Heping District of Shenyang city 沈阳市, Liaoning ; Heping or Hoping Township in Taichung County 台中县, Taiwan ; peace ; peaceful",3.0,"n,ad,a",口,-1.5259602972997595
和气,hé qi,amiable ; friendly ; polite,7.0,"a,ad,an",口,-0.4594734086952532
和睦,hé mù,harmonious ; peaceful relations,7.0,"a,an,ad",口,0.7439828670322343
和解,hé jiě,conciliation ; settlement ; to become reconciled ; to reconcile ; to settle (a dispute out of court),7.0,"v,vn",口,-0.1420754856939966
和谐,hé xié,(euphemism) to censor ; harmonious ; harmony,6.0,"a,an,ad",口,-0.7583728674328971
咖啡,kā fēi,coffee (loanword),3.0,n,口,-0.9645903859045918
咱们,zán men,(dialect) (in a coaxing or familiar way) you ; (dialect) I or me ; also pr. [zá men] ; we or us (including both the speaker and the person(s) spoken to),2.0,r,口,2.8439601600075024
咳嗽,ké sou,to cough,7.0,v,口,-0.5264017447211581
咽喉,yān hóu,throat,7.0,n,口,-1.111181879464647
哀求,āi qiú,to entreat ; to implore ; to plead,7.0,"v,vn",口,-0.7611068118065754
品尝,pǐn cháng,to sample ; to taste a small amount,7.0,v,口,-0.7396258202991075
品德,pǐn dé,moral character,7.0,n,口,-0.23827249729753283
品牌,pǐn pái,brand name ; trademark,6.0,n,口,-0.277601013932024
品种,pǐn zhǒng,breed ; variety,5.0,n,口,-0.3243266511547236
品行,pǐn xíng,behavior ; moral conduct,7.0,n,口,-0.5766306604969857
品质,pǐn zhì,"character ; intrinsic quality (of a person) ; quality (of a product or service, or as in ""quality of life"", ""air quality"" etc)",4.0,n,口,-0.783368930277952
哆嗦,duō suo,to shiver ; to tremble ; uncontrolled shaking of the body,7.0,v,口,2.4633145384986204
哎呀,āi yā,"interjection of wonder, shock or admiration",7.0,e,口,0.9711488329176665
员工,yuán gōng,employee ; personnel ; staff,3.0,n,口,-1.2309546805971971
哥哥,gē ge,older brother,1.0,n,口,-1.7244967339596924
哪些,nǎ xiē,what? ; which ones? ; who?,1.0,r,口,0.08118484537189505
哪儿,nǎ r,(used in rhetorical questions) how can ...?; how could ...? ; where? ; wherever; anywhere; somewhere,1.0,r,口,-0.30557960402093254
哪怕,nǎ pà,even ; even if ; even though ; no matter how,4.0,c,口,0.30017256370521156
哭泣,kū qì,to weep,7.0,"v,vn",口,-0.5989045717528196
哲学,zhé xué,philosophy,6.0,n,口,0.0875640489104766
哺育,bǔ yù,(fig.) to nurture; to foster ; to feed,7.0,"v,vn",口,2.0216226187620587
售价,shòu jià,selling price,7.0,n,口,-0.4454249161293687
唯一,wéi yī,only; sole,5.0,"b,d",口,-0.8003051406137487
唯独,wéi dú,all except ; just (i.e. it is only that...) ; only ; unique,7.0,d,口,0.2135858657542906
唱歌,chàng gē,to sing a song,1.0,"v,vn",口,-0.9153911799628497
唱片,chàng piàn,LP ; gramophone record ; music CD ; musical album,4.0,n,口,-0.927096291637011
唾液,tuò yè,saliva,7.0,n,口,-0.02413710692835683
商人,shāng rén,businessman ; merchant,2.0,n,口,-0.6886157775593725
商务,shāng wù,business ; commerce ; commercial ; commercial affairs,4.0,n,口,-0.7775104780486418
商品,shāng pǐn,commodity ; goods ; merchandise,3.0,n,口,-0.6261020348778209
商场,shāng chǎng,department store ; emporium ; shopping center ; shopping mall ; the business world,1.0,n,口,-0.36978578845761795
商店,shāng diàn,store; shop,1.0,n,口,-1.2706619679291833
商业,shāng yè,business ; commerce ; trade,3.0,n,口,-1.0458275901510168
商标,shāng biāo,logo ; trademark,5.0,n,口,0.7938330121105657
商讨,shāng tǎo,to deliberate ; to discuss,7.0,v,口,-0.43082029390083776
商贩,shāng fàn,peddler ; trader,7.0,n,口,-0.12487889970356413
商贾,shāng gǔ,merchant,7.0,,口,7.339886710445969
商量,shāng liang,to consult ; to discuss ; to talk over,2.0,v,口,-1.5840240682835829
问世,wèn shì,to be published ; to come out,7.0,"v,vn",门,1.2135585673837617
问候,wèn hòu,(fig.) (coll.) to make offensive reference to (somebody dear to the person to whom one is speaking) ; to give one's respects ; to send a greeting,4.0,"vn,v",门,-0.48771237443879895
问卷,wèn juàn,questionnaire,7.0,n,门,-1.2649337035271926
问路,wèn lù,to ask for directions ; to ask the way (to some place),2.0,v,门,-0.23281640133463513
问题,wèn tí,issue ; problem ; question ; topic,2.0,n,门,-1.6254237973707026
启事,qǐ shì,"a notice ; announcement (written, on billboard, letter, newspaper or website) ; to post information",5.0,n,口,-0.49929909107009973
启动,qǐ dòng,(fig.) to set in motion ; to activate (a plan) ; to launch (an operation) ; to start (a machine),5.0,"v,vn",口,-0.2347810115288635
启发,qǐ fā,enlightenment ; motivation ; revelation ; to enlighten ; to explain (a text etc) ; to stimulate (a mental attitude),5.0,"v,vn",口,0.47747659172785356
启示,qǐ shì,enlightenment ; illumination ; lesson ; moral (of a story etc) ; revelation ; to enlighten ; to reveal,7.0,"vn,v",口,-0.11448745908704175
启迪,qǐ dí,enlightenment ; to edify,7.0,"vn,v",口,3.797834577981949
啤酒,pí jiǔ,beer (loanword),3.0,n,口,-1.3297672415315511
善意,shàn yì,benevolence ; goodwill ; kindness,7.0,n,口,0.20134820998639893
善于,shàn yú,to be good at; to be adept at,4.0,v,口,0.3928662967556182
善良,shàn liáng,good and honest ; kindhearted,4.0,"a,an",口,-0.8890932388446161
喇叭,lǎ ba,brass wind instrument ; horn (automobile etc) ; loudspeaker ; suona 锁呐 ; trumpet,7.0,n,口,-0.7897599266009908
喉咙,hóu lóng,the throat,7.0,n,口,-0.6108936446505329
喘息,chuǎn xī,to gasp for breath ; to take a breather,7.0,"v,vn",口,-0.14819431357794244
唤起,huàn qǐ,"to evoke (attention, recollection etc) ; to rouse (the masses) ; to waken (to action)",7.0,v,口,-0.5728552135047631
喜事,xǐ shì,happy occasion ; wedding,7.0,n,口,-0.32837426658603935
喜剧,xǐ jù,comedy,5.0,n,口,-0.9308717386292322
喜好,xǐ hào,fond of ; one's tastes ; preference ; to like ; to love ; to prefer,7.0,"vn,v,an",口,-0.993101520087232
喜悦,xǐ yuè,happy ; joyous,7.0,"an,a",口,-0.5546407104647038
喜爱,xǐ ài,favorite ; to be fond of ; to like ; to love,4.0,"v,vn",口,-0.27409773537889587
喜庆,xǐ qìng,festive ; jubilation,7.0,"v,vn",口,1.1385585860641418
喜欢,xǐ huan,to like; to be fond of,1.0,"v,vn",口,-1.075510414779518
喜酒,xǐ jiǔ,liquor drunk at a wedding feast ; wedding feast,7.0,n,口,0.06544391105087674
喝彩,hè cǎi,to acclaim ; to cheer,7.0,"v,vn",口,0.016244705109136132
喧哗,xuān huá,clamor ; hubbub ; to make a racket,7.0,v,口,-0.27342321067338893
喧闹,xuān nào,noisy ; to make a noise,7.0,"v,vn",口,0.47747659172785356
丧失,sàng shī,to forfeit ; to lose,6.0,"v,vn",十,-0.08584613707708362
丧生,sàng shēng,to die ; to lose one's life,7.0,v,十,-0.037155889660155685
乔装,qiáo zhuāng,to disguise oneself ; to feign ; to pretend,7.0,,大,1.6893832834465516
单一,dān yī,only ; single ; sole,5.0,a,丷,0.1626942180574147
单位,dān wèi,"unit (group of people as a whole) ; unit (of measure) ; work unit (place of employment, esp. in the PRC prior to economic reform)",2.0,n,丷,-1.1301893022530738
单元,dān yuán,(in a residential building) entrance or staircase ; element ; unit (forming an entity),3.0,n,丷,-0.5633515021105512
单打,dān dǎ,singles (in sports),6.0,n,丷,0.4603035913063372
单独,dān dú,alone ; by oneself ; on one's own,4.0,"d,b",丷,-0.21237691244571025
单纯,dān chún,merely ; pure ; purely ; simple ; unsophisticated,4.0,"a,ad",丷,-0.32798370310408426
单薄,dān bó,flimsy ; frail ; thin ; weak,7.0,a,丷,1.047569087553326
单调,dān diào,monotonous,4.0,"a,an",丷,-0.5697307056491328
单身,dān shēn,single ; unmarried,7.0,n,丷,-0.9334872879600514
嗅觉,xiù jué,sense of smell,7.0,n,口,-0.6095681808084366
嗓子,sǎng zi,throat ; voice,7.0,n,口,0.03395024962438131
呜咽,wū yè,to sob ; to whimper,7.0,v,口,0.33480252577179614
嗜好,shì hào,addiction ; habit ; hobby ; indulgence,7.0,n,口,0.8193380334804334
叹气,tàn qì,to heave a sigh ; to sigh,6.0,v,口,-0.9699280868246288
嘉宾,jiā bīn,esteemed guest ; guest (on a show) ; honored guest,6.0,n,口,0.38400173171353824
呕吐,ǒu tù,to vomit,7.0,"v,vn",口,-0.1708352027468138
尝试,cháng shì,to try; to attempt,5.0,"v,vn",⺌,-0.8023881458508361
唠叨,láo dao,garrulous ; nagging ; to chatter away ; to nag ; to prattle,7.0,"v,vn",口,0.08079428188994144
嘲弄,cháo nòng,to make fun of ; to poke fun at ; to tease,7.0,"v,vn",口,0.31528614445855524
嘲笑,cháo xiào,derision ; mockery ; to deride ; to jeer at ; to ridicule,7.0,"v,vn",口,-0.47029079114710415
嘴唇,zuǐ chún,lip,7.0,n,口,0.08132682598367172
嘴巴,zuǐ ba,mouth ; slap in the face,4.0,n,口,-0.7930028294994832
器官,qì guān,(physiology) organ; apparatus,4.0,n,口,-0.36806976113356804
器材,qì cái,equipment ; material,7.0,n,口,-0.11278322454744914
器械,qì xiè,apparatus ; equipment ; instrument ; weapon,7.0,n,口,1.0667066981690707
噪音,zào yīn,noise ; rumble ; static (in a signal),7.0,n,口,-0.907307741884677
喷泉,pēn quán,fountain,7.0,n,口,0.13378072760836351
吓人,xià rén,frightening ; scary ; to scare,7.0,"a,v",口,0.13584014727653362
向导,xiàng dǎo,guide,5.0,n,口,0.5852839055316067
向往,xiàng wǎng,to look forward to ; to yearn for,7.0,"v,vn",口,-0.06838917543201538
严厉,yán lì,severe ; strict,5.0,"a,ad",一,0.3043267813949291
严密,yán mì,"strict ; tight (organization, surveillance etc)",7.0,"a,ad",一,-0.8869984408230714
严峻,yán jùn,grim ; rigorous ; severe,7.0,a,一,0.6296779546470405
严格,yán gé,rigorous ; strict ; stringent ; tight,4.0,"a,ad,v",一,-0.618432745850518
严禁,yán jìn,to strictly prohibit,7.0,v,一,-0.7424899525001036
严肃,yán sù,earnest ; grave ; serious ; severe ; solemn,5.0,"a,ad,v",一,-0.7243938445029033
严谨,yán jǐn,(of writing) well organized; meticulous ; rigorous; strict; careful,7.0,"a,ad",一,-0.9977882818706798
严重,yán zhòng,critical ; grave ; serious ; severe,4.0,"a,ad",一,-1.3629651374976377
嘱咐,zhǔ fù,injunction ; to exhort ; to tell,7.0,"v,vn",口,0.07520799809972589
囚犯,qiú fàn,prisoner; convict,7.0,n,囗,-0.8182592679991723
四周,sì zhōu,all around,5.0,"f,s",囗,-0.09131402582444006
四季,sì jì,"four seasons, namely: spring 春, summer 夏, autumn 秋 and winter 冬",7.0,n,囗,-0.8209932123728505
四处,sì chù,all over the place ; everywhere and all directions,6.0,d,囗,-0.32967614485921953
回来,huí lai,to return; to come back,1.0,v,囗,0.5632585771459486
回信,huí xìn,letter written in reply ; to reply ; to write back,5.0,"n,v",囗,0.37008342697497015
回到,huí dào,to return to,1.0,v,囗,0.15450417772083877
回升,huí shēng,rally (stock market etc) ; to pick up ; to rise again after a fall,7.0,"v,vn",囗,2.4806413123163726
回去,huí qu,to go back ; to return,1.0,v,囗,-1.2088227499531385
回味,huí wèi,aftertaste ; to call to mind and ponder over,7.0,"v,vn",囗,-0.04457659581728169
回国,huí guó,to return to one's home country,2.0,v,囗,1.8356908157830552
回报,huí bào,(in) return ; payback ; reciprocation ; retaliation ; to reciprocate ; to report back,5.0,"v,vn",囗,-0.08402350749463196
回家,huí jiā,to return home,1.0,v,囗,-1.7256684244055547
回复,huí fù,Re: in reply to (email) ; to recover ; to reply ; to return (to a previous condition),4.0,"v,vn",囗,0.12404022612843046
回想,huí xiǎng,to recall ; to recollect ; to think back,7.0,"v,vn",囗,-0.38617766191522557
回忆,huí yì,memories ; to recall,5.0,"v,vn",囗,-1.320914469273927
回应,huí yìng,response ; to respond,6.0,"v,vn",囗,-1.5966522875334281
回扣,huí kòu,a commission paid to a middleman ; a kickback ; brokerage ; euphemism for a bribe,7.0,n,囗,7.576958743992026
回收,huí shōu,to recall (a defective product) ; to reclaim ; to recover ; to recycle ; to retrieve,5.0,"v,vn",囗,-0.6604716212897698
回归,huí guī,regression (statistics) ; to retreat ; to return to,7.0,"v,vn",囗,-0.5870456866824243
回答,huí dá,reply; answer ; to reply; to answer,1.0,"v,vn",囗,-0.6854912697037406
回头,huí tóu,later; by and by ; to turn round; to turn one's head,5.0,"d,v,vn",囗,-0.5267687226341956
回顾,huí gù,to look back ; to review,5.0,"v,vn",囗,-0.28489153226183067
回馈,huí kuì,feedback ; to give back ; to repay a favor,7.0,,囗,1.4464645904556432
回首,huí shǒu,(fig.) to recall the past ; to turn around; to look back,7.0,v,囗,0.1248095603078804
因此,yīn cǐ,thus; consequently; as a result,3.0,c,囗,-0.852510459368262
因为,yīn wèi,because ; on account of ; owing to,2.0,"p,c",囗,-1.675167340190633
因素,yīn sù,element ; factor,6.0,n,囗,-0.0595364031743928
因而,yīn ér,"and as a result, ... ; as a result ; therefore ; thus",5.0,c,囗,1.5422474530083088
困境,kùn jìng,predicament; plight,7.0,n,囗,0.13263262273141735
困惑,kùn huò,bewildered ; confused ; difficult problem ; perplexed ; perplexity,7.0,"a,an",囗,-0.7547276082679938
困扰,kùn rǎo,to cause complications ; to disturb ; to perplex,5.0,"v,vn",囗,-0.48590153764080607
困难,kùn nan,challenging ; difficult ; difficult situation ; straitened circumstances,3.0,"a,an",囗,-0.5110277883131772
固执,gù zhí,obstinate ; stubborn ; to cling to ; to fixate on,7.0,"a,an,v",囗,-0.9416773282966259
固定,gù dìng,fixed ; regular ; set ; to fasten ; to fix ; to set rigidly in place,4.0,"a,v,vn",囗,-0.6984864668666234
固然,gù rán,admittedly (it's true that...),7.0,c,囗,-0.24374038604488782
圈套,quān tào,trap; snare; trick,7.0,n,囗,0.30459894983402214
圈子,quān zi,(social) circle ; circle ; ring,7.0,n,囗,-0.5597180357301051
国内,guó nèi,civil ; domestic ; internal (to a country),3.0,s,囗,0.4114713632776326
国土,guó tǔ,country's territory ; national land,7.0,n,囗,0.29690607523780305
国外,guó wài,abroad ; external (affairs) ; foreign ; overseas,1.0,s,囗,-0.4486560262434023
国家,guó jiā,country; nation; state,1.0,n,囗,-1.8139357713271507
国宝,guó bǎo,national treasure,7.0,n,囗,0.6241982731152267
国徽,Guó huī | guó huī,national coat of arms ; national emblem ; the national emblem of the PRC (a red circle containing the five stars of the PRC flag over Tiananmen 天安门),7.0,,囗,3.4904964960375535
国情,guó qíng,current state of a country ; the characteristics and circumstances particular to a country,7.0,n,囗,0.44910743815699
国庆,Guó qìng,National Day,3.0,"t,n",囗,-1.2822486845604841
国旗,guó qí,flag (of a country),6.0,n,囗,-0.3636551677892133
国会,Guó huì,Congress (US) ; Diet (Japan) ; Legislative Yuan (Taiwan) ; Parliament (UK),6.0,n,囗,1.5640124057393283
国有,guó yǒu,government owned ; nationalized ; public ; state-owned,7.0,vn,囗,7.735136954183383
国歌,guó gē,national anthem,6.0,n,囗,-0.4620653724571548
国民,guó mín,citizens ; nationals ; people of a nation,5.0,n,囗,0.23634514996602138
国王,guó wáng,king,6.0,n,囗,0.29429052590698423
国产,guó chǎn,domestically produced,6.0,b,囗,-0.6185629336778359
国画,guó huà,traditional Chinese painting,7.0,,囗,1.335272393141623
国籍,guó jí,nationality,5.0,n,囗,-0.8983247817997351
国防,guó fáng,national defense,7.0,n,囗,1.3683401012803917
国际,guó jì,international,2.0,n,囗,-1.0692613990682558
围巾,wéi jīn,scarf ; shawl,4.0,n,囗,-0.8400006351612773
围墙,wéi qiáng,fence ; perimeter wall,7.0,n,囗,-0.2588421740137756
围绕,wéi rào,to center on (an issue) ; to revolve around,5.0,v,囗,0.17492008104084755
园地,yuán dì,garden area,6.0,n,囗,1.916288873677348
园林,yuán lín,gardens; park; landscape garden,5.0,n,囗,3.1160291335331842
圆形,yuán xíng,circular ; round,7.0,n,囗,-0.43421697019556416
圆满,yuán mǎn,consummate ; perfect ; satisfactory,4.0,"a,ad",囗,0.1381005114787723
图像,tú xiàng,image; picture; graphic,7.0,n,囗,-0.6574773012614559
图形,tú xíng,depiction ; diagram ; figure ; graph ; graphical ; picture,7.0,n,囗,-0.220057994257472
图书,tú shū,books (in a library or bookstore),6.0,n,囗,-1.4634701401871255
图案,tú àn,design; pattern,4.0,n,囗,-0.24348001039025208
图片,tú piàn,picture; photograph,2.0,n,囗,-1.2169061880313128
图画,tú huà,drawing ; picture,3.0,n,囗,-0.7290806062863496
图表,tú biǎo,chart ; diagram,7.0,n,囗,1.7016091464299845
团员,tuán yuán,group member ; member,7.0,n,囗,-0.6576192818732325
团圆,tuán yuán,to have a reunion,7.0,"v,vn",囗,-0.6205039583031481
团结,tuán jié,solidarity ; to unite ; united ; unity,3.0,"v,an,a",囗,-0.7734864481862421
团聚,tuán jù,to have a reunion ; to reunite,7.0,"v,vn",囗,-0.8163064505894028
团长,tuán zhǎng,group buy organizer; group-buying coordinator ; head of a delegation ; regimental command,5.0,n,囗,0.006196656836733616
团队,tuán duì,team,6.0,n,囗,-0.8794475468386276
团体,tuán tǐ,group ; organization ; team,3.0,n,囗,0.22152732322068808
土匪,tǔ fěi,bandit,7.0,n,土,0.9986066716973039
土地,tǔ di | tǔ dì,genius loci ; land ; local god ; soil ; territory,4.0,n,土,-0.0021471568960759455
土壤,tǔ rǎng,soil,7.0,n,土,-0.39514882921570876
在乎,zài hu,equivalent of 在于 ; to care about,4.0,v,土,-0.6791002733807003
在场,zài chǎng,to be on the scene ; to be present,5.0,"v,vn",土,-0.39215450918739475
在意,zài yì,to care about ; to mind,7.0,v,土,-0.15159098987266884
在于,zài yú,to be in ; to consist in ; to depend on ; to lie in ; to rest with,4.0,v,土,1.2104222667436713
在职,zài zhí,on-the-job ; to be employed ; to be in post,7.0,"vn,v",土,0.8562995836542839
地上,dì shang,on the floor ; on the ground,1.0,s,土,-0.6364104588048577
地下,dì xià,covert ; subterranean ; underground,4.0,s,土,-1.174062600059236
地位,dì wèi,place ; position ; status,4.0,n,土,-0.5640260268160566
地区,dì qū,"area ; as suffix to city name, means prefecture or county (area administered by a prefecture-level city or, county-level city) ; district (not necessarily formal administrative unit) ; local ; region ; regional",3.0,n,土,-1.1709498849880617
地名,dì míng,place name ; toponym,6.0,n,土,0.26321101353135967
地图,dì tú,map,1.0,n,土,-1.012250923487434
地址,dì zhǐ,address,4.0,n,土,-1.1361779423097018
地域,dì yù,area ; district ; region,7.0,n,土,0.768174217344463
地带,dì dài,zone,5.0,n,土,1.6596768732491345
地形,dì xíng,landform ; terrain ; topography,5.0,n,土,-0.399314839689885
地方,dì fang | dì fāng,area ; local ; place ; region ; regional (away from the central administration) ; room ; space ; territory,1.0,n,土,-1.0122391307029752
地板,dì bǎn,floor,6.0,n,土,-0.2293013299970497
地步,dì bù,degree (to which a situation has evolved) ; leeway ; situation ; stage,7.0,n,土,1.3240762399922756
地段,dì duàn,district ; section,7.0,n,土,1.214730257829624
地毯,dì tǎn,carpet ; rug,7.0,n,土,-0.6848285377826926
地狱,dì yù,(Buddhism) Naraka ; hell ; infernal ; underworld,7.0,n,土,-1.1818738696983158
地球,dì qiú,the earth,2.0,n,土,-1.304250427377225
地理,dì lǐ,geography,7.0,n,土,-0.8462496508725396
地质,dì zhì,geology,7.0,n,土,-0.2891759377788661
地道,dì dao | dì dào,authentic ; causeway ; genuine ; proper ; tunnel,7.0,"a,n",土,1.697182760301174
地铁,dì tiě,subway train ; underground railway; subway,2.0,n,土,-1.3446086538458017
地震,dì zhèn,earthquake,5.0,n,土,-0.9363632129455048
地面,dì miàn,floor ; ground ; surface,4.0,n,土,0.3079720405598324
地点,dì diǎn,location ; place ; site ; venue,1.0,n,土,-0.587459835733294
均匀,jūn yún,"even ; homogeneous ; well-distributed ; well-proportioned (figure, body etc)",7.0,"a,ad",土,0.7280999520994392
均衡,jūn héng,balanced ; equal ; equilibrium ; harmony,7.0,"a,an,ad",土,-0.5101164735219507
坐下,zuò xia,to sit down,1.0,v,土,-0.8189219999202204
坐落,zuò luò,to be located (of a building) ; to be situated,7.0,v,土,2.102327278914755
坦克,tǎn kè,tank (military vehicle) (loanword),7.0,n,土,0.47747659172785356
坦然,tǎn rán,calm ; undisturbed,7.0,"ad,a",土,0.9725691062337061
坦率,tǎn shuài,blunt ; frank (discussion) ; open,7.0,"a,ad",土,-0.3373454338865225
坦白,tǎn bái,forthcoming ; honest ; to confess,7.0,"v,a",土,-1.3141447022533919
坦诚,tǎn chéng,candid ; frank ; plain dealing,7.0,"a,ad",土,-0.8406633670823255
垃圾,lā jī,(coll.) of poor quality ; Taiwan pr. [lè sè] ; garbage ; refuse ; trash,4.0,n,土,-1.0024868364385848
型号,xíng hào,"model (particular version of a manufactured article) ; type (product specification in terms of color, size etc)",4.0,n,土,0.15528530468474752
埋伏,mái fú,ambush ; to ambush ; to lie in wait for ; to lie low,7.0,"v,vn",土,-0.6935393294285399
埋怨,mán yuàn,to blame ; to complain ; to grumble (about) ; to reproach,7.0,"v,vn",土,-0.16358006277038176
埋没,mái mò,to bury ; to engulf ; to fall into oblivion ; to neglect ; to overlook ; to stifle,7.0,v,土,1.575859498025265
埋藏,mái cáng,hidden ; to bury ; to hide by burying,7.0,v,土,0.1672507920135446
城区,chéng qū,city district ; urban area,6.0,n,土,1.582357096606707
城市,chéng shì,city; town,3.0,n,土,-1.3032089247586804
城墙,chéng qiáng,city wall,7.0,n,土,-0.3322681086211211
城乡,chéng xiāng,city and countryside,6.0,n,土,0.6143157910235185
城镇,chéng zhèn,cities and towns ; town,6.0,n,土,-0.1587513203751576
执意,zhí yì,to be determined to ; to insist on,7.0,d,扌,1.7310198026193926
执法,zhí fǎ,law enforcement ; to enforce a law,7.0,"vn,v",扌,-0.9471570098284396
执照,zhí zhào,license ; permit,7.0,n,扌,-0.9721412798890356
执着,zhí zhuó,(Buddhism) attachment ; to be dedicated ; to be strongly attached to ; to cling to,7.0,"a,an,ad",扌,-0.889992760851384
执行,zhí xíng,to carry out ; to execute ; to implement ; to run,5.0,"v,vn",扌,-0.3731588791834267
培育,péi yù,to breed ; to train,4.0,v,土,-0.13245337925692413
培训,péi xùn,to cultivate ; to groom ; to train ; training,4.0,"vn,v",土,-0.05288503119671667
培养,péi yǎng,culture (biology) ; education ; fostering ; to breed ; to cultivate ; to educate ; to foster ; to groom (for a position) ; to nurture,4.0,"v,vn",土,-0.28215758788815243
基因,jī yīn,gene (loanword),7.0,n,土,-1.174062600059236
基地,jī dì,al-Qaeda ; base (of operations) ; industrial or military base,5.0,n,土,-0.45451447847271237
基层,jī céng,basement layer ; basic level ; grassroots unit,7.0,n,土,-0.36183253820676164
基于,jī yú,because of ; in view of ; on account of ; on the basis of,7.0,"p,v",土,-0.3482930041656913
基本,jī běn,basic ; elementary ; fundamental ; main,3.0,"a,ad,n",土,-0.625853452007644
基准,jī zhǔn,(surveying) datum ; standard; criterion; benchmark,7.0,n,土,4.001708715561919
基础,jī chǔ,base; foundation; basis ; basic; fundamental,3.0,n,土,-0.6054139631187191
基金,jī jīn,fund,5.0,n,土,-0.7648940515832554
坚信,jiān xìn,to believe firmly ; without any doubt,7.0,"v,vn",土,-0.19271855052069406
坚固,jiān gù,firm ; firmly ; hard ; stable,4.0,a,土,0.11568461961116325
坚守,jiān shǒu,to hold fast to ; to stick to,7.0,v,土,0.1806365526583798
坚定,jiān dìng,firm ; resolute ; staunch ; steady,5.0,"a,v,ad",土,0.20185716851121194
坚实,jiān shí,firm and substantial ; solid,7.0,a,土,0.9275359107661415
坚强,jiān qiáng,staunch ; strong,3.0,"a,an",土,-0.6111304347362525
坚持,jiān chí,to insist on ; to persevere with ; to persist in,3.0,v,土,-0.4537569370777198
坚决,jiān jué,firm; resolute; determined,3.0,"ad,a",土,-0.3890417941162217
坚硬,jiān yìng,hard ; solid,7.0,a,土,-0.7211391488199537
坚韧,jiān rèn,tenacious ; tough and durable,7.0,"a,an,ad",土,1.151589161580399
堆砌,duī qì,fig. to pad out (writing with fancy phrases) ; lit. to pile up (bricks) ; ornate rhetoric ; to pack,7.0,v,土,2.1739541695085647
堡垒,bǎo lěi,fort,7.0,n,土,1.9496169574707538
堤坝,dī bà,dam ; dike,7.0,n,土,2.798193008713863
报仇,bào chóu,to avenge ; to take revenge,7.0,"v,vn",扌,-0.6194624556846037
报刊,bào kān,newspapers and periodicals ; the press,6.0,n,扌,2.8986390474810584
报到,bào dào,to check in ; to register ; to report for duty,3.0,"v,vn",扌,-0.39671108314352466
报名,bào míng,to apply ; to enlist ; to enroll ; to enter one's name ; to register ; to sign up,2.0,"v,vn",扌,-1.2978712238386434
报告,bào gào,lecture ; report ; speech ; talk ; to inform ; to make known ; to report,3.0,"n,v",扌,-1.1707013021178847
报废,bào fèi,to scrap; to dispose of (sth worn-out or damaged),7.0,"v,vn",扌,3.5049473448698487
报复,bào fù,revenge; retaliation ; to make reprisals; to retaliate,7.0,"v,vn",扌,-1.1965850941852483
报社,bào shè,newspaper (i.e. a company),7.0,n,扌,0.06829625046741553
报答,bào dá,to repay ; to requite,5.0,"v,vn",扌,-1.4447230930533344
报纸,bào zhǐ,newspaper ; newsprint,2.0,n,扌,-1.1725121389158777
报考,bào kǎo,to enter oneself for an examination,6.0,"v,vn",扌,-0.29243063346181575
报警,bào jǐng,to report sth to the police ; to sound an alarm,5.0,"v,vn",扌,-0.6429080573862999
报道,bào dào,report ; to report (news),3.0,"v,n,vn",扌,-0.15353201449797957
报酬,bào chou,remuneration ; reward,7.0,n,扌,-0.8526288544111211
报销,bào xiāo,to apply for reimbursement ; to submit an expense account ; to wipe out ; to write off,7.0,"v,vn",扌,0.11478509760439547
场合,chǎng hé,context ; location ; occasion ; setting ; situation ; venue,3.0,n,土,-0.5633515021105512
场地,chǎng dì,place ; site ; space ; sports pitch,6.0,n,土,-0.27708026262275104
场所,chǎng suǒ,location ; place,3.0,n,土,-0.02894226375466514
场景,chǎng jǐng,scene; scenario; situation; setting,6.0,n,土,1.2454192067232934
场面,chǎng miàn,occasion ; scene ; situation ; spectacle,5.0,n,土,-0.8690325206531876
堵塞,dǔ sè,blockage ; to clog up,7.0,"v,vn",土,0.005036759175330112
堵车,dǔ chē,(of traffic) to get congested ; traffic jam,4.0,"v,vn",土,0.661195201642452
塑料,sù liào,plastics,4.0,n,土,0.02560643589157286
塑造,sù zào,"(fig.) to create (a character, a market, an image etc) ; (literature) to portray (in words) ; to model ; to mold",7.0,"v,vn",土,-0.9366000030312245
填充,tián chōng,to fill in a blank space ; to fill up; to stuff,7.0,"v,vn",土,-0.08803574457257424
填写,tián xiě,to fill in a form ; to write data in a box (on a questionnaire or web form),7.0,v,土,-0.6954921468383095
填空,tián kòng,to fill a job vacancy ; to fill in a blank (e.g. on questionnaire or exam paper),4.0,v,土,0.7063349993684184
填补,tián bǔ,to fill a gap ; to fill in a blank (on a form) ; to overcome a deficiency,7.0,"v,vn",土,1.146239667875902
境内,jìng nèi,"domestic ; internal (to a country, province, city etc) ; within the borders",7.0,s,土,1.2109548108374029
境地,jìng dì,circumstances,7.0,n,土,1.4496839077852186
境外,jìng wài,outside (a country's) borders,7.0,s,土,0.41773217177335514
境界,jìng jiè,boundary ; realm ; state,7.0,n,土,-0.29789852220917223
境遇,jìng yù,circumstance,7.0,n,土,5.872354020725183
垫底,diàn dǐ,to come last in the rankings ; to eat sth to tide oneself over until mealtime ; to lay the foundation ; to put sth on the bottom,7.0,"v,vn",土,-0.34385482525242195
墓地,mù dì,cemetery ; graveyard,7.0,n,土,-0.15535464408043123
墓碑,mù bēi,gravestone ; tombstone,7.0,n,土,0.37177586873010543
增值,zēng zhí,to appreciate (financially) ; to increase in value ; value-added (accountancy),6.0,"v,vn",土,-1.2103850038809545
增加,zēng jiā,to increase ; to raise,3.0,"v,vn",土,-1.3102390674338529
增多,zēng duō,to grow in number ; to increase,5.0,"v,vn",土,1.7262146457930843
增大,zēng dà,to amplify ; to enlarge ; to magnify,5.0,"v,vn",土,0.48189118507220563
增强,zēng qiáng,to increase ; to strengthen,5.0,"v,vn",土,-0.8493741587281715
增添,zēng tiān,to add ; to increase,7.0,v,土,-0.36963201506138393
增产,zēng chǎn,to increase production,5.0,,土,1.998070414801962
增进,zēng jìn,to advance (a cause etc) ; to enhance ; to further ; to promote,6.0,v,土,-0.8340119951046494
增长,zēng zhǎng,to grow ; to increase,3.0,"v,vn",土,-0.901449289655367
墨水,mò shuǐ,ink,6.0,n,土,-0.043807261637833
堕落,duò luò,a fall from grace ; corrupt ; to become depraved ; to degenerate ; to degrade,7.0,"v,vn",土,0.06360948868396774
坟墓,fén mù,grave ; tomb,7.0,n,土,0.4127614487663543
壁画,bì huà,fresco ; mural (painting),7.0,n,土,0.044353483025362475
压倒,yā dǎo,overwhelming ; to overpower ; to overwhelm,7.0,v,厂,0.2907990401383161
压制,yā zhì,to inhibit ; to stifle ; to suppress,7.0,,厂,0.06791747976991923
压力,yā lì,pressure,3.0,n,厂,-0.865529242100061
压抑,yā yì,depressing ; oppressive ; repression ; stifling ; to constrain or repress emotions,7.0,"v,a,an,vn",厂,0.5447836984512532
压缩,yā suō,to compress; compression,7.0,"v,vn",厂,0.05605859469952386
压迫,yā pò,oppression ; stress (physics) ; to constrict ; to oppress ; to repress,6.0,"vn,v",厂,0.5877456814661904
坏事,huài shì,bad thing; misdeed ; to ruin things,7.0,n,土,-0.5358936633309127
坏人,huài rén,bad person ; villain,2.0,n,土,-0.6438311649619838
坏处,huài chu,harm ; troubles,2.0,n,土,-0.032327147264932736
垄断,lǒng duàn,to monopolize,7.0,"v,vn",龙,-0.026208319380986896
士兵,shì bīng,soldier,4.0,n,士,-0.8182592679991723
士气,shì qì,morale,7.0,n,士,1.5017944170657886
壮大,zhuàng dà,to expand ; to strengthen,7.0,"v,vn",士,0.011806526195865278
壮胆,zhuàng dǎn,to embolden ; to get one’s courage up,7.0,v,士,-0.11929261591334857
壮观,zhuàng guān,magnificent sight ; spectacular,6.0,"a,an",士,-0.5785834779067554
壮丽,zhuàng lì,glorious ; magnificence ; magnificent ; majestic,7.0,"a,an",士,0.3430161516772868
寿命,shòu mìng,life expectancy ; life span ; lifetime (of a machine),7.0,n,寸,0.2139764292362442
夏天,xià tiān,summer,2.0,t,夊,-1.3604915687785952
夏季,xià jì,summer,4.0,t,夊,-1.4077497500950267
外交,wài jiāo,diplomacy ; diplomatic ; foreign affairs,3.0,n,夕,-0.5089447830760898
外来,wài lái,external ; foreign ; outside,6.0,b,夕,0.8095975320005017
外公,wài gōng,(coll.) mother's father ; maternal grandfather,7.0,n,夕,-1.102719670688978
外出,wài chū,to go away (on a trip etc) ; to go out,6.0,"v,vn",夕,-0.2878858522901447
外汇,wài huì,foreign (currency) exchange,4.0,n,夕,0.226356065615911
外国,wài guó,foreign (country),1.0,n,夕,-0.8099272470508212
外地,wài dì,parts of the country other than where one is,2.0,s,夕,1.0720326063046492
外套,wài tào,coat ; jacket,4.0,n,夕,-0.47288275490900716
外婆,wài pó,(coll.) mother's mother ; maternal grandmother,7.0,n,夕,-1.103642778264662
外币,wài bì,foreign currency,6.0,n,夕,0.45311967523493113
外形,wài xíng,contour ; external form ; figure ; shape,7.0,n,夕,0.47654169136770974
外援,wài yuán,(sports) foreign player ; external aid ; foreign aid ; player recruited from overseas,7.0,n,夕,-0.29034762822472837
外文,wài wén,foreign language (written),3.0,n,夕,2.5466347479821345
外界,wài jiè,external ; the outside world,5.0,n,夕,0.7528238465053995
外科,wài kē,surgery (branch of medicine),6.0,n,夕,0.30264613242425265
外籍,wài jí,foreign (i.e. of foreign nationality),7.0,n,夕,-0.6361382903657646
外号,wài hào,nickname,7.0,n,夕,-0.9350377491034085
外行,wài háng,amateur ; layman,7.0,"n,a",夕,1.080766983519414
外衣,wài yī,appearance ; outer clothing ; semblance,6.0,n,夕,1.5059368419710477
外表,wài biǎo,external ; outside ; outward appearance,7.0,n,夕,0.39883135124332886
外观,wài guān,outward appearance,6.0,n,夕,-0.6564357986429129
外语,wài yǔ,foreign language,1.0,n,夕,0.185216712183427
外貌,wài mào,appearance ; profile,7.0,n,夕,-0.9239835765658381
外贸,wài mào,foreign trade,7.0,n,夕,4.077111053147952
外资,wài zī,foreign investment,6.0,n,夕,0.38975358168444507
外边,wài bian,abroad ; outer surface ; outside ; place other than one's home,1.0,f,夕,0.15670557800078674
外部,wài bù,exterior; surface ; the outside; (attributive) external,6.0,f,夕,0.6653376265477108
外面,wài miàn,exterior ; external appearance ; outside (also pr. [wài mian] for this sense) ; surface,3.0,f,夕,-0.9464942779073915
多久,duō jiǔ,(not) a long time ; (of time) how long?,2.0,"r,a",夕,0.2336229983768019
多元,duō yuán,multi- ; multielement ; multivariant ; multivariate (math.) ; poly-,7.0,b,夕,1.8968790946225105
多半,duō bàn,most ; most likely ; mostly,6.0,"d,m",夕,4.274061650311153
多少,duō shao | duō shǎo,"(phone number, student ID etc) what number? ; amount ; how many? ; how much? ; number ; somewhat",1.0,r,夕,-0.1717701031069565
多心,duō xīn,oversensitive ; suspicious,7.0,a,夕,0.44207729548181907
多数,duō shù,majority; most,2.0,m,夕,0.10434648585003824
多余,duō yú,superfluous ; surplus ; unnecessary,7.0,a,夕,-0.6469438800331567
多么,duō me,(in interrogative sentences) how (much etc) ; how (wonderful etc) ; however (difficult it may be etc) ; to what extent ; what (a great idea etc),2.0,"d,a",夕,2.3018934254087737
夜市,yè shì,night market,7.0,n,夕,-0.7802562152067773
夜晚,yè wǎn,night,7.0,"t,n",夕,-0.7819486569619112
夜校,yè xiào,evening school ; night school,7.0,n,夕,1.5414781188288589
夜班,yè bān,night shift,7.0,n,夕,0.29664569958316733
夜间,yè jiān,evening or night (e.g. classes) ; nighttime,5.0,"t,n",夕,-0.28683255688714293
梦幻,mèng huàn,dream ; illusion ; reverie,7.0,n,木,0.3233106186144372
梦想,mèng xiǎng,(fig.) to dream of ; dream,4.0,"n,v",木,-1.1416576238415141
梦见,mèng jiàn,to dream about (sth or sb) ; to see in a dream,4.0,v,木,-0.23034283261559266
大事,dà shì,(do sth) in a big way ; major event ; major political event (war or change of regime) ; major social event (wedding or funeral),5.0,n,大,-0.15144900926089216
大人,dà ren,adult ; grownup ; title of respect toward superiors,2.0,n,大,-0.797050444930799
大使,dà shǐ,ambassador ; envoy,6.0,n,大,-0.1867417032485249
大力,dà lì,energetically ; vigorously,6.0,"d,n",大,-0.6410736350193893
大哥,dà gē,big brother (polite address for a man of about the same age as oneself) ; boss ; eldest brother ; gang leader,4.0,n,大,-0.5806782759283016
大地,dà dì,earth ; mother earth,7.0,n,大,-0.4520527025381287
大型,dà xíng,large ; large-scale,4.0,b,大,-0.7987310939014739
大多,dà duō,for the most part ; many ; most ; mostly ; the greater part,4.0,"d,m",大,2.9874389384963846
大夫,dà fū | dài fu,doctor ; physician ; senior official (in imperial China),3.0,n,大,0.8534708298066639
大妈,dà mā,aunt (affectionate term for an elderly woman) ; father's elder brother's wife,4.0,n,大,-0.2696477636811677
大学,Dà xué | dà xué,"college ; the Great Learning, one of the Four Books 四书 in Confucianism ; university",1.0,n,大,-1.8096395730256571
大家,dà jiā,everyone ; great expert ; influential family,2.0,"r,n",大,-1.253370572464807
大小,dà xiǎo,adults and children ; at any rate ; consideration of seniority ; dimension ; large and small ; magnitude ; measurement ; size,2.0,n,大,-0.1045813914264159
大师,dà shī,great master ; master,6.0,n,大,0.062189215367926994
大厦,dà shà,(used in the names of grand buildings such as 百老汇大厦 Broadway Mansions (in Shanghai) or 帝国大厦 Empire State Building etc),7.0,n,大,-1.014322135940064
大厅,dà tīng,hall ; lounge,5.0,n,大,0.0556916167864864
大意,dà yi | dà yì,careless ; general idea ; main idea,7.0,"n,a",大,-0.05225767762904347
大批,dà pī,large quantities of,6.0,m,大,1.741458414373747
大方,dà fang | dà fāng,a type of green tea ; easy-mannered ; expert ; generous ; in good taste ; magnanimous ; mother earth ; natural and relaxed ; scholar ; stylish,4.0,a,大,-0.3731588791834267
大于,dà yú,greater than; bigger than; more than,5.0,v,大,2.301905218193231
大会,dà huì,convention ; general assembly ; general meeting,4.0,n,大,-0.8657778249702379
大概,dà gài,about ; approximate ; general idea ; probably ; rough ; roughly,3.0,"d,n",大,-0.7956301716147581
大楼,dà lóu,"building (a relatively large, multistory one)",4.0,n,大,0.22608389717681798
大海,dà hǎi,ocean ; sea,2.0,n,大,-0.34830479695014854
大爷,dà ye | dà yé,(coll.) father's older brother ; arrogant idler ; self-centered show-off ; term of respect for older man ; uncle,4.0,n,大,-0.39189413353275904
大众,Dà zhòng | dà zhòng,"Volkswagen (automobile manufacturer) ; popular (of music, science etc) ; the great bulk of the population ; the masses",4.0,"n,nz",大,-0.30115321789212196
大约,dà yuē,approximately ; probably,3.0,d,大,-0.36612873650825584
大纲,dà gāng,leading principles ; outline ; program ; synopsis,5.0,n,大,0.1187025252083919
大声,dà shēng,in a loud voice ; loud voice ; loudly,2.0,d,大,-0.28345946616133266
大肆,dà sì,unbridled ; wantonly ; without restraint (of enemy or malefactor),7.0,d,大,0.2638619526679505
大胆,dà dǎn,audacious ; bold ; brazen ; daring ; fearless ; outrageous,5.0,"a,ad",大,-0.36793957330625016
大臣,dà chén,cabinet minister ; chancellor (of a monarchy),7.0,n,大,-0.2401069196644418
大致,dà zhì,more or less; roughly; approximately,5.0,"d,b",大,-0.21811696963215976
大街,dà jiē,main street ; street,6.0,n,大,1.213807150253939
大象,dà xiàng,elephant,5.0,n,大,0.14120143376548805
大赛,dà sài,grand contest,6.0,vn,大,0.03849503079605388
大道,dà dào,avenue ; main street,6.0,n,大,3.9609717183958466
大选,dà xuǎn,general election,7.0,"vn,v",大,1.9104186286635807
大都,Dà dū | dà dōu | dà dū,"Dadu, capital of China during the Yuan Dynasty (1280-1368), modern day Beijing ; also pr. [dà dū] ; for the most part ; metropolitan ; on the whole",5.0,ns,大,7.04086099480916
大量,dà liàng,bulk ; generous ; great amount ; large quantity ; magnanimous ; numerous,2.0,m,大,-1.0924348323308575
大门,Dà mén | dà mén,"door ; entrance ; gate ; large and influential family ; the Doors, US rock band",2.0,n,大,-0.23854466573662736
大陆,Dà lù | dà lù,continent; mainland ; mainland China (reference to the PRC),4.0,n,大,-0.5066014021843652
大队,dà duì,a large body of ; group ; military group ; production brigade,7.0,n,大,0.6740602109780169
大体,dà tǐ,cadaver for dissection in training medical students ; in general; more or less; in rough terms; basically; on the whole ; overall situation; the big picture,7.0,"d,n",大,1.4585602656117573
天上,tiān shàng,celestial ; heavenly,2.0,s,大,-0.7063095292901603
天下,tiān xià,land under heaven ; realm ; rule ; the whole of China ; the whole world,6.0,n,大,-1.2616790078442428
天使,tiān shǐ,angel,7.0,n,大,-1.14777645172546
天分,tiān fèn,natural gift ; talent,7.0,n,大,-0.28970848187259635
天地,tiān dì,field of activity ; heaven and earth ; scope ; world,7.0,n,大,0.0642486350360986
天堂,tiān táng,heaven ; paradise,6.0,n,大,-1.3026881734494091
天性,tiān xìng,innate tendency ; nature,7.0,n,大,0.0023028148016518667
天才,tiān cái,genius ; gift ; gifted ; talent ; talented,5.0,"n,nr",大,-0.5575048426656999
天文,tiān wén,astronomy,5.0,n,大,-0.9917996418140519
天桥,Tiān qiáo | tiān qiáo,"Tianqiao district in Beijing, formerly a center of folk culture ; Tianqiao district of Jinan city 济南市, Shandong ; overhead walkway ; pedestrian bridge",7.0,"n,ns",大,-0.8702042110990499
天气,tiān qì,weather,1.0,n,大,-0.866038200624875
天然,tiān rán,natural,6.0,b,大,-0.4426673861867743
天生,tiān shēng,disposition ; innate ; natural ; nature,7.0,"d,b",大,-0.7282994793224424
天真,tiān zhēn,artless ; innocent ; naive,4.0,"a,an",大,-0.5365563952519607
天空,tiān kōng,sky,3.0,n,大,-0.1778889309909023
天线,tiān xiàn,antenna ; connection with high-ranking officials ; mast,7.0,n,大,-0.4407145687770048
天赋,tiān fù,gift ; innate skill,7.0,"n,v",大,0.07481743461777227
天鹅,tiān é,swan,7.0,n,大,-0.3235455241908149
太太,tài tai,Madam ; Mrs. ; married woman ; wife,2.0,n,大,-0.15484568555561853
太平,Tài píng | tài píng,peace and security ; place name,7.0,"a,ns",大,-0.08349096340090166
太极,Tài jí,"the Absolute or Supreme Ultimate, the source of all things according to some interpretations of Chinese mythology",7.0,"nz,n",大,-0.6965454422413112
太空,tài kōng,outer space,5.0,s,大,-0.8763230389829957
太阳,tài yang,abbr. for 太阳穴 ; sun,2.0,n,大,-1.2714548876775493
夫人,fū ren,Mrs. ; lady ; madam,4.0,n,大,-1.048691722352013
夫妻,fū qī,husband and wife; married couple,4.0,n,大,-1.1295383631164844
夫妇,fū fù,a (married) couple ; husband and wife,4.0,n,大,-0.6641404660235907
失传,shī chuán,(of skills etc) to die out ; extinct ; lost,7.0,v,大,-0.3171663206522333
失利,shī lì,to lose ; to suffer defeat,7.0,"v,vn",大,1.9619730082815048
失去,shī qù,to lose,3.0,v,大,0.022209759596846474
失恋,shī liàn,to break up (in a romantic relationship) ; to feel jilted ; to lose one's love,7.0,v,大,-1.103642778264662
失控,shī kòng,to go out of control,7.0,"v,vn",大,0.47056484409554056
失效,shī xiào,to fail ; to lose effectiveness,7.0,v,大,-0.22212920671010208
失败,shī bài,defeat ; failure ; to be defeated ; to fail (e.g. experiments) ; to lose,4.0,"v,vn",大,-1.2450267587319979
失明,shī míng,blindness ; to become blind ; to lose one's eyesight,7.0,"v,vn",大,-1.2541281138597988
失望,shī wàng,disappointed ; to despair ; to lose hope,4.0,"a,an,ad",大,-1.6717706638959073
失业,shī yè,to lose one's job ; unemployment,4.0,"v,vn",大,-0.5374559172587285
失眠,shī mián,to suffer from insomnia,7.0,"v,vn",大,-1.0212338835723744
失落,shī luò,disappointment ; frustrated ; loss ; to drop (sth) ; to feel a sense of loss ; to lose (sth),7.0,"v,vn,a",大,-0.6802719638265626
失误,shī wù,"fault ; lapse ; mistake ; service fault (in volleyball, tennis etc) ; to make a mistake",5.0,"vn,v",大,-0.22202260445170036
失踪,shī zōng,to be missing ; to disappear ; unaccounted for,7.0,"v,vn",大,-1.167162645211383
失灵,shī líng,a failing (of a system) ; not working properly ; out of order (of machine),7.0,v,大,1.3279818748118148
奇妙,qí miào,fantastic; wonderful,6.0,"a,an",大,-1.170156965239697
奇怪,qí guài,odd ; strange ; to be baffled ; to marvel,3.0,"v,a",大,-1.5090476725328787
奇特,qí tè,peculiar ; queer ; unusual,7.0,"a,nz",大,0.997162812812347
奉献,fèng xiàn,to consecrate ; to dedicate ; to devote ; to offer respectfully,6.0,"v,vn,n",大,-0.14742497939849253
奏效,zòu xiào,to show results; to be effective,7.0,v,大,0.26332940857422027
契机,qì jī,juncture ; opportunity ; turning point,7.0,n,大,0.40081954700647454
契约,qì yuē,agreement ; contract,7.0,n,大,-0.09364561393170442
奔波,bēn bō,to be constantly on the move ; to rush about,7.0,v,大,-0.45412391499075877
奔跑,bēn pǎo,to run,6.0,"v,vn",大,-1.1390420745106964
套餐,tào cān,(fig.) product or service package (e.g. for a cell phone subscription) ; set meal,4.0,n,大,-0.41467700331340707
奠定,diàn dìng,to establish ; to fix ; to settle,7.0,v,大,1.2203165416198383
奢侈,shē chǐ,extravagant ; luxurious,7.0,"a,an",大,0.14264529265044493
奢望,shē wàng,an extravagant hope ; to have excessive expectations,7.0,"v,vn",大,-0.3434642617704683
夺冠,duó guàn,fig. to win a championship ; to seize the crown ; to win gold medal,7.0,"v,vn",大,0.5767981111870204
夺取,duó qǔ,to capture ; to seize ; to wrest control of,6.0,v,大,-0.011639075505830909
夺魁,duó kuí,to seize ; to win,7.0,"v,vn",大,4.4684438692813675
奋力,fèn lì,to do everything one can ; to spare no effort ; to strive,7.0,d,大,-0.7723147577403814
奋勇,fèn yǒng,dauntless ; to summon up courage and determination ; using extreme force of will,7.0,d,大,0.0008707487011553012
奋斗,fèn dòu,to strive; to struggle,4.0,"v,vn",大,-0.778812356321822
女人,nǚ ren | nǚ rén,wife ; woman,1.0,n,女,-1.4309349761420855
女儿,nǚ ér,daughter,1.0,n,女,-1.7276212418153243
女士,nǚ shì,Miss ; Ms ; lady ; madam,4.0,n,女,-0.6620456680020446
女婿,nǚ xu,daughter's husband; son-in-law,7.0,n,女,-0.017888091217093123
女子,nǚ zǐ,female ; woman,3.0,n,女,-0.36885088809747524
女性,nǚ xìng,the female sex ; woman,5.0,n,女,-1.2815977454238947
女生,nǚ shēng,female student ; girl ; schoolgirl,1.0,"n,nr",女,-0.6888643604295495
奴隶,nú lì,slave,7.0,n,女,-0.3442571815188329
奶粉,nǎi fěn,powdered milk,6.0,n,女,-1.029814487390904
奸诈,jiān zhà,a rogue ; devious ; treachery,7.0,a,女,0.6428151324216999
她们,tā men,them (for females) ; they,1.0,r,女,-0.11760017415821478
好久,hǎo jiǔ,quite a while,2.0,m,女,-0.6983680718237629
好事,hào shì | hǎo shì,"Daoist or Buddhist ceremony for the souls of the dead ; charity ; good action, deed, thing or work (also sarcastic, ""a fine thing indeed"") ; happy occasion ; to be meddlesome",2.0,n,女,-0.5683104323330921
好人,hǎo rén,"good person ; healthy person ; person who tries not to offend anyone, even at the expense of principle",2.0,n,女,-1.3386200137891737
好似,hǎo sì,to be like ; to seem,6.0,v,女,-0.46297668724838137
好像,hǎo xiàng,as if ; to seem like,2.0,v,女,-0.5172768040244409
好友,hǎo yǒu,(social networking website) friend ; close friend ; pal,4.0,n,女,-0.8768555830767261
好吃,hào chī | hǎo chī,delicious ; tasty ; to be fond of eating ; to be gluttonous,1.0,a,女,-1.3582783757141899
好在,hǎo zài,fortunately ; luckily,7.0,d,女,3.4545292773444123
好多,hǎo duō,many ; much better ; quite a lot,2.0,m,女,-0.3740701939746533
好奇,hào qí,curiosity ; curious ; inquisitive ; inquisitiveness,3.0,"a,v,an",女,-1.6254237973707026
好好,hǎo hǎo,carefully ; nicely ; properly ; well,3.0,"d,z",女,-0.5668783662325939
好学,hào xué | hǎo xué,eager to study ; easy to learn ; erudite ; studious,6.0,a,女,-0.5353611192371824
好客,hào kè,friendly ; hospitable ; hospitality ; to enjoy having guests ; to treat guests well,7.0,"a,an",女,1.461696566251849
好心,hǎo xīn,good intentions ; kindness,7.0,"n,a",女,-1.0837122479005512
好意,hǎo yì,good intention ; kindness,7.0,n,女,-0.008656548261975431
好感,hǎo gǎn,favorable impression ; good opinion,7.0,n,女,-1.12849686049794
好歹,hǎo dǎi,good and bad ; in any case ; most unfortunate occurrence ; whatever,7.0,"d,n",女,2.682420651874796
好比,hǎo bǐ,to be just like; can be compared to,7.0,v,女,5.379462906499278
好看,hǎo kàn,"embarrassed ; good (of a movie, book, TV show etc) ; good-looking ; humiliated ; nice-looking",1.0,a,女,-0.8458708801750447
好笑,hǎo xiào,laughable; funny; ridiculous,7.0,a,女,-0.26016763785587044
好听,hǎo tīng,pleasant to hear,1.0,a,女,0.3026343396397953
好处,hǎo chu | hǎo chǔ,also pr. [hǎo chù] ; benefit; advantage; merit ; easy to get along with ; gain; profit,2.0,n,女,-1.246577219875355
好评,hǎo píng,favorable criticism ; positive evaluation,7.0,n,女,-0.4562187130123035
好转,hǎo zhuǎn,improvement ; to improve ; to take a turn for the better,6.0,"v,vn",女,0.9277844936363172
好运,hǎo yùn,good luck,5.0,n,女,-0.6399019445735286
如下,rú xià,as follows,5.0,"v,vn",女,1.2247547205331089
如今,rú jīn,now ; nowadays,4.0,t,女,-0.6888643604295495
如何,rú hé,how ; what ; what way,3.0,r,女,-1.0679595207950756
如同,rú tóng,as ; like,5.0,v,女,2.4204945360954615
如实,rú shí,as things really are ; realistic,7.0,"d,v",女,0.43879901422995204
如意,rú yì,"as one wants; according to one's wishes ; ruyi scepter, a symbol of power and good fortune",7.0,"a,n",女,-0.6284454157695456
如果,rú guǒ,if ; in case ; in the event that,2.0,"c,v",女,-0.2534214564042524
如此,rú cǐ,like this; so; such,5.0,r,女,-0.7129373156989204
妄想,wàng xiǎng,a vain attempt ; delusion ; to attempt vainly,7.0,"v,vn",女,-0.2588539667982329
妒忌,dù jì,envy ; to be envious ; to be jealous of (sb's achievements etc),7.0,v,女,-0.8151347601435405
妖怪,yāo guài,devil ; monster,7.0,n,女,-0.8155371164099529
妥协,tuǒ xié,a compromise ; to compromise ; to reach terms,7.0,"v,vn",女,0.6084337532252911
妥善,tuǒ shàn,appropriate; proper,7.0,"ad,a",女,-0.23931399991607727
妥当,tuǒ dang,appropriate ; proper ; ready,7.0,a,女,-0.08621311499012112
妨碍,fáng ài,to hinder ; to obstruct,7.0,"v,vn",女,-0.026468695035622634
妹妹,mèi mei,young woman ; younger sister,1.0,n,女,-0.8263309132928877
妻子,qī zi | qī zǐ,wife ; wife and children,4.0,n,女,-1.3582783757141899
始终,shǐ zhōng,all along ; from beginning to end,3.0,"d,n",女,-0.9129176112438087
姐妹,jiě mèi,"siblings ; sister (school, city etc) ; sisters",4.0,n,女,-0.4986481519335104
姐姐,jiě jie,older sister,1.0,n,女,-1.0497450177550147
姑姑,gū gu,paternal aunt,6.0,n,女,-1.3133635752894848
姑娘,gū niang,daughter ; girl ; paternal aunt (old) ; young lady ; young woman,3.0,n,女,-1.0020844801721724
姓名,xìng míng,full name ; surname and given name,2.0,n,女,-1.4731040394086568
姓氏,xìng shì,family name,7.0,n,女,-0.07696977925054493
委员,wěi yuán,committee member,7.0,n,女,-0.5128386251111716
委婉,wěi wǎn,(of voice etc) suave ; euphemistic ; soft ; tactful,7.0,"a,ad",女,0.9894817310005867
委屈,wěi qu,grievance ; to cause sb to feel wronged ; to feel wronged,7.0,"a,v,an,vn,ad",女,-0.9839883721749723
委托,wěi tuō,to commission ; to entrust ; to trust,5.0,"vn,v",女,-0.5192296214342105
姥姥,lǎo lao,(coll.) mother's mother ; maternal grandmother,7.0,n,女,0.9421051546412963
姿势,zī shì,position ; posture,7.0,n,女,-0.6030705822269959
姿态,zī tài,attitude ; posture ; stance,7.0,n,女,-0.3922964897991714
威信,Wēi xìn | wēi xìn,"Weixin county in Zhaotong 通, Yunnan ; credit with the people ; prestige ; reputation ; trust",7.0,n,女,1.3604104365984542
威力,wēi lì,formidable power ; might,7.0,n,女,-0.5460365210772582
威胁,wēi xié,to threaten; to menace,6.0,"v,vn",女,-0.2914009236277301
威风,wēi fēng,awe-inspiring authority ; impressive ; might,7.0,"a,an,n",女,-0.5887499212220169
娃娃,wá wa,baby ; doll ; small child,6.0,n,女,-0.20054161294423248
娱乐,yú lè,amusement ; entertainment ; fun ; hobby ; joy ; recreation ; to amuse ; to entertain,6.0,"vn,v,n",女,-0.4023445380715736
婚姻,hūn yīn,marriage ; matrimony ; wedding,7.0,n,女,-1.318050337072931
婚礼,hūn lǐ,wedding ; wedding ceremony,4.0,n,女,-0.9008101433032348
婚纱,hūn shā,wedding dress,7.0,n,女,-0.8454685239086324
妇女,fù nǚ,woman,6.0,n,女,-0.12828736878274782
媒体,méi tǐ,"media, esp. news media",3.0,n,女,-1.1847380018993103
媲美,pì měi,is comparable with ; to match,7.0,v,女,0.6762734040424222
媳妇,xí fù,daughter-in-law ; wife (of a younger man) ; young married woman ; young woman,7.0,n,女,-0.27629913565884384
妈妈,mā ma,mama ; mommy ; mother,1.0,n,女,-1.6403953975122711
嫁妆,jià zhuang,dowry,7.0,n,女,0.4935132800568826
嫂子,sǎo zi,(coll.) older brother's wife; sister-in-law,7.0,n,女,-0.4032204745094241
嫉妒,jí dù,to be jealous of; to envy,7.0,v,女,0.12662039710587325
嫌弃,xián qì,to regard with disdain ; to shun,7.0,v,女,-0.4508810120922664
嫌疑,xián yí,suspicion ; to have suspicions,7.0,n,女,-1.3107598187431242
嫦娥,Cháng é,"Chang'e, the lady in the moon (Chinese mythology) ; one of the Chang'e series of PRC lunar spacecraft",7.0,n,女,-0.30102303006480263
嬉笑,xī xiào,to be laughing and playing ; to giggle,7.0,"v,vn",女,0.18821103221174096
婴儿,yīng ér,baby ; infant ; lead (Pb),7.0,n,女,0.29517825512929474
子女,zǐ nǚ,children; sons and daughters,3.0,n,子,-0.8161880555465422
子孙,zǐ sūn,offspring ; posterity,7.0,n,子,-0.48590153764080607
子弹,zǐ dàn,bullet,5.0,n,子,-0.9109530010495803
孕妇,yùn fù,pregnant woman,7.0,n,子,-0.4454249161293687
孕育,yùn yù,"fig. replete with (culture etc) ; to be pregnant ; to nurture (a development, school of thought, artwork etc) ; to produce offspring",7.0,"v,vn",子,-0.5244371345269297
字典,zì diǎn,"(coll.) dictionary ; Chinese character dictionary (containing entries for single characters, contrasted with a 词典, which has entries for words of one or more characters)",2.0,n,子,-0.904313421856363
字幕,zì mù,caption ; subtitle,7.0,n,子,-0.9461037144254378
字母,zì mǔ,letter (of the alphabet),4.0,n,子,-0.15640793948343445
字眼,zì yǎn,wording,7.0,n,子,-0.00850277486574026
字迹,zì jì,handwriting,7.0,n,子,-0.33800816580757065
字体,zì tǐ,calligraphic style ; font ; typeface,7.0,n,子,-0.21198634896375665
存在,cún zài,existence ; to be ; to exist,3.0,"v,vn",子,0.11801620771842791
存心,cún xīn,deliberately,7.0,d,子,-0.6892549239115031
存折,cún zhé,bankbook ; passbook,7.0,n,子,0.8847159083629809
存放,cún fàng,to deposit ; to leave in sb's care ; to store,7.0,"v,vn",子,-0.47339171343381986
存款,cún kuǎn,bank deposit ; bank savings ; to deposit money (in a bank etc),5.0,"n,v",子,-0.13194442073211113
孝敬,xiào jìng,to give presents (to one's elders or superiors) ; to show filial respect ; to support one's aged parents,7.0,v,子,0.37995411628222137
孝顺,xiào shùn,devoted to one's parents (and grandparents etc) ; dutiful ; filial ; filial piety ; to show filial piety towards (an older family member),7.0,"v,a,an",子,-1.5010944222820242
季度,jì dù,quarter of a year ; season (sports),4.0,n,子,1.9350477135955964
季节,jì jié,period ; season ; time,4.0,n,子,-0.23763335094540078
孤儿,gū ér,orphan,6.0,n,子,-0.6620456680020446
孤单,gū dān,lone ; loneliness ; lonely,7.0,"a,an",子,-0.8646061345243771
孤独,gū dú,lonely ; solitary,6.0,"a,an",子,-1.088789573165954
孤立,gū lì,isolated ; to isolate,7.0,"v,a,an,ad",子,0.6663673363817967
孩子,hái zi,child,1.0,n,子,-1.1201766323340463
孙女,sūn nǚ,granddaughter ; son's daughter,4.0,n,子,-0.288536791426734
孙子,Sūn zǐ | sūn zi,"Sun Tzu, also known as Sun Wu 孙武 (c. 500 BC, dates of birth and death uncertain), general, strategist and philosopher of the Spring and Autumn Period (700-475 BC), believed to be the author of the “Art of War” 孙子兵法, one of the Seven Military Classics of ancient China 武经七书 ; grandson ; son's son",4.0,"n,nr",子,-0.7194467070648198
孵化,fū huà,breeding ; innovation (esp. in commerce and marketing) ; to incubate,7.0,"v,vn",子,1.3445275216656591
学位,xué wèi,academic degree ; place in school,5.0,n,子,-1.1863002558271263
学分,xué fēn,course credit,4.0,n,子,0.9020073038273552
学员,xué yuán,member of an institution of learning ; officer cadet ; student,6.0,n,子,-0.4770369725987247
学问,xué wèn,knowledge ; learning,4.0,n,子,-0.07334810565455621
学堂,xué táng,college ; school (old),7.0,n,子,0.2009576465044453
学士,xué shì,bachelor's degree ; person holding a university degree,7.0,n,子,-0.6261020348778209
学年,xué nián,academic year,4.0,n,子,1.2941448324935974
学会,xué huì,(scholarly) association ; institute ; learned society ; to learn ; to master,6.0,"v,n",子,-0.43889193919455316
学期,xué qī,semester ; term,2.0,n,子,-0.16695315349619086
学校,xué xiào,school,1.0,n,子,-1.359710441814688
学业,xué yè,schoolwork ; studies,7.0,n,子,-1.3216955962378358
学历,xué lì,academic qualifications ; educational background,7.0,n,子,-1.3608821322605504
学生,xué sheng,schoolchild ; student,1.0,n,子,-1.2161132682829467
学科,xué kē,academic discipline ; branch of learning ; course ; subject,5.0,n,子,-0.7996424086927005
学习,xué xí,to learn ; to study,1.0,"v,vn",子,-1.2510153987886259
学者,xué zhě,scholar,5.0,n,子,0.1990166218791331
学术,xué shù,academic ; learning ; science,4.0,n,子,-0.7652728222807517
学说,xué shuō,doctrine ; theory,7.0,n,子,3.7079219604430524
学费,xué fèi,tuition ; tuition fee,3.0,n,子,-0.5753287822238056
学院,xué yuàn,college ; educational institute ; faculty ; school,1.0,n,子,-0.2825481513701075
孪生,luán shēng,(adj.) twin,7.0,b,子,4.705894673524921
它们,tā men,they (for inanimate objects),2.0,r,宀,0.4601616106945605
宇宙,yǔ zhòu,cosmos ; universe,7.0,n,宀,-0.6749224701220667
守候,shǒu hòu,to expect ; to keep watch ; to nurse ; to wait for ; to watch over,7.0,v,宀,-0.3348954507363961
守护,shǒu hù,to guard ; to protect,7.0,"v,vn",宀,-0.8508062248286695
安全,ān quán,safe; secure ; safety; security,2.0,"an,a,ad,n",宀,-0.9725318433709892
安定,Ān dìng | ān dìng,"Anting township in Tainan county 台南县, Taiwan ; Valium; diazepam ; stable; calm; settled ; to stabilize",7.0,"a,an,v",宀,-0.5405686323299032
安宁,Ān níng | ān níng,"Anning City, to the west of Kunming 明, Yunnan ; Anning District of Lanzhou City 兰州市, Gansu ; calm ; composed ; free from worry ; peaceful ; tranquil",7.0,"an,a",宀,0.23872390921112055
安心,ān xīn,at ease ; to feel relieved ; to keep one's mind on sth ; to set one's mind at rest,7.0,"a,ad",宀,-1.0200621931265137
安慰,ān wèi,to comfort ; to console,5.0,"v,vn,an,a",宀,-0.2964782488931315
安排,ān pái,arrangements ; plans ; to arrange ; to plan ; to set up,3.0,"v,vn",宀,-1.672161227377861
安抚,ān fǔ,to appease ; to pacify ; to placate,7.0,"v,vn",宀,-1.0932159592947646
安稳,ān wěn,steady; stable; sedate; calm; (of sleep) sound; (of a transition) smooth,7.0,"a,ad",宀,-0.7141325917136974
安置,ān zhì,placement ; to arrange for ; to find a place for ; to get into bed ; to help settle down,4.0,"v,vn",宀,-0.05615151966412373
安装,ān zhuāng,installation ; to erect ; to fix ; to install ; to mount,3.0,"v,vn",宀,-0.311319661207382
安逸,ān yì,easy ; easy and comfortable,7.0,"a,an",宀,0.39207337700725364
安静,ān jìng,calm ; peaceful ; quiet,2.0,a,宀,-0.2939928873896317
完了,wán le,gone to the dogs ; oh no ; ruined ; to be done for ; to be finished,5.0,v,宀,-0.27264208370948173
完备,wán bèi,complete ; faultless ; perfect ; to leave nothing to be desired,7.0,"a,ad,v",宀,1.2269679135975156
完全,wán quán,complete; whole ; totally; entirely,2.0,"ad,a",宀,1.173176755346269
完善,wán shàn,"(of systems, facilities etc) comprehensive ; excellent ; to improve ; to refine ; well-developed",3.0,"v,a",宀,-0.5322484041660094
完成,wán chéng,to complete; to accomplish,2.0,"v,vn",宀,-1.9585744474774363
完整,wán zhěng,complete ; intact,3.0,"a,ad,an",宀,-0.5878386064307903
完毕,wán bì,to complete ; to end ; to finish,7.0,v,宀,0.08990742980220125
完美,wán měi,perfect,3.0,"a,ad",宀,-1.0345012491743517
完蛋,wán dàn,(coll.) to be done for,7.0,v,宀,-0.6404344886672573
宏伟,hóng wěi,grand ; imposing ; magnificent,7.0,a,宀,0.2555063461506833
宏大,hóng dà,grand ; great,6.0,a,宀,0.43879901422995204
宏观,hóng guān,holistic ; macro- ; macroscopic,7.0,n,宀,-0.38500597146936477
宗教,zōng jiào,religion,6.0,n,宀,-0.0367653261782021
宗旨,zōng zhǐ,aim ; goal ; objective,7.0,n,宀,-1.2230132231307997
官僚,guān liáo,bureaucracy ; bureaucrat ; bureaucratic,7.0,n,宀,-0.0905328988605314
官兵,guān bīng,(military) officers and soldiers ; (old) government troops ; officers and men,7.0,n,宀,-0.8856965625498913
官司,guān si,lawsuit,6.0,n,宀,1.50503731996428
官吏,guān lì,bureaucrat ; official,7.0,n,宀,0.024304557618392692
官员,guān yuán,administrator ; official (in an organization or government),7.0,n,宀,-0.42445288314671503
官方,guān fāng,government ; official (approved or issued by an authority),4.0,n,宀,0.05358502598048284
定位,dìng wèi,niche ; position ; positioning ; to categorize (as) ; to characterize (as) ; to orientate ; to position,6.0,"v,vn,n",宀,0.10944739668435687
定价,dìng jià,to fix a price ; to set a price,6.0,"v,n,vn",宀,-1.164168325183069
定向,dìng xiàng,directed ; directional ; orienteering ; to orientate,7.0,"d,b",宀,0.4343844208856
定居,dìng jū,"to settle (in some city, country etc) ; to take up residence",7.0,"v,vn",宀,0.1206435498337041
定时,dìng shí,fixed time ; timed (of explosive etc) ; to fix a time,6.0,"d,b",宀,-0.28606322270769297
定期,dìng qī,at regular intervals ; at set dates ; fixed term ; limited to a fixed period of time ; periodic,3.0,"d,b",宀,0.0772910033368148
定为,dìng wèi,set to,7.0,v,宀,4.180433016900601
定义,dìng yì,definition ; to define,7.0,"n,v",宀,-1.0016939166902188
定论,dìng lùn,accepted argument ; final conclusion,7.0,n,宀,-0.17005407578290657
客人,kè rén,client ; customer ; guest ; visitor,2.0,n,宀,-1.7260589878875083
客厅,kè tīng,drawing room (room for arriving guests) ; living room,5.0,n,宀,-0.25195401195037986
客户,kè hù,client ; customer,5.0,n,宀,-1.1728909096133737
客房,kè fáng,guest room ; room (in a hotel),7.0,n,宀,-0.46584081944937744
客机,kè jī,passenger plane,7.0,n,宀,-0.25285353395714766
客气,kè qi,courteous ; formal ; modest ; polite,5.0,"a,ad",宀,-0.25887755236715027
客观,kè guān,impartial ; objective,3.0,"a,n,ad",宀,-0.8846668527158057
客车,kè chē,bus ; coach ; passenger train,6.0,n,宀,2.246184828101132
客运,kè yùn,(Tw) intercity bus ; passenger transportation,7.0,n,宀,2.0284989880409974
宣传,xuān chuán,propaganda ; to disseminate ; to give publicity to,3.0,"vn,v",宀,-0.9263269574575612
宣告,xuān gào,to declare ; to proclaim,7.0,v,宀,-0.6797394197328324
宣布,xuān bù,to announce ; to declare ; to proclaim,3.0,v,宀,-0.7775104780486418
宣扬,xuān yáng,to publicize; to advertise; to spread far and wide,7.0,v,宀,-0.7562898621958097
宣泄,xuān xiè,to divulge ; to drain (by leading off water) ; to leak a secret ; to unburden oneself,7.0,"v,vn",宀,1.3787669202502901
宣称,xuān chēng,to assert ; to claim,7.0,v,宀,0.03484977163114906
宣言,xuān yán,declaration ; manifesto,7.0,n,宀,0.3187894230116833
宣誓,xuān shì,to make a vow ; to swear an oath (of office),7.0,"v,vn",宀,-0.2705590784723943
宣读,xuān dú,a prepared speech (e.g. to a party conference) ; to read out loud to an audience,7.0,v,宀,1.1584891164282523
宫廷,gōng tíng,court (of king or emperor),7.0,n,宀,1.5104934159271777
宫殿,gōng diàn,palace,7.0,n,宀,-0.6992675938305307
害怕,hài pà,to be afraid ; to be scared,3.0,"v,vn",宀,-0.7433064578173869
害羞,hài xiū,bashful ; embarrassed ; shy,7.0,a,宀,-0.21159578548180302
害虫,hài chóng,injurious insect ; pest,7.0,n,宀,1.3563510283826785
宴会,yàn huì,banquet ; dinner party ; feast,6.0,n,宀,-0.5114183517951308
家人,jiā rén,(old) servant ; family member,1.0,"n,nr",宀,-0.8443204190316861
家具,jiā jù,furniture,3.0,n,宀,-1.0238258473342776
家务,jiā wù,household duties ; housework,4.0,n,宀,-1.2103850038809545
家园,jiā yuán,home ; homeland,6.0,n,宀,-0.6384698784730305
家境,jiā jìng,family circumstances ; family financial situation,7.0,n,宀,-1.152841984206404
家属,jiā shǔ,(family) dependent ; family member,3.0,n,宀,-1.0371167985051695
家庭,jiā tíng,family ; household,2.0,n,宀,-1.3701254680001265
家政,jiā zhèng,housekeeping,7.0,n,宀,-0.10106632008883044
家教,jiā jiào,family education ; private tutor ; to bring sb up ; upbringing,7.0,"n,v",宀,-0.5293842719650133
家族,jiā zú,clan ; family,7.0,n,宀,-0.8406633670823255
家用,jiā yòng,domestic ; family expenses ; home-use ; housekeeping money,7.0,"b,n",宀,-0.5655764879594137
家禽,jiā qín,domestic fowl ; poultry,7.0,n,宀,-0.25285353395714766
家乡,jiā xiāng,hometown ; native place,3.0,n,宀,-0.7805283836458718
家长,jiā zhǎng,family head ; head of a household ; parent or guardian of a child ; patriarch,2.0,n,宀,-0.8515873517925782
家电,jiā diàn,abbr. for 家用电器 ; household electric appliance,6.0,n,宀,1.7251849359589986
容忍,róng rěn,to put up with ; to tolerate,7.0,"v,vn",宀,-0.7698293962368815
容易,róng yì,easy; straightforward ; likely; liable to; apt to,3.0,"a,ad",宀,-1.699370483287321
容纳,róng nà,to accommodate ; to contain ; to hold ; to tolerate (different opinions),7.0,v,宀,-0.5582741768451498
容许,róng xǔ,to allow ; to permit,7.0,v,宀,-0.7263584546971302
容量,róng liàng,capacity ; quantitative (science) ; volume,7.0,n,宀,-0.21810517684770248
容颜,róng yán,complexion ; mien,7.0,n,宀,0.19588032123904392
宿舍,sù shè,dorm room ; dormitory ; hostel ; living quarters,5.0,n,宀,-0.26249922596313624
寂寞,jì mò,(of a place) quiet ; lonely ; lonesome ; silent,7.0,"a,an",宀,-0.780374610249638
寂静,jì jìng,quiet,7.0,"a,an",宀,-0.3687324930546162
寄托,jì tuō,"a thing in which you invest (your hope, energy etc) ; to entrust (to sb) ; to place (one's hope, energy etc) in",7.0,"v,vn",宀,-0.6241492174680514
密切,mì qiè,close ; closely (related) ; familiar ; intimate ; to foster close ties ; to pay close attention,4.0,"ad,a,v",宀,-0.3126097466961049
密封,mì fēng,to seal up,7.0,"vn,v",宀,0.38518521494385793
密度,mì dù,density ; thickness,7.0,n,宀,-0.6268949546261869
密码,mì mǎ,cipher; secret code ; password; PIN,4.0,n,宀,-0.8580967431584776
密集,mì jí,compressed ; concentrated ; crowded together ; intensive,7.0,"a,ad",宀,-0.25845161053182053
富人,fù rén,rich person ; the rich,6.0,n,宀,0.622884602057588
富强,fù qiáng,rich and powerful,7.0,"a,an",宀,2.724909054718294
富有,fù yǒu,rich; wealthy; affluent ; to be rich in; to be replete with,6.0,"v,a",宀,0.9837770521675118
富翁,fù wēng,billionaire ; millionaire ; rich person,7.0,n,宀,-0.9634186954587295
富裕,Fù yù | fù yù,"Fuyu county in Qiqihar 齐齐哈尔, Heilongjiang ; prosperous ; well-off ; well-to-do",7.0,"a,an",宀,-0.5660972392686867
富豪,fù háo,rich and powerful person,7.0,"n,nz",宀,-0.8732103239118226
富足,fù zú,plentiful ; rich,7.0,"a,an",宀,1.2238434057418839
寒假,hán jià,winter vacation,4.0,t,宀,2.10856450184156
寒冷,hán lěng,cold (climate) ; frigid ; very cold,4.0,"a,an",宀,-0.8081164102528283
寓意,yù yì,implication ; import ; lesson to be learned ; message ; metaphorical meaning ; moral (of a story),7.0,"n,v",宀,0.4058850794874171
寓言,yù yán,fable,7.0,n,宀,0.04630630043513348
察看,chá kàn,to look carefully at ; to watch,7.0,v,宀,0.7641501874820645
察觉,chá jué,to become aware of ; to detect ; to perceive ; to sense,7.0,"v,vn",宀,0.8465708749588093
寡妇,guǎ fu,widow,7.0,n,宀,-0.5551496689895179
寝室,qǐn shì,bedroom ; dormitory,7.0,n,宀,0.6713262666043387
实力,shí lì,strength,3.0,n,宀,-0.005378267010108406
实在,shí zài,(philosophy) reality ; actually ; dependable ; honest ; indeed ; real ; really ; true,2.0,"d,a",宀,-0.5774235802453518
实地,shí dì,on-site,7.0,"d,s,n",宀,1.2262933888920076
实施,shí shī,to carry out ; to implement,4.0,"v,vn",宀,0.13768636242790258
实况,shí kuàng,live (e.g. broadcast or recording) ; scene ; the real situation ; what is actually happening,7.0,n,宀,0.05567982400202755
实物,shí wù,concrete object ; definite thing ; in kind ; material object ; matter (physics) ; object for practical use ; original object ; reality,7.0,n,宀,0.2143669927181978
实现,shí xiàn,to achieve ; to bring about ; to implement ; to realize,2.0,"v,vn",宀,-0.9168114532788905
实用,shí yòng,applied (science) ; functional ; practical ; pragmatic,4.0,"a,vn",宀,-0.7168429505184595
实习,shí xí,field work ; internship ; to intern ; to practice,2.0,"vn,v",宀,-1.005599551509758
实行,shí xíng,to carry out ; to implement ; to put into practice,3.0,v,宀,-0.3456774548348736
实质,shí zhì,essence ; substance,7.0,n,宀,2.1304714351843574
实践,shí jiàn,practice ; to carry out (a project) ; to live up to (a promise) ; to put into practice,6.0,"v,vn",宀,-1.2482696616304905
实际,shí jì,actual ; practical ; practice ; real ; realistic ; reality,2.0,"n,a,ad",宀,-0.9624007784091027
实验,shí yàn,experiment ; experimental ; test ; to experiment,3.0,"vn,n,v",宀,-1.1835663114534496
实体,shí tǐ,"entity ; substance ; the real thing (as opposed to an image or model of it) ; thing that has a material existence (as opposed to a conceptual, virtual or online existence)",7.0,n,宀,0.35588116101285167
宁可,nìng kě,(to pick) the lesser of two evils ; (would) be better to ; one would prefer to...(or not to...) ; preferably ; would rather,7.0,"d,c",宀,0.3092739188330126
宁静,níng jìng,serenity ; tranquil ; tranquility,4.0,"a,an",宀,-1.1096196255368311
宁愿,nìng yuàn,would rather ... (than ...),7.0,"d,c,v",宀,-0.09533805568683971
审判,shěn pàn,a trial ; to try sb,7.0,"vn,v",宀,0.5005080443786789
审定,shěn dìng,to approve ; to evaluate ; to examine sth and make a decision ; to screen,7.0,"v,vn",宀,1.6441963145827518
审批,shěn pī,to endorse ; to examine and approve,7.0,"vn,v",宀,0.46734552676596686
审查,shěn chá,censorship ; to censor out ; to examine ; to investigate,6.0,"v,vn",宀,-0.6078875318377601
审核,shěn hé,to audit ; to investigate thoroughly,7.0,"v,vn",宀,-0.24739743799424996
审美,shěn měi,appreciating the arts ; esthetics ; taste,7.0,vn,宀,0.5752594428281218
审视,shěn shì,to examine ; to look closely at,7.0,"v,vn",宀,-0.48641049616561877
写作,xiě zuò,to compose ; to write ; writing ; written works,3.0,"v,vn",冖,-0.9112369622731322
写照,xiě zhào,portrayal,7.0,n,冖,1.9971355144418195
宽厚,kuān hòu,generous ; magnanimous ; thick and broad (build) ; thick and deep (voice) ; tolerant,7.0,a,宀,1.0339111584693952
宽容,kuān róng,charitable ; indulgent ; lenient ; to forgive ; tolerant,7.0,"v,vn,a",宀,-1.0943876497406269
宽度,kuān dù,width,5.0,n,宀,0.8727150426808077
宽广,kuān guǎng,broad ; extensive ; vast ; wide,4.0,a,宀,2.5527653686505376
宽恕,kuān shù,forgiveness ; to forgive,7.0,"v,vn",宀,-0.6927582024646313
宽敞,kuān chang,spacious ; wide,7.0,a,宀,0.7168802133811762
宽阔,kuān kuò,expansive ; thickness ; wide ; width,6.0,a,宀,0.6958015781401206
宽松,kuān sōng,(of clothes) loose and comfortable ; relaxed; free of worry ; spacious; roomy; uncrowded ; well-off; affluent,7.0,a,宀,-0.3805677925560939
宠爱,chǒng ài,to dote on sb,7.0,v,宀,-0.3492161117413752
宠物,chǒng wù,house pet,6.0,n,宀,-1.7476701672222938
宝宝,bǎo bao,darling; baby,4.0,n,宀,-0.43563724351160343
宝库,bǎo kù,"treasure-house ; treasure-trove (often fig., book of treasured wisdom) ; treasury",7.0,n,宀,2.169243822156201
宝石,bǎo shí,precious stone; gem,4.0,"n,nz",宀,-0.1275062418188406
宝藏,bǎo zàng,(Buddhism) the treasure of Buddha's law ; (fig.) treasure ; hidden treasure ; precious mineral deposits,7.0,n,宀,-0.48250486134607967
宝贝,bǎo bèi,baby ; cowry ; darling ; good-for-nothing or queer character ; treasure ; treasured object,4.0,n,宀,-1.3426558364360321
宝贵,bǎo guì,precious ; to set store by ; to treasure ; to value ; valuable,4.0,a,宀,-0.44723575292736306
寺庙,sì miào,monastery ; shrine ; temple,7.0,n,寸,0.96514840007658
封建,fēng jiàn,feudal ; feudalism ; feudalistic ; system of enfeoffment,7.0,a,寸,-0.45374514429326246
封锁,fēng suǒ,to blockade ; to lock down ; to seal off,7.0,"v,vn",寸,-1.073948160851702
封闭,fēng bì,closed (i.e. isolated from outside input) ; to close down (an illegal venue) ; to close; to seal off,4.0,"v,vn",寸,-0.6564357986429129
封面,fēng miàn,cover (of a publication),7.0,n,寸,-0.6686734544108031
射击,shè jī,to fire (a gun) ; to shoot,5.0,"v,vn",寸,-1.1986680994223358
将来,jiāng lái,future ; in the future ; the future,3.0,t,丬,-1.1590909999176677
将要,jiāng yào,shall ; to be going to ; will,5.0,d,丬,0.5829287318554247
将军,Jiāng jūn | jiāng jūn,(common place name) ; fig. to embarrass ; general ; high-ranking military officer ; to challenge ; to check or checkmate ; to put sb on the spot,6.0,n,丬,-1.309588128297262
将近,jiāng jìn,almost ; close to ; nearly,3.0,d,丬,2.029019739350269
专人,zhuān rén,person appointed for specific task ; specialist,7.0,n,一,3.9375379094786083
专利,zhuān lì,monopoly ; patent ; sth uniquely enjoyed (or possessed etc) by a certain group of people,5.0,n,一,-0.3131422907898337
专制,zhuān zhì,autocracy ; dictatorship,7.0,"n,a",一,-0.5926437632570987
专家,zhuān jiā,expert; specialist,3.0,n,一,-1.3334125006964546
专心,zhuān xīn,to focus one's attention; to concentrate on (doing sth),4.0,"ad,a",一,-1.2766506079858113
专业,zhuān yè,main field of study (at university) ; major ; professional ; specialized field ; specialty,3.0,n,一,-1.424153416337093
专柜,zhuān guì,sales counter dedicated to a certain kind of product (e.g. alcohol),7.0,n,一,1.9128804045981644
专栏,zhuān lán,special column,7.0,n,一,0.2586426467907725
专注,zhuān zhù,to focus; to concentrate; to give one's full attention,7.0,"v,vn",一,-0.7129373156989204
专用,zhuān yòng,dedicated ; special,6.0,"vn,v",一,-0.39215450918739475
专程,zhuān chéng,specially (for that purpose) ; specifically,7.0,d,一,0.566146294915862
专职,zhuān zhí,assigned full time to a task ; special duty,7.0,b,一,0.034459208149195474
专辑,zhuān jí,album ; record (music) ; special collection of printed or broadcast material,5.0,n,一,-0.08010607989063406
专长,zhuān cháng,special knowledge or ability ; specialty,7.0,n,一,-0.37757347252777995
专门,zhuān mén,customized ; specialist ; specialized,3.0,"d,b",一,0.04720582244190127
专题,zhuān tí,"article, report or program etc on a specific topic ; specific topic (addressed by a book, lecture, TV program etc)",3.0,n,一,0.3718942637729645
尊严,zūn yán,dignity ; honor ; majesty ; sanctity,7.0,n,寸,-0.6059347144279906
尊敬,zūn jìng,honorable; distinguished (used on formal occasions before a term of address) ; to respect; to revere; to esteem,5.0,"v,vn",寸,-0.598123444788911
尊贵,zūn guì,honorable ; respectable ; respected,7.0,a,寸,-0.3041475379204345
尊重,zūn zhòng,eminent ; proper ; serious ; to esteem ; to honor ; to respect ; to value,5.0,"v,vn",寸,-1.422721350236595
寻常,xún cháng,common ; ordinary ; usual,7.0,a,彐,-0.2722515202275281
寻找,xún zhǎo,to seek; to look for,4.0,v,彐,-0.737696588458254
寻求,xún qiú,to seek; to look for,5.0,v,彐,-0.37511169659319626
寻觅,xún mì,to look for,7.0,v,彐,-0.24660451824588395
对付,duì fu,(dialect) (usu. used in the negative) to get along with (sb) ; to get by with; to make do ; to handle; to deal with; to tackle,4.0,v,寸,-0.07867401379013603
对峙,duì zhì,confrontation ; to confront ; to stand opposite,7.0,"v,vn",寸,2.1334539624282116
对待,duì dài,to treat ; treatment,3.0,"v,vn",寸,-0.22760888824191589
对应,duì yìng,to correspond (to); to be equivalent to; to be a counterpart to,5.0,"v,vn",寸,0.21242596809288705
对手,duì shǒu,(well-matched) adversary ; competitor ; match ; opponent ; rival,3.0,n,寸,-0.6075087611402653
对抗,duì kàng,antagonism ; confrontation ; to resist ; to stand off ; to withstand,6.0,"v,vn",寸,-0.21288587097052442
对方,duì fāng,the other person; the other side; the other party,3.0,n,寸,-1.0643142616301708
对于,duì yú,regarding; as far as (sth) is concerned; with regard to,4.0,p,寸,-0.06227034754806956
对比,duì bǐ,contrast ; ratio ; to contrast,4.0,"vn,v",寸,-0.9641998224226381
对准,duì zhǔn,alignment (mechanical engineering) ; registration ; to aim at ; to be directed at ; to point at ; to target,7.0,v,寸,0.42449014600943147
对照,duì zhào,to check ; to compare ; to contrast ; to place side by side for comparison (as parallel texts),7.0,"v,vn",寸,-0.9354283125853622
对白,duì bái,dialogue (in a movie or a play),7.0,n,寸,-0.5546407104647038
对称,duì chèn,symmetrical ; symmetry,7.0,"a,ad",寸,-0.48225627847590125
对立,duì lì,antithetical ; diametrical ; opposing ; relative opposite ; to be antagonistic to ; to oppose ; to set sth against,5.0,"v,vn",寸,0.13288120560159572
对策,duì cè,countermeasure for dealing with a situation,7.0,n,寸,-0.7755694534233311
对联,duì lián,pair of lines of verse written vertically down the sides of a doorway ; rhyming couplet,7.0,n,寸,-0.432915091922384
对话,duì huà,dialogue; conversation ; to talk (with sb),2.0,"vn,v",寸,-1.4162119588706956
对象,duì xiàng,partner; boyfriend; girlfriend ; target; object,3.0,n,寸,-1.6143578320486733
对面,duì miàn,(sitting) opposite ; across (the street) ; directly in front ; to be face to face,2.0,"f,n,v",寸,-0.604621043370353
导向,dǎo xiàng,orientation ; to be oriented towards,7.0,n,寸,0.5544293904572433
导师,dǎo shī,academic advisor ; teacher ; tutor,7.0,n,寸,-0.7566922184622221
导弹,dǎo dàn,(guided) missile,7.0,n,寸,-0.9394641352322206
导演,dǎo yǎn,director (film etc) ; to direct,3.0,,寸,-1.0576746824369534
导致,dǎo zhì,to bring about ; to cause ; to create ; to lead to,4.0,v,寸,-0.2628897894450899
导航,dǎo háng,navigation,7.0,"vn,v",寸,-0.6867695624080034
导游,dǎo yóu,guidebook ; to conduct a tour ; tour guide,4.0,n,寸,-0.08349096340090166
小丑,xiǎo chǒu,clown,7.0,n,小,-0.06760804846810667
小人,xiǎo rén,"I, me (used to refer humbly to oneself) ; nasty person ; person of low social status (old) ; vile character",7.0,n,小,-0.6836568473368302
小吃,xiǎo chī,refreshments ; snack,4.0,n,小,-0.15898811046087724
小品,xiǎo pǐn,"essay ; short, simple literary or artistic creation ; skit",7.0,n,小,2.025504668012683
小型,xiǎo xíng,small scale ; small size,4.0,b,小,-0.2121165367910745
小姐,xiǎo jie,(slang) prostitute ; miss ; young lady,1.0,n,小,0.020387130014394808
小学,xiǎo xué,elementary school; primary school,1.0,n,小,-1.121206342168132
小心,xiǎo xīn,to be careful ; to take care,2.0,"a,v,ad",小,-1.6978082293595051
小于,xiǎo yú,"less than, <",6.0,v,小,3.706738477212731
小时,xiǎo shí,hour,1.0,"n,q",小,-0.17293000076836001
小气,xiǎo qì,miserly ; narrow-minded ; petty ; stingy,7.0,a,小,-1.0524671693442342
小溪,xiǎo xī,brook ; streamlet,7.0,n,小,1.3839744333430093
小看,xiǎo kàn,to look down on ; to underestimate,7.0,v,小,2.6205814338987516
小组,xiǎo zǔ,group,2.0,n,小,-1.1646890764923405
小说,xiǎo shuō,fiction ; novel,2.0,n,小,-0.8251710156314841
小贩,xiǎo fàn,hawker ; peddler,7.0,n,小,-0.3760112185999655
小费,xiǎo fèi,gratuity ; tip,6.0,"nr,n",小,-0.803157480030286
小麦,xiǎo mài,wheat,6.0,n,小,0.8710343937101338
少女,shào nǚ,girl ; young lady,7.0,n,小,-0.49984342794828884
少年,shào nián,(literary) youth ; early youth ; young man ; youngster,2.0,n,小,-1.0147126994220177
少数,shǎo shù,few ; minority ; small number,2.0,m,小,-0.3779758287941924
少有,shǎo yǒu,infrequent ; rare,7.0,a,小,0.09264137417587948
少见,shǎo jiàn,(formal) it's a rare pleasure to see you ; rare; seldom seen,7.0,a,小,1.1017272237176103
少量,shǎo liàng,a few ; a little bit ; a smidgen,7.0,m,小,-0.5106372248312236
尖端,jiān duān,highest peak ; most advanced and sophisticated ; sharp pointed end ; the best ; the cusp ; the tip ; tip-top,7.0,"b,n",小,0.544002571487346
尖锐,jiān ruì,acute (illness) ; intense ; penetrating ; pointed ; sharp,7.0,"a,ad",小,0.8578972159354744
尚未,shàng wèi,not yet; still not,7.0,d,⺌,1.6810394697137432
尤其,yóu qí,especially; particularly,5.0,d,尢,0.4277448416923812
就任,jiù rèn,to assume a post ; to take office,7.0,v,尢,0.5356823433234522
就座,jiù zuò,to take a seat,7.0,v,尢,1.8851857757328077
就是,jiù shì,(used correlatively with 也) even; even if ; exactly; precisely ; only; simply; just,3.0,"v,d",尢,-1.0596274998467246
就业,jiù yè,employment ; to get a job,3.0,"v,vn",尢,-0.7087830980092015
就算,jiù suàn,(coll.) even if,6.0,"d,v",尢,0.9828775301607439
就职,jiù zhí,to take office; to assume a post,7.0,"v,vn",尢,0.42891653213824354
就读,jiù dú,to go to school,7.0,v,尢,1.0051278558476617
就近,jiù jìn,in a close neighborhood ; nearby,7.0,"d,b,a",尢,4.0086440487631485
就医,jiù yī,to receive medical treatment,7.0,"v,vn",尢,0.39208516979171093
尴尬,gān gà,awkward ; embarrassed,7.0,"a,an",尢,-0.7294711697683047
尺子,chǐ zi,ruler (measuring instrument),4.0,n,尸,0.5894381232213243
尺寸,chǐ cun,(coll.) propriety ; size; dimensions; measurements (esp. of clothes),4.0,n,尸,-0.1763148842786276
尺度,chǐ dù,scale ; yardstick,7.0,n,尸,0.1085360818931318
尼龙,ní lóng,nylon (loanword),7.0,n,尸,2.845534206719777
尾巴,wěi ba,colloquial pr. [yǐ ba] ; tail,4.0,n,尸,-0.04693176949346486
尾声,wěi shēng,coda ; end ; epilogue,7.0,n,尸,0.7096250734047442
局势,jú shì,situation ; state (of affairs),7.0,n,尸,0.5391738290921204
局部,jú bù,local ; part,7.0,n,尸,0.19810530708790802
局长,jú zhǎng,bureau chief,5.0,n,尸,0.1513560842962923
局面,jú miàn,aspect ; phase ; situation,5.0,n,尸,-0.44878621407072017
居住,jū zhù,resident in ; to dwell ; to live in a place ; to reside,4.0,"v,vn",户,-0.448798006855179
居民,jū mín,resident; inhabitant,4.0,n,户,-1.2455475100412694
居然,jū rán,go so far as to ; to one's surprise ; unexpectedly,5.0,d,户,-0.8975554476202852
届时,jiè shí,at the scheduled time ; when the time comes,7.0,d,尸,0.9370396221603533
屈服,qū fú,(as a transitive verb) to defeat ; to prevail over ; to succumb ; to surrender ; to yield,7.0,v,尸,-0.8971530913538742
屋子,wū zi,house ; room,3.0,n,尸,-0.098344168499611
屋顶,wū dǐng,roof,7.0,n,尸,-0.8277629793933857
尸体,shī tǐ,carcass ; corpse ; dead body,7.0,n,尸,-0.37353764988092303
屏幕,píng mù,"screen (TV, computer or movie)",6.0,n,户,0.2480974327780161
展出,zhǎn chū,to be on show ; to exhibit ; to put on display,7.0,v,尸,-0.21470850055297608
展望,zhǎn wàng,outlook ; prospect ; to look ahead ; to look forward to,7.0,"v,vn",尸,0.02508568458229991
展现,zhǎn xiàn,to unfold before one's eyes; to emerge; to reveal; to display,5.0,v,尸,-0.8467704021818125
展示,zhǎn shì,to reveal; to display; to show; to exhibit,5.0,"v,vn",尸,-0.31130786842292474
展览,zhǎn lǎn,exhibition ; show ; to exhibit ; to put on display,5.0,"vn,v",尸,-0.8593986214316578
展开,zhǎn kāi,to launch; to carry out ; to unfold; to spread out; to open up,3.0,"v,vn",尸,0.2753066886874747
屠杀,tú shā,to massacre; to slaughter,7.0,"vn,v",尸,0.6263996733951734
屡次,lǚ cì,repeatedly ; time and again,7.0,d,尸,1.2524847277518405
层次,céng cì,(a person's) standing ; arrangement of ideas ; gradation ; layer ; level,5.0,n,尸,1.4338245784213397
层面,céng miàn,"(geology) bedding plane ; aspect ; facet ; level (political, psychological, spiritual etc)",6.0,n,尸,2.148129808561771
履行,lǚ xíng,to carry out (a task) ; to fulfill (one's obligations) ; to implement (an agreement) ; to perform,7.0,"v,vn",尸,0.4250226901031618
属性,shǔ xìng,attribute ; property,7.0,n,尸,-0.4832977810944457
属于,shǔ yú,to be classified as ; to be part of ; to belong to,3.0,v,尸,0.003202336808421104
山区,shān qū,mountain area,5.0,n,山,-0.6279246644602726
山坡,shān pō,hillside,6.0,n,山,0.7102760125413335
山寨,shān zhài,(fig.) knockoff (goods) ; counterfeit ; fortified hill village ; imitation ; mountain stronghold (esp. of bandits),7.0,n,山,0.4314018936417433
山峰,shān fēng,(mountain) peak,6.0,n,山,0.4612149060975623
山岭,shān lǐng,mountain ridge,7.0,n,山,0.31850546178813033
山川,shān chuān,landscape ; mountains and rivers,7.0,n,山,2.4399161079347564
山谷,shān gǔ,ravine ; valley,6.0,n,山,-0.013438119519366477
山路,shān lù,mountain road,7.0,n,山,0.10879645754776754
山顶,shān dǐng,hilltop,7.0,n,山,-1.052987920653507
屹立,yì lì,to stand straight (of person's bearing) ; to tower,7.0,v,山,1.2091439740394083
岩石,yán shí,rock,7.0,n,山,1.754832382234126
岳母,yuè mǔ,"wife's mother, mother-in-law",7.0,n,山,-1.005599551509758
岳父,yuè fù,"wife's father, father-in-law",7.0,n,山,-0.5410893836391746
岸上,àn shàng,ashore ; on the riverbank,5.0,s,山,0.9513484903808739
峰会,fēng huì,summit meeting,6.0,n,山,8.404420781640704
岛屿,dǎo yǔ,island,7.0,n,山,1.605281946999132
峡谷,xiá gǔ,canyon ; gill ; ravine,7.0,n,山,0.34392746646851335
崇尚,chóng shàng,to advocate ; to hold in esteem ; to hold up (as an model) ; to revere,7.0,v,山,0.474884627965952
崇拜,chóng bài,adoration ; to worship,6.0,"v,vn",山,-0.24908987974938374
崇高,chóng gāo,majestic ; sublime,7.0,a,山,-0.15013533820325464
岗位,gǎng wèi,a post; a job,6.0,n,山,-0.36131178689749016
崛起,jué qǐ,the emergence (e.g. of a power) ; to emerge suddenly ; to rise abruptly (to a towering position) ; to spring up ; to tower over,7.0,"v,vn",山,0.5117159903124846
崩溃,bēng kuì,to collapse; to crumble; to fall apart,7.0,"v,vn",山,-0.6018870989966748
崭新,zhǎn xīn,brand new,7.0,b,山,1.824388060375306
巅峰,diān fēng,apex ; peak (of a civilization etc) ; pinnacle (of one's career etc) ; summit,7.0,n,山,0.7547766639151691
巡逻,xún luó,"to patrol (police, army or navy)",7.0,"v,vn",巛,-0.79573677387316
工人,gōng rén,worker,1.0,n,工,-0.603188977269855
工作,gōng zuò,(of a machine) to operate ; job ; task ; to work ; work,1.0,"vn,v,n",工,-1.3524317162693387
工具,gōng jù,instrument ; means (to achieve a goal etc) ; tool ; utensil,3.0,n,工,-1.2430739413222283
工地,gōng dì,construction site,7.0,n,工,0.22868765372317687
工夫,gōng fu | gōng fū,"(old) laborer ; effort ; labor ; period of time (may be months, or mere seconds) ; skill ; spare time",3.0,n,工,0.48761944947419783
工序,gōng xù,process ; working procedure,7.0,n,工,0.6258907148703605
工厂,gōng chǎng,factory,3.0,n,工,-0.4896769846330272
工整,gōng zhěng,carefully and neatly done ; fine work,7.0,a,工,4.405835317125874
工会,gōng huì,labor union ; trade union,7.0,n,工,-0.4959142075598322
工业,gōng yè,industry,3.0,n,工,-0.8824418668669416
工科,gōng kē,engineering as an academic subject,7.0,n,工,4.851669661767693
工程,gōng chéng,an engineering project ; engineering ; project ; undertaking,4.0,n,工,-1.3072447474055389
工艺,gōng yì,arts and crafts ; industrial arts,5.0,n,工,-0.6387420469121236
工资,gōng zī,wages; pay,3.0,n,工,-0.5065896093999079
左右,zuǒ yòu,approximately ; attendant ; left and right ; nearby ; to control ; to influence,3.0,"m,f,v",工,-0.21043588782039951
左边,zuǒ bian,left ; the left side ; to the left of,1.0,f,工,2.2610262404153825
巧合,qiǎo hé,coincidence ; coincidental ; to coincide,7.0,"v,vn",工,-0.6948647932706348
巧妙,qiǎo miào,ingenious; clever ; ingenuity; artifice,6.0,"a,ad",工,0.3560231416246283
巨人,jù rén,giant,7.0,n,匚,-0.9524829179640195
巨型,jù xíng,giant; enormous,7.0,b,匚,-0.7344183072063882
巨大,jù dà,enormous ; gigantic ; huge ; immense ; tremendous ; very large,4.0,a,匚,-0.5205314997073907
巨星,jù xīng,"(astronomy) giant star ; (fig.) superstar (of opera, basketball etc)",7.0,n,匚,-0.5019028476164601
巨头,jù tóu,"big player (including company, country, school etc) ; big shot ; magnate ; tycoon",7.0,n,匚,4.689349026671078
巨额,jù é,a huge amount ; large sum (of money),7.0,b,匚,-0.01812488130281426
巫婆,wū pó,female shaman ; sorceress ; witch,7.0,n,工,0.35612974388302887
差别,chā bié,difference; distinction; disparity,5.0,n,工,-0.887791360571436
差异,chā yì,difference; discrepancy,6.0,n,工,-0.4853807863315331
差距,chā jù,disparity ; gap,5.0,n,工,-0.5499421558967972
差错,chā cuò,accident; mishap ; mistake; slip-up; fault; error,7.0,n,工,0.2068278915182127
差额,chā é,balance (financial) ; difference ; discrepancy (in a sum or quota),7.0,n,工,1.1152549649742207
已经,yǐ jīng,already,2.0,d,己,-1.2636318252540122
巴士,bā shì,bus (loanword) ; motor coach,4.0,n,巳,-1.1921705008408952
市区,shì qū,city center ; downtown ; urban district,4.0,s,巾,-1.1148271386295519
市场,shì chǎng,market (also in abstract) ; marketplace,3.0,n,巾,-0.6595838920674608
市民,shì mín,city resident,6.0,n,巾,-1.0481827638271988
市长,shì zhǎng,mayor,2.0,n,巾,-0.3594891573150385
帆船,fān chuán,sailboat,7.0,n,巾,-0.1721488738044528
希望,xī wàng,a hope; a wish ; to hope,3.0,"v,n,vn",巾,-1.05781666304873
帖子,tiě zi,(forum) post ; card ; invitation ; message,7.0,,巾,0.2533049458707353
帝国,dì guó,empire ; imperial,7.0,n,巾,-0.1375071189534094
师傅,shī fu,master ; qualified worker ; respectful form of address for older men,5.0,n,巾,-1.4396457677879329
师父,shī fu,master ; qualified worker ; used for 师傅 (in Taiwan),6.0,n,巾,-1.7785246822966574
师生,shī shēng,teachers and students,6.0,n,巾,-0.741460242666018
师范,shī fàn,"normal (school, e.g. Beijing Normal University) ; pedagogical ; teacher-training",7.0,,巾,0.5550567440249153
师资,shī zī,qualified teacher,7.0,n,巾,0.08131503319921439
师长,shī zhǎng,military division level commander ; teacher,7.0,n,巾,0.671219664345937
席位,xí wèi,"a seat (in a theater, stadium etc) ; parliamentary or congressional seat",7.0,n,巾,1.107964446644414
帐篷,zhàng peng,tent,7.0,n,巾,-0.6630871706205875
带来,dài lái,(fig.) to bring about; to produce ; to bring,2.0,v,巾,-0.1884223522192014
带动,dài dòng,to spur; to provide impetus; to drive,3.0,"v,vn",巾,0.5302262473605546
带有,dài yǒu,"to have as a feature or characteristic; to have an element of (confidence, sweetness, malevolence etc); to carry (a pathogen, connotation etc)",5.0,v,巾,4.04506126205881
带路,dài lù,(fig.) to instruct ; to lead the way; to guide; to show the way,7.0,v,巾,-0.09076968894625101
带队,dài duì,(tourism) tour guide ; group leader ; to lead a group ; to lead a team,7.0,"v,vn",巾,0.8329959625643645
带领,dài lǐng,to guide ; to lead,3.0,"v,vn",巾,-0.8584873066404312
带头,dài tóu,to take the lead; to be the first; to set an example,7.0,"v,vn",巾,1.371713192006202
常人,cháng rén,ordinary person,7.0,n,巾,-0.03688372122106263
常常,cháng cháng,frequently ; often,1.0,d,巾,-1.4281892389839501
常态,cháng tài,normal state,7.0,n,巾,-0.18867093508937832
常温,cháng wēn,ordinary temperatures ; room temperature,7.0,n,巾,1.9102884408362628
常理,cháng lǐ,common sense ; conventional reasoning and morals,7.0,n,巾,0.09043997389593153
常用,cháng yòng,in common usage,2.0,a,巾,0.13325997629909056
常见,cháng jiàn,common ; commonly seen ; to see sth frequently,2.0,"a,v",巾,-0.5839211788267925
常规,cháng guī,code of conduct ; common practice ; conventions ; routine (medical procedure etc),6.0,n,巾,-0.6727092770576615
常识,cháng shí,common sense ; general knowledge,4.0,n,巾,-0.9716205285797642
帽子,mào zi,(fig.) label ; bad name ; cap ; hat,4.0,n,巾,-0.5405686323299032
幅度,fú dù,extent ; range ; scope ; width,5.0,n,巾,1.4042719416201563
幕后,mù hòu,behind the scenes,7.0,s,巾,-0.061489220584162334
帮助,bāng zhù,assistance; aid ; to help; to assist,2.0,"v,vn",巾,-1.2982617873205968
帮忙,bāng máng,to do a favor ; to do a good turn ; to help ; to lend a hand,1.0,"v,vn",巾,-1.3812032261066147
帮手,bāng shǒu,helper; assistant,7.0,n,巾,-0.5586647403271034
干戈,gān gē,arms ; weapons of war,7.0,n,十,3.2633423229365786
干扰,gān rǎo,interference (physics) ; perturbation ; to disturb ; to interfere,5.0,"v,vn",十,-0.024894648323349367
干涉,gān shè,interference ; to interfere ; to meddle,6.0,"v,vn",十,1.0565284620693507
干预,gān yù,intervention ; to intervene ; to meddle,5.0,"v,vn",十,0.5998531494067627
平价,píng jià,(currency exchange) parity ; inexpensive ; reasonably priced ; to keep prices down,7.0,n,广,0.1867671733267841
平凡,píng fán,commonplace ; mediocre ; ordinary,6.0,a,广,-1.4093120040228408
平原,píng yuán,field ; plain,5.0,n,广,-0.09859275136978943
平和,Píng hé | píng hé,"Pinghe county in Zhangzhou 州, Fujian ; gentle ; mild ; moderate ; placid",7.0,"a,an",广,0.7000977764416146
平均,píng jūn,average; on average ; evenly; in equal proportions,4.0,"a,ad,v",广,-0.7880556920613997
平坦,píng tǎn,even ; flat ; level ; smooth,5.0,a,广,-0.7815463006955002
平安,píng ān,at peace ; quiet and safe ; safe and sound ; well ; without mishap,2.0,"a,an,ad,n,nz",广,-1.7876378302089173
平常,píng cháng,common ; ordinarily ; ordinary ; usually,2.0,"a,d,t,n",广,-1.6241337118819812
平息,píng xī,to quieten down ; to settle (a dispute) ; to suppress,7.0,"v,vn",广,0.16502580616468052
平方,píng fāng,"square (as in square foot, square mile, square root)",4.0,"q,n",广,1.9824124971704282
平日,píng rì,everyday ; ordinarily ; ordinary day ; usually,7.0,t,广,-0.8088857444322782
平时,píng shí,in normal times ; in peacetime ; ordinarily,2.0,t,广,-0.7260980790424945
平民,píng mín,civilian ; commoner ; ordinary people,7.0,n,广,-0.9427306236996277
平淡,píng dàn,dull ; flat ; nothing special ; ordinary,7.0,a,广,-0.8726777798180924
平稳,píng wěn,smooth ; steady,4.0,"a,ad",广,-0.7282994793224424
平等,píng děng,equal ; equality,2.0,"a,ad,an",广,-0.4195057457086315
平衡,píng héng,balance ; equilibrium,6.0,"a,an,v",广,-1.0951687767045342
平静,píng jìng,serene ; tranquil ; undisturbed,4.0,"a,an,ad",广,-1.2218415326849374
年代,nián dài,a decade of a century (e.g. the Sixties) ; age ; era ; period,3.0,n,干,-1.0234470766367814
年初,nián chū,beginning of the year,3.0,t,干,0.18223418493957186
年底,nián dǐ,the end of the year ; year-end,3.0,t,干,0.35340759229381064
年度,nián dù,"annual ; year (e.g. school year, fiscal year)",5.0,n,干,-0.2906197966638229
年纪,nián jì,age,3.0,n,干,-1.0979027210782124
年级,nián jí,"grade ; year (in school, college etc)",2.0,n,干,-1.3436973390545752
年终,nián zhōng,end of the year,7.0,t,干,1.434357122515071
年薪,nián xīn,annual salary,7.0,n,干,-0.6628267949659518
年轻,nián qīng,young,2.0,a,干,-0.6546249618449185
年迈,nián mài,aged ; old,7.0,z,干,2.4540947883279602
年限,nián xiàn,age limit ; fixed number of years,7.0,n,干,2.227165612528248
年龄,nián líng,(a person's) age,5.0,n,干,-1.4194666545536452
幸好,xìng hǎo,fortunately,7.0,d,干,-0.10485355986551044
幸福,xìng fú,blessed ; happiness ; happy,3.0,"a,an,nz",干,-1.6360991992107785
幸亏,xìng kuī,fortunately ; luckily,7.0,d,干,0.9478570046122057
幸运,xìng yùn,fortunate ; fortune ; luck ; lucky,3.0,"a,an,ad",干,-1.7257986122328726
干事,gàn shi,administrator ; executive secretary,7.0,n,十,-0.051334570053358085
干吗,gàn má,see 干嘛,3.0,v,十,4.263528229082853
干部,gàn bù,cadre ; manager ; officer ; official,7.0,n,十,2.08058591175265
幻影,huàn yǐng,mirage ; phantom,7.0,n,幺,-0.3304572718231268
幻想,huàn xiǎng,delusion ; fantasy,6.0,"n,v",幺,-0.30793477769711447
幻觉,huàn jué,figment of one's imagination ; hallucination ; illusion,7.0,"n,v",幺,0.24965968670583052
幼稚,yòu zhì,childish ; puerile ; young,7.0,"a,an",幺,-0.2172056548409347
幽默,yōu mò,(loanword) humor ; humorous,5.0,"a,an",幺,-0.5662156343115458
几乎,jī hū,almost; nearly; practically,4.0,d,几,0.13547316936349732
床位,chuáng wèi,"bed (in hospital, hotel, train etc) ; berth ; bunk",7.0,n,广,-0.4037530186031544
序幕,xù mù,prologue,7.0,n,广,0.5455648254151619
底下,dǐ xia,afterwards ; the location below sth,3.0,f,广,0.4188920694347586
底子,dǐ zi,base ; bottom ; foundation,7.0,n,广,2.4979445005652066
底层,dǐ céng,bottom (of a pile) ; ground or first floor ; lowest rung (of society),7.0,n,广,0.9231095246373293
底线,dǐ xiàn,(sewing) under thread ; (sports) baseline ; bottom line; the limit of what one is prepared to accept ; spy; informer; plant,7.0,n,广,-0.5456577503797618
底蕴,dǐ yùn,concrete details ; inside information,7.0,n,广,3.2885633830828924
度假,dù jià,to go on holidays ; to spend one's vacation,7.0,"v,vn",广,0.46094273765846927
度过,dù guò,to get through ; to pass ; to spend (time) ; to survive,4.0,v,广,1.466241347423519
座位,zuò wèi,seat,2.0,n,广,-1.0246069742981847
康复,kāng fù,to convalesce ; to recover (health) ; to recuperate,6.0,"v,vn",广,-1.1243308500237637
庸俗,yōng sú,tacky ; tawdry ; vulgar,7.0,a,广,0.36084009123539396
厕所,cè suǒ,lavatory ; toilet,6.0,n,厂,-1.0656279326878098
廉价,lián jià,cheaply-priced ; low-cost,7.0,"a,ad",广,-0.312881915135198
廉洁,lián jié,incorruptible; unbribable; honest,7.0,a,广,1.2657403005693577
厨师,chú shī,chef ; cook,6.0,n,厂,-0.18972423049238157
厨房,chú fáng,kitchen,5.0,n,厂,-0.9697978989973111
庙会,miào huì,temple fair,7.0,n,广,2.6689164961870993
厂商,chǎng shāng,manufacturer ; producer,6.0,n,厂,1.9888270790623856
厂家,chǎng jiā,(coll.) a factory owner; the factory management ; factory; manufacturer,7.0,n,厂,2.8126202719772437
厂长,chǎng zhǎng,factory director,5.0,n,厂,0.4198033842259852
废墟,fèi xū,ruins,7.0,n,广,1.384731974738001
废物,fèi wù,rubbish ; useless person ; waste material,7.0,n,广,-1.2107873601473669
废话,fèi huà,No kidding! (gently sarcastic) ; You don't say! ; nonsense ; rubbish ; superfluous words,7.0,n,广,-0.9414169526419901
废除,fèi chú,to abolish ; to abrogate ; to repeal,7.0,"v,vn",广,-0.46272810437820294
广告,guǎng gào,a commercial ; advertisement ; to advertise,2.0,n,广,-1.6971572902229144
广场,guǎng chǎng,public square; plaza,2.0,n,广,-0.9338778514420051
广大,guǎng dà,(of an area) vast or extensive ; (of people) numerous ; large-scale ; widespread,3.0,b,广,-0.207169399352991
广播,guǎng bō,(formal) to propagate ; broadcast ; broadcasting ; to broadcast ; to publicize,3.0,"vn,n,v",广,-0.5270408910732901
广泛,guǎng fàn,extensive ; wide range,5.0,"a,ad",广,-0.3023249083379828
广义,guǎng yì,broad sense ; general sense,7.0,n,广,1.7719223659661567
广阔,guǎng kuò,vast ; wide,6.0,a,广,-0.21406935420084405
延伸,yán shēn,to extend ; to spread,5.0,"v,vn",廴,-0.7233523418843589
延期,yán qī,to defer ; to delay ; to extend ; to postpone,4.0,"v,vn",廴,0.7261471346896697
延缓,yán huǎn,to defer ; to postpone ; to put off ; to retard ; to slow sth down,7.0,v,廴,2.2366929094913774
延续,yán xù,to continue ; to go on ; to last,4.0,"v,vn",廴,-0.13647740911932374
延误,yán wu,delay ; holdup ; to be held up ; to delay ; to miss (an opportunity),7.0,"v,vn",廴,-0.6525301638233724
延长,Yán cháng | yán cháng,"Yanchang county in Yan'an 安, Shaanxi ; to delay ; to extend ; to prolong",4.0,"v,vn",廴,-0.09313665540689174
建交,jiàn jiāo,to establish diplomatic relations,7.0,v,廴,2.980408795821214
建成,jiàn chéng,to build ; to establish,3.0,"v,vn",廴,1.5931508934896421
建树,jiàn shù,contribution ; to establish ; to found ; to make a contribution,7.0,"n,v,vn",廴,2.4079965046729344
建立,jiàn lì,to establish ; to found ; to set up,3.0,"v,vn",廴,-1.342916212090668
建筑,jiàn zhù,building ; to construct,5.0,"n,vn,v",廴,-1.449670230491418
建设,jiàn shè,to build; to construct; to establish; to develop; to institute,3.0,"vn,v",廴,0.3937658187623875
建议,jiàn yì,proposal; suggestion; recommendation ; to propose; to suggest; to recommend,3.0,"n,v",廴,-1.472843663754021
建造,jiàn zào,to build ; to construct,5.0,"v,vn",廴,-1.1659909547655207
弊病,bì bìng,disadvantage ; drawback ; evil ; malady ; malpractice,7.0,n,廾,0.873507962429175
弊端,bì duān,systemic problem (sometimes refers specifically to corrupt practices),7.0,n,廾,2.7045643753033124
引入,yǐn rù,to draw into ; to introduce ; to pull into,7.0,v,弓,-0.36939522497566285
引导,yǐn dǎo,introduction ; primer ; to boot ; to conduct ; to guide ; to lead (around),4.0,"v,vn",弓,-0.4910972579490665
引擎,yǐn qíng,engine (loanword),7.0,n,弓,0.21385803419338367
引用,yǐn yòng,(computing) reference ; to appoint ; to cite ; to quote ; to recommend,7.0,"v,vn",弓,-0.20731137996476764
引发,yǐn fā,to cause ; to evoke (emotions) ; to initiate ; to lead to ; to trigger,7.0,v,弓,0.045122817204812385
引诱,yǐn yòu,to coerce (sb into doing sth bad) ; to lure (into a trap) ; to seduce,7.0,"v,vn",弓,-0.5961706273791415
引起,yǐn qǐ,to give rise to; to lead to; to cause; to arouse,4.0,v,弓,-0.9733129703348979
引进,yǐn jìn,to introduce (from outside) ; to recommend,4.0,v,弓,0.8849526984486994
引领,yǐn lǐng,to await eagerly ; to crane one's neck ; to lead ; to show the way,7.0,,弓,-0.1066761894479621
弘扬,hóng yáng,to enhance ; to enrich ; to promote,7.0,v,弓,2.7623677706325
弟子,dì zǐ,disciple; follower,7.0,n,弓,-0.3061121481146628
弟弟,dì di,younger brother,1.0,n,弓,-0.8570670333243919
弱势,ruò shì,vulnerable ; weak,7.0,n,弓,0.36123065471734755
弱点,ruò diǎn,failing ; weak point,7.0,n,弓,-0.3616905575949865
张扬,Zhāng Yáng | zhāng yáng,"Zhang Yang (1967-), PRC film director and screenwriter ; brash ; flamboyant ; to bring out into the open ; to display ostentatiously ; to make public ; to spread around",7.0,"v,nr",弓,-0.3260308856943147
张贴,zhāng tiē,to advertise ; to post (a notice),7.0,v,弓,0.5468667036883421
强占,qiáng zhàn,to occupy by force,7.0,v,弓,0.7838085494070808
强制,qiáng zhì,Taiwan pr. [qiǎng zhì] ; forced; compulsory ; to force; to compel; to coerce,7.0,"v,vn",弓,-0.760455872669986
强加,qiáng jiā,to force upon ; to impose,7.0,v,弓,4.823051925326654
强劲,qiáng jìng,powerful ; robust ; strong,7.0,"a,ad",弓,-0.6721885257483899
强势,qiáng shì,(linguistics) emphatic ; intensive ; powerful ; strong,6.0,n,弓,-0.9572998675747851
强化,qiáng huà,to intensify ; to strengthen,6.0,"v,vn",弓,-0.3016975547703095
强壮,qiáng zhuàng,robust ; strong ; sturdy,6.0,"a,v",弓,-0.5667363856208187
强大,qiáng dà,formidable ; large ; powerful ; strong,3.0,a,弓,-0.8495161393399481
强度,qiáng dù,intensity ; strength,5.0,n,弓,0.09955312180818987
强烈,qiáng liè,strong; intense,3.0,"a,ad",弓,-0.8467821949662698
强盗,qiáng dào,bandit ; robber ; to rob (with force),6.0,n,弓,-0.3243266511547236
强硬,qiáng yìng,hard-line ; tough ; unyielding,7.0,a,弓,-0.22460277542914311
强行,qiáng xíng,Taiwan pr. [qiǎng xíng] ; to do sth by force,7.0,d,弓,1.2613375000094644
强调,qiáng diào,to emphasize (a statement) ; to stress,3.0,v,弓,-1.1307100535623453
强迫,qiǎng pò,to compel ; to force,5.0,"v,vn",弓,-0.036362969911789673
强项,qiáng xiàng,key strength ; specialty ; strong suit,7.0,n,弓,-1.2135095117365864
别扭,biè niu,at loggerheads ; awkward ; difficult ; gauche ; not agreeing ; uncomfortable,7.0,"a,an",刂,2.757527235452817
弹性,tán xìng,elasticity ; flexibility,7.0,n,弓,0.1297449049615051
弥补,mí bǔ,to complement ; to make up for a deficiency,7.0,"v,vn",弓,-0.1550942684257955
弯曲,wān qū,crooked ; curved ; to bend ; to curve around ; to warp ; to wind,6.0,"a,an",弓,0.3042201791365258
形势,xíng shì,circumstances ; situation ; terrain,4.0,n,彡,-0.38304136127513644
形容,xíng róng,(literary) countenance; appearance ; to describe,4.0,"v,vn",彡,-0.8868800457802108
形式,xíng shì,form ; formality ; outer appearance ; shape,3.0,n,彡,-0.4642903583060189
形态,xíng tài,form ; morphology ; pattern ; shape,5.0,n,彡,0.32621012916880937
形成,xíng chéng,to form ; to take shape,3.0,"v,vn",彡,-0.2576822763523706
形状,xíng zhuàng,form; shape,3.0,n,彡,-0.6634777341025425
形象,xíng xiàng,figure ; form ; image ; visualization ; vivid,3.0,"n,a",彡,-0.983479413650158
彩色,cǎi sè,color ; multicolored,3.0,b,彡,-1.402932800484261
彩虹,cǎi hóng,rainbow,7.0,n,彡,-1.4975793509444384
影像,yǐng xiàng,image,7.0,n,彡,-0.3956931660938979
影子,yǐng zi,(fig.) hint ; indication ; influence ; reflection ; shadow,4.0,n,彡,-0.6008455963781318
影星,yǐng xīng,film star,6.0,n,彡,2.704043623994041
影片,yǐng piàn,a copy of a film ; film; motion picture; movie,2.0,n,彡,-0.8971648841383315
影视,yǐng shì,movies and television,3.0,b,彡,1.242069701566402
影迷,yǐng mí,film enthusiast ; movie fan,6.0,n,彡,0.8181899286034885
影响,yǐng xiǎng,effect ; influence ; to affect (usually adversely) ; to disturb ; to influence,2.0,"v,vn",彡,-1.1054536150626564
彼此,bǐ cǐ,each other; one another,5.0,r,彳,-0.3261728663060914
往事,wǎng shì,former happenings ; past events,7.0,n,彳,0.18077853327015764
往来,wǎng lái,contacts ; dealings ; to go back and forth,6.0,"v,vn",彳,0.6778238651857796
往常,wǎng cháng,customary ; usual,7.0,t,彳,0.41224069745708136
往年,wǎng nián,in former years ; in previous years,6.0,t,彳,-0.32251581435672927
往往,wǎng wǎng,in many cases ; more often than not ; usually,3.0,d,彳,1.3908979737597786
往后,wǎng hòu,from now on ; in the future ; time to come,6.0,t,彳,0.42176799442021207
往日,wǎng rì,former days; the past,7.0,t,彳,0.5855324884017836
往返,wǎng fǎn,to go back and forth; to go to and fro; to do a round trip,7.0,"v,vn",彳,0.628387869158319
征服,zhēng fú,to conquer ; to subdue ; to vanquish,4.0,v,彳,-1.0839726235551883
待遇,dài yù,pay ; rank ; salary ; status ; treatment,4.0,n,彳,-0.450230072955677
律师,lǜ shī,lawyer,4.0,n,彳,-0.4255061785497168
后人,hòu rén,later generation,7.0,n,口,-0.5550194811622001
后代,hòu dài,descendant ; later ages ; later generations ; posterity ; progeny,7.0,n,口,0.349383562431411
后来,hòu lái,afterwards; later ; newly arrived,2.0,t,口,-0.39204790692899305
后备,hòu bèi,reserve; backup,7.0,"b,n",口,-0.5275498495981042
后勤,hòu qín,logistics,7.0,n,口,2.1852451321318553
后台,hòu tái,(computing) back-end ; background ; backstage area ; behind-the-scenes supporter,7.0,n,口,0.45129704565247797
后天,hòu tiān,"a posteriori ; acquired (not innate or congenital) ; life after birth (the period in which one develops through experiences, contrasted with 天) ; the day after tomorrow",1.0,"n,t",口,0.23143339088131237
后年,hòu nián,the year after next,3.0,t,口,0.6902035015654476
后悔,hòu huǐ,to regret; to feel remorse,5.0,"v,vn,a",口,-0.241408797937622
后期,hòu qī,late stage ; later period,7.0,"f,t",口,-0.9044554024681396
后果,hòu guǒ,aftermath ; consequences,3.0,n,口,-0.7881976726731749
后盾,hòu dùn,backing ; support,7.0,n,口,1.6102172916527566
后续,hòu xù,(dialect) to remarry ; follow-up,7.0,"vn,v",口,-0.020870618460949786
后者,hòu zhě,the latter,7.0,r,口,0.47265964211708794
后裔,hòu yì,descendant,7.0,n,口,2.1476208500369567
后退,hòu tuì,to draw back ; to fall back ; to recoil ; to retreat,7.0,v,口,0.7032222842972465
后面,hòu mian,behind; near the end; at the back ; later; afterwards ; the back; the rear; the last bit,3.0,f,口,-0.9731827825075786
徒弟,tú dì,apprentice ; disciple,6.0,n,彳,-0.7851915598604036
徒步,tú bù,to be on foot,7.0,"d,v",彳,-0.05576095618217013
得以,dé yǐ,able to ; enabling ; finally in a position to ; in order to ; so that sb can ; with sth in view,5.0,v,彳,3.214746884993594
得出,dé chū,to obtain (a result); to arrive at (a conclusion),2.0,v,彳,0.9315599406285399
得分,dé fēn,to score,3.0,"v,n",彳,-0.9441508970156683
得到,dé dào,to get ; to obtain ; to receive,1.0,v,彳,-1.1161290169027305
得力,dé lì,able ; capable ; competent ; efficient,7.0,a,彳,1.5858721679442926
得失,dé shī,gains and losses ; merits and demerits ; success and failure,7.0,n,彳,-0.5551496689895179
得意,dé yì,complacent ; pleased with oneself ; proud of oneself,4.0,"a,an",彳,-1.3244295406115127
得手,dé shǒu,to go smoothly; to come off; to succeed,7.0,v,彳,1.6105960623502529
得知,dé zhī,to find out ; to learn of,7.0,v,彳,-0.30193434485602916
得罪,dé zui | dé zuì,a faux pas ; excuse me! (formal) ; see also 罪 ; to commit an offense ; to make a faux pas ; to offend sb ; to violate the law,7.0,v,彳,-0.3522104317696892
得体,dé tǐ,appropriate to the occasion ; fitting,7.0,a,彳,0.13379252039282083
徘徊,pái huái,(of sales figures etc) to fluctuate ; to dither; to hesitate ; to pace back and forth,7.0,"v,vn",彳,1.032076736102486
从不,cóng bù,never,6.0,d,人,-0.1717583103224977
从中,cóng zhōng,from within ; therefrom,5.0,d,人,3.4785074231398387
从事,cóng shì,to deal with ; to do ; to engage in ; to go for ; to handle ; to undertake,3.0,v,人,-0.03752286757319467
从来,cóng lái,always ; at all times ; never (if used in negative sentence),3.0,d,人,0.0914814765144745
从前,cóng qián,formerly ; once upon a time ; previously,3.0,t,人,-0.9927227493897357
从容,cóng róng,Taiwan pr. [cōng róng] ; calm ; to go easy ; unhurried,7.0,"a,ad,an",人,0.2524054238639676
从小,cóng xiǎo,from a young age ; from childhood,2.0,d,人,-0.857706179676524
从未,cóng wèi,never,7.0,d,人,0.16712060418622673
从此,cóng cǐ,from now on ; henceforth ; since then,4.0,d,人,0.22207166009887563
从而,cóng ér,thereby ; thus,5.0,c,人,0.0979790750959166
从头,cóng tóu,anew ; from the start,7.0,d,人,0.2786797794132849
复原,fù yuán,recovery ; to recover from illness ; to restore (sth) to (its) former condition,7.0,"v,vn",夊,0.09291354261497253
复活,fù huó,(lit. and fig.) to come back to life ; (religion) resurrection ; to revive,7.0,"v,vn",夊,-0.9255340377091951
复发,fù fā,to reappear ; to recur (of a disease) ; to relapse (into a former bad state),7.0,v,夊,0.6540230783555044
复兴,Fù xīng | fù xīng,"Fuxing district of Handan city 邯郸市, Hebei ; Fuxing or Fuhsing township in Taoyuan county 桃园县, north Taiwan ; to rejuvenate ; to revive",7.0,"vn,v",夊,0.18808084438442313
循环,xún huán,circle ; loop ; to circulate ; to cycle,6.0,"vn,v",彳,-0.780374610249638
微型,wēi xíng,micro- ; miniature ; tiny,7.0,b,彳,3.673138224980231
微妙,wēi miào,subtle,7.0,a,彳,0.9832563008582403
微弱,wēi ruò,faint ; feeble ; weak,7.0,a,彳,-0.24845073339725174
微笑,wēi xiào,smile ; to smile,4.0,"v,vn,n",彳,-1.5199716572431314
征收,zhēng shōu,to expropriate ; to levy (a tax),7.0,"v,vn",彳,0.0489100569814924
征求,zhēng qiú,"to petition ; to request (opinions, feedback etc) ; to seek ; to solicit",4.0,v,彳,0.8770112409823019
征集,zhēng jí,to collect ; to recruit,7.0,"v,vn",彳,2.8525879349638656
彻夜,chè yè,the whole night,7.0,d,彳,-0.029853578545890228
彻底,chè dǐ,complete ; thorough ; thoroughly,4.0,"ad,a",彳,-0.772705321222335
心事,xīn shì,a load on one's mind ; worry,7.0,n,心,-1.266756333109644
心得,xīn dé,"insight ; knowledge ; tips ; understanding ; what one has learned (through experience, reading etc)",7.0,n,心,-0.7449753140036035
心思,xīn si,inclination ; mind ; mood ; thoughts,7.0,n,心,-0.015154146843416351
心情,xīn qíng,mood; frame of mind,2.0,n,心,-0.8768673758611834
心意,xīn yì,intention ; regard; kindly feelings,7.0,n,心,-0.6987586353057166
心爱,xīn ài,beloved,7.0,b,心,-0.10952852886449942
心态,xīn tài,attitude (of the heart) ; mentality ; state of one's psyche ; way of thinking,5.0,n,心,-1.0175886244074712
心慌,xīn huāng,(dialect) irregular heart-beat ; to be flustered,7.0,"a,an",心,-0.13060716410555637
心理,xīn lǐ,mentality ; psychology,4.0,n,心,-1.1734116609226468
心疼,xīn téng,to be distressed ; to feel sorry for sb ; to grudge ; to love dearly ; to regret,5.0,v,心,-0.7728237162651941
心声,xīn shēng,aspirations ; feelings ; heartfelt wishes ; inner voice ; thoughts,7.0,n,心,0.28399389476440484
心肠,xīn cháng,heart ; intention ; mood ; one's inclination ; state of mind ; to have the heart for sth,7.0,n,心,0.19664965541849266
心脏,xīn zàng,heart,6.0,n,心,-1.1602626903635285
心血,xīn xuè,expenditure (for some project) ; heart's blood ; meticulous care,7.0,n,心,-0.3649570460623935
心里,xīn li,chest ; heart ; mind,2.0,s,心,-1.0901032442235916
心酸,xīn suān,to feel sad,7.0,a,心,-0.7503012221391833
心灵,xīn líng,bright ; heart ; quick-witted ; smart ; spirit ; thoughts,6.0,n,心,-0.5408408007689962
心愿,xīn yuàn,aspiration ; cherished desire ; craving ; dream ; wish,6.0,n,心,-0.8122706279425458
必修,bì xiū,(of an academic course) required ; compulsory,6.0,"vn,v",心,-0.4418862592228671
必定,bì dìng,to be bound to ; to be sure to,7.0,d,心,0.6314887914450348
必然,bì rán,certain ; inevitable ; necessity,3.0,"d,b,n",心,-0.3788871435854189
必要,bì yào,essential ; indispensable ; necessary ; required,3.0,"a,an",心,-0.9605545632577348
必需,bì xū,essential ; indispensable ; to need ; to require,5.0,"v,vn",心,-0.08673386629939409
必须,bì xū,compulsory ; must ; necessarily ; to have to,2.0,d,心,-0.8137144868275012
忌讳,jì huì,taboo ; to abstain from ; to avoid as taboo,7.0,"v,vn",心,0.7079208388651516
忍受,rěn shòu,to bear ; to endure,5.0,"v,vn",心,-0.5440954964519459
忍心,rěn xīn,to have the heart to do sth ; to steel oneself to a task,7.0,v,心,-0.3117102246893357
忍耐,rěn nài,endurance ; patience ; to bear with ; to endure ; to exercise patience ; to restrain oneself,7.0,"v,vn",心,-1.0830613087639618
志气,zhì qì,ambition ; backbone ; drive ; resolve ; spirit,7.0,n,心,0.2952254262671266
志愿,zhì yuàn,ambition ; aspiration ; to volunteer,3.0,"n,v",心,-0.9882845704764665
忘掉,wàng diào,to forget,7.0,v,心,0.03548891798328109
忘记,wàng jì,to forget,1.0,v,心,-1.1579193094718054
忙乱,máng luàn,rushed and muddled,7.0,a,忄,1.0910400290930762
忙碌,máng lù,busy; bustling,7.0,"a,v,an",忄,-0.6487665096156099
忠实,zhōng shí,faithful,7.0,"a,ad,v",心,-0.7876651285794446
忠心,zhōng xīn,dedication ; devotion ; good faith ; loyalty,6.0,n,心,-1.1042819246167939
忠于,zhōng yú,to be loyal to,7.0,v,心,-0.4053152725309703
忠诚,zhōng chéng,devoted ; fidelity ; loyal ; loyalty,7.0,"a,an,v,ad",心,0.33725250892191994
忠贞,zhōng zhēn,loyal and dependable,7.0,"n,a",心,0.28128353595964384
快捷,kuài jié,(computer) shortcut ; agile ; fast ; nimble ; quick,7.0,z,忄,-0.6466717115940637
快乐,kuài lè,happy; joyful,2.0,"a,an",忄,-1.5933975918504784
快活,kuài huo,cheerful ; happy,5.0,a,忄,-0.5106372248312236
快车,kuài chē,"express (train, bus etc)",6.0,n,忄,2.095687699721536
快速,kuài sù,fast; high-speed; rapid,3.0,"d,b",忄,-1.371036782791353
快递,kuài dì,express delivery,4.0,"v,vn",忄,0.9397499809651144
快餐,kuài cān,fast food ; quick meal ; snack,2.0,n,忄,-0.6651819686421336
念书,niàn shū,to read ; to study,7.0,v,心,0.7082996095626479
念头,niàn tou,thought; idea; intention,7.0,n,心,-0.3510269485393695
忽然,hū rán,suddenly; all of a sudden,2.0,d,心,-0.6983562790393056
忽略,hū lu:è,to neglect; to overlook; to ignore,6.0,v,心,-0.8221766956031701
忽视,hū shì,to neglect; to overlook; to disregard; to ignore,4.0,"v,vn",心,-0.7197188755039129
怎样,zěn yàng,how ; what kind,2.0,r,心,-0.6404226958828
思念,sī niàn,to long for ; to miss ; to think of,7.0,"v,vn",心,0.11504547325903121
思想,sī xiǎng,idea ; ideology ; thinking ; thought,3.0,n,心,-1.0225357618455548
思索,sī suǒ,to ponder ; to think deeply,7.0,"v,vn",心,0.3262219219532666
思维,sī wéi,(line of) thought ; thinking,5.0,n,心,-0.6668626176128102
思考,sī kǎo,to ponder over ; to reflect on,4.0,"v,vn",心,-0.3358067655276226
思路,sī lù,line of thought; way of thinking,7.0,n,心,-0.332398296448439
怠工,dài gōng,to go slow (as a form of strike) ; to slacken off in one's work,7.0,v,心,6.352439556736092
怠慢,dài màn,to neglect ; to slight,7.0,v,心,1.554615296603517
急剧,jí jù,rapid; sudden,7.0,"d,b",心,-0.011106531412100615
急忙,jí máng,hastily,4.0,d,心,-0.7906594486077586
急性,jí xìng,acute,7.0,"b,d",心,0.7043939747431074
急救,jí jiù,first aid ; to give emergency treatment,6.0,"vn,v",心,-0.5683104323330921
急于,jí yú,eager to ; in a hurry to,7.0,v,心,0.5411384392863499
急诊,jí zhěn,"emergency treatment (at a hospital emergency department, or from a doctor on a house call) ; to give or receive urgent medical treatment",7.0,n,心,-0.6737507796762044
急需,jí xū,to urgently need ; urgent need,7.0,"v,vn",心,1.3661387010004449
性别,xìng bié,gender ; sex,3.0,n,忄,-1.4080101257496624
性命,xìng mìng,life,7.0,n,忄,-0.5882173771282866
性情,xìng qíng,nature ; temperament,7.0,n,忄,0.4006775663946978
性格,xìng gé,character ; disposition ; nature ; temperament,3.0,n,忄,-1.272236014641458
性能,xìng néng,function; performance; behavior,5.0,n,忄,2.1158786057402827
性质,xìng zhì,characteristic ; nature,4.0,n,忄,0.20577459611521096
怨恨,yuàn hèn,rancor ; resentment ; to harbor a grudge against ; to loathe ; to resent,7.0,"v,vn",心,0.15539190694314925
怨气,yuàn qì,complaint ; grievance ; resentment,7.0,n,心,0.22570512647932173
怨言,yuàn yán,complaint,7.0,n,心,0.5365700725457615
怪物,guài wu,eccentric person ; freak ; monster,7.0,n,忄,-0.49372460006434304
怪异,guài yì,monstrous ; strange ; strange phenomenon,7.0,"a,an",忄,-0.2939928873896317
恐吓,kǒng hè,to menace ; to threaten,7.0,"v,vn",心,-0.34594962327396817
恐怕,kǒng pà,I'm afraid that... ; fear ; maybe ; perhaps ; to dread,3.0,d,心,-1.0735575973697484
恐怖,kǒng bù,frightening ; frightful ; terrible ; terror ; terrorist,7.0,"a,an",心,-1.1942535060779826
恐慌,kǒng huāng,panic ; panic-stricken ; panicky,7.0,"an,a",心,-0.48225627847590125
恐惧,kǒng jù,dread ; fear ; to be frightened,7.0,"an,a",心,-0.4383711878852817
恐龙,kǒng lóng,(old) (slang) ugly person ; dinosaur,7.0,n,心,0.08665273411925152
恢复,huī fù,to recover ; to regain ; to rehabilitate ; to reinstate ; to restore ; to resume,5.0,"v,vn",忄,-0.07463819114327908
耻笑,chǐ xiào,to ridicule ; to sneer at sb,7.0,"v,vn",耳,-0.5985022154864073
耻辱,chǐ rǔ,disgrace ; humiliation ; shame,7.0,n,耳,-0.4385013757125995
恩人,ēn rén,a benefactor ; a person who has significantly helped sb else,6.0,n,心,-0.35089676071205167
恩怨,ēn yuàn,gratitude and grudges ; grievances ; grudges ; resentment,7.0,n,心,-0.5904423629771507
恩情,ēn qíng,affection ; favor ; grace ; kindness,7.0,n,心,-0.10002481747028599
恩惠,ēn huì,favor ; grace,7.0,n,心,0.6584376716998577
恩赐,ēn cì,favor ; to give charity to sb out of pity,7.0,"vn,v",心,0.11099785782771548
恭喜,gōng xǐ,(interj.) congratulations! ; to congratulate,7.0,v,⺗,-1.320003154482702
恭维,gōng wei,compliment ; praise ; to praise ; to speak highly of,7.0,"v,vn",⺗,0.25213325542487297
恰好,qià hǎo,"(of number, time, size etc) just right ; as it turns out ; by lucky coincidence",6.0,d,忄,-0.2259164464867821
恰巧,qià qiǎo,by chance; as chance would have it,7.0,d,忄,-1.2468375955299922
恰恰,qià qià,exactly ; just ; precisely,6.0,d,忄,0.8177875723370761
恰当,qià dàng,appropriate ; suitable,6.0,"a,ad",忄,-0.2442611373541608
悄悄,qiāo qiāo,Taiwan pr. [qiǎo qiǎo] ; anxious; worried ; quiet; making little or no noise ; surreptitious; stealthy,5.0,d,忄,0.8475887920084365
悦耳,yuè ěr,beautiful (of sound) ; sweet-sounding,7.0,a,忄,0.09747011657110247
悔恨,huǐ hèn,remorse ; repentance,7.0,"v,vn",忄,0.546357745163528
悠久,yōu jiǔ,"long (tradition, history etc)",7.0,a,心,0.6293939934234875
患病,huàn bìng,to fall ill,7.0,"v,vn",心,0.4254132535851154
患者,huàn zhě,patient; sufferer,6.0,n,心,0.8316940842911843
悲伤,bēi shāng,sad; sorrowful,5.0,"a,an",心,-1.191507768919847
悲剧,bēi jù,tragedy,5.0,n,心,-1.652242489798209
悲哀,bēi āi,grieved ; sorrowful,7.0,"an,a",心,-1.0131504454942017
悲惨,bēi cǎn,miserable ; tragic,6.0,a,心,-0.3121007881712908
悲痛,bēi tòng,grieved ; sorrowful,7.0,"an,a",心,-0.3577967155599047
悲观,bēi guān,pessimistic,7.0,"a,ad",心,-0.4731549233481003
悼念,dào niàn,to grieve,7.0,"v,vn",忄,-0.22292212645846812
情人,qíng rén,lover ; sweetheart,7.0,n,忄,-0.3011650106765793
情侣,qíng lǚ,lovers ; sweethearts,7.0,n,忄,-0.9406476184625402
情报,qíng bào,information ; intelligence,7.0,n,忄,0.06753870907242296
情形,qíng xing,circumstances ; situation,5.0,n,忄,-0.324089861069004
情感,qíng gǎn,emotion ; feeling ; to move (emotionally),3.0,n,忄,-0.9638092589406846
情怀,qíng huái,feelings ; mood,7.0,n,忄,-0.631960487107131
情景,qíng jǐng,circumstances ; scene ; situation ; spectacle,4.0,n,忄,-1.0317673048006737
情况,qíng kuàng,circumstances; state of affairs; situation,3.0,n,忄,-1.3051735349529088
情节,qíng jié,circumstances ; plot; storyline,5.0,n,忄,-1.1705475287216507
情绪,qíng xù,mood ; moodiness ; state of mind,6.0,n,忄,-0.23282819411909247
情谊,qíng yì,friendship; camaraderie,7.0,n,忄,-0.49747646148764807
情调,qíng diào,sentiment ; taste ; tone and mood,7.0,n,忄,1.0487525707836471
情愿,qíng yuàn,willingness ; would rather (agree to X than Y),7.0,v,忄,-0.1405132317661807
惋惜,wǎn xī,to feel sorry for sb ; to feel that it is a great pity ; to regret,7.0,"an,a",忄,-0.4174109476870853
恶劣,è liè,nasty ; of very poor quality ; vile,7.0,"a,an",心,-0.21941884790534
恶化,è huà,to worsen,7.0,"v,vn",心,-0.7910500120897137
恶性,è xìng,malignant ; producing evil ; rapid (decline) ; runaway (inflation) ; vicious (circle) ; wicked,7.0,b,心,-0.41207324676704815
恶意,è yì,evil intention ; malice,7.0,"d,n",心,-0.8462496508725396
惦记,diàn jì,to be concerned about ; to keep thinking about ; to think of,7.0,v,忄,0.6079130019160196
想到,xiǎng dào,to anticipate ; to call to mind ; to think of,2.0,v,心,-0.6655843249085472
想念,xiǎng niàn,to long to see again ; to miss ; to remember with longing,4.0,v,心,-0.84429683346277
想法,xiǎng fǎ,to think of a way (to do sth) ; way of thinking; opinion; notion,2.0,"n,v",心,-0.695373751795449
想起,xiǎng qǐ,to call to mind ; to recall ; to think of,2.0,v,心,-0.8801102787596757
愉快,yú kuài,cheerful ; cheerily ; delighted ; delightful ; happy ; pleasant ; pleasantly ; pleasing,6.0,"a,ad,an",忄,-1.371297158445989
意向,yì xiàng,disposition ; inclination ; intent ; intention ; purpose,7.0,n,心,-0.2844891759954183
意图,yì tú,intent ; intention ; to intend,7.0,"n,v",心,-0.7518634760669977
意外,yì wài,accident ; mishap ; unexpected,3.0,"a,an,ad",心,-0.6050233996367654
意志,yì zhì,will; willpower; determination,5.0,n,心,-0.821904527164077
意思,yì si,"desire ; fun ; idea ; interest ; meaning ; opinion ; to do sth as a gesture of goodwill etc ; to give as a small token ; token of appreciation, affection etc ; wish",2.0,"n,v",心,-1.7992245468402182
意料,yì liào,expectations ; to anticipate; to expect,7.0,"v,vn",心,-0.43110425512438966
意义,yì yì,importance ; meaning ; sense ; significance,3.0,n,心,-1.5362569284423389
意见,yì jiàn,complaint ; idea ; objection ; opinion ; suggestion,2.0,n,心,-1.2889000565381603
意识,yì shí,awareness ; consciousness ; to be aware ; to realize,5.0,"n,v",心,-0.20560714542517508
意愿,yì yuàn,aspiration ; desire ; wish (for),6.0,n,心,0.5656255436065906
愚蠢,yú chǔn,silly ; stupid,7.0,"a,an",心,-0.3167757571702797
爱人,ài ren,lover (non-PRC) ; spouse (PRC),2.0,n,爫,-1.2892788272356566
爱国,ài guó,patriotic ; to love one's country,4.0,a,爫,-0.7861146674360875
爱好,ài hào,interest; hobby ; to like; to be fond of; to take pleasure in; to be keen on,1.0,"n,v",爫,0.05359681876494014
爱心,ài xīn,"care for others ; charity (bazaar, golf day etc) ; compassion ; heart (the symbol ♥) ; kindness ; love",3.0,n,爫,-1.4443325295713807
爱情,ài qíng,romance; love (romantic),2.0,n,爫,-0.8975554476202852
爱惜,ài xī,to cherish ; to treasure ; to use sparingly,7.0,v,爫,-1.0725160947512056
爱护,ài hù,to cherish ; to love and protect ; to take care of ; to treasure,4.0,"v,vn",爫,-0.4749657601460946
感人,gǎn rén,touching; moving,6.0,a,心,-1.2566016825788413
感冒,gǎn mào,(Tw) to detest ; (coll.) to be interested in (often used in the negative) ; (common) cold ; can't stand ; to catch cold,3.0,"v,vn",心,-0.7108661032462904
感到,gǎn dào,to feel; to sense; to perceive,2.0,v,心,-0.5702632497428616
感动,gǎn dòng,moving ; to move (sb) ; to touch (sb emotionally),2.0,"v,a,vn,an",心,-0.2906197966638229
感受,gǎn shòu,a feeling ; an experience ; an impression ; perception ; to experience ; to feel (through the senses) ; to sense,3.0,"v,vn",心,-1.4879454517229074
感叹,gǎn tàn,to lament ; to sigh (with feeling),7.0,"v,vn",心,0.15291833822410822
感性,gǎn xìng,emotional ; perception ; perceptual ; sensibility ; sensitive ; sentimental,7.0,n,心,-0.7514729125850441
感恩,gǎn ēn,to be grateful,7.0,v,心,-0.4610238698386118
感情,gǎn qíng,affection ; emotion ; feelings between two persons ; sentiment,3.0,n,心,-1.4514928600738695
感想,gǎn xiǎng,impressions ; reflections ; thoughts,5.0,n,心,-1.2679280235555064
感慨,gǎn kǎi,"deeply moved ; rueful ; to sigh with sorrow, regret etc",7.0,"v,a,an",心,-0.4655804437947417
感染,gǎn rǎn,(fig.) to influence ; to infect; infection,7.0,"v,vn",心,-0.894419146980196
感激,gǎn jī,thankful ; to appreciate ; to be grateful,7.0,"v,vn",心,-0.5805362953165248
感觉,gǎn jué,feeling; impression; sensation ; to feel; to perceive,2.0,"n,v",心,-1.757955005580416
感触,gǎn chù,emotional stirring ; moved ; one's thoughts and feelings ; touched,7.0,"n,v",心,0.468623819470231
感谢,gǎn xiè,(express) thanks ; grateful ; gratitude ; thankful ; thanks,2.0,"v,vn",心,-1.3692377387778174
慈善,cí shàn,benevolent ; charitable,7.0,"a,an",心,-1.0367144422387586
慈祥,cí xiáng,benevolent (often of older person) ; kindly,7.0,a,心,-0.2660260900851806
态度,tài du,approach ; attitude ; bearing ; manner,2.0,n,心,-1.8214866653115944
慌乱,huāng luàn,frenetic ; hurried,7.0,"a,an",忄,0.0038650687294677936
慌张,huāng zhāng,agitated ; flustered,7.0,a,忄,-1.3582783757141899
慌忙,huāng máng,in a flurry ; in a great rush,5.0,ad,忄,-0.3046918747986236
慎重,shèn zhòng,careful ; cautious ; prudent,7.0,"a,ad",忄,-0.19531051428259563
惨痛,cǎn tòng,bitter ; deeply distressed ; painful,7.0,a,忄,0.3269794633482592
惨白,cǎn bái,deathly pale,7.0,z,忄,3.8762076500273777
惨重,cǎn zhòng,disastrous,7.0,a,忄,0.09707955308914884
惭愧,cán kuì,ashamed,7.0,"a,an",忄,-1.123159159577903
慢性,màn xìng,chronic (disease) ; slow and patient ; slow to take effect (e.g. a slow poison),7.0,b,忄,0.8650221680845886
慢慢,màn màn,slowly,3.0,d,忄,-0.7750604948985169
惯例,guàn lì,convention ; usual practice,7.0,n,忄,-0.4115524954577752
惯性,guàn xìng,(fig.) force of habit ; (physics) inertia ; habitual ; tendency to do things in the accustomed way,7.0,n,忄,0.3390751385043716
慰劳,wèi láo,"to comfort ; to show appreciation (by kind words, small gifts etc)",7.0,v,心,-0.0030230933339264678
慰问,wèi wèn,"to express sympathy, greetings, consolation etc",5.0,"v,vn",心,-0.23568053353563126
庆典,qìng diǎn,celebration,7.0,n,广,-0.2429592590809806
庆幸,qìng xìng,to rejoice; to be glad,7.0,"v,vn",广,-0.7354598098249312
庆祝,qìng zhù,to celebrate,3.0,"v,vn",广,0.04642469547799258
庆贺,qìng hè,to celebrate ; to congratulate,7.0,v,广,1.0772519121818285
慷慨,kāng kǎi,generous; magnanimous ; vehement; fervent,7.0,"a,ad",忄,-0.4948962905102053
欲望,yù wàng,desire; longing; appetite; craving,7.0,n,欠,-0.983207245211065
忧愁,yōu chóu,to be worried,7.0,"a,an",忄,0.0007405608738374316
忧虑,yōu lǜ,anxiety (about) ; to worry,7.0,"v,vn",忄,-0.6896336946089994
忧郁,yōu yù,sullen; depressed; melancholy; dejected,7.0,"a,an",忄,-0.4068775264587862
怜惜,lián xī,to feel tenderness toward ; to take pity on,7.0,v,忄,0.2517544847273768
凭着,píng zhe,on the basis of ; relying on,7.0,p,几,-0.18230352433525557
凭证,píng zhèng,certificate ; proof ; receipt ; voucher,7.0,n,几,-0.18268229503275185
愤怒,fèn nù,angry ; indignant ; ire ; wrath,6.0,"a,an,ad,v",忄,-0.9337476636146872
宪法,xiàn fǎ,constitution (of a country),7.0,n,宀,0.5121065537944381
懂事,dǒng shì,(esp. of a child) sensible; thoughtful; intelligent ; to grow beyond the naivete of childhood; to be aware of what is going on in the world,7.0,"a,v",忄,-1.1795304888065912
懂得,dǒng de,to understand; to know; to comprehend,2.0,v,忄,-0.7224646126620485
恳求,kěn qiú,entreaty ; to beg ; to beseech ; to entreat,7.0,v,心,-1.0696519625502094
应付,yìng fu,to cope ; to deal with,7.0,"v,vn",广,-1.4501909818006908
应对,yìng duì,response ; to answer; to reply ; to handle; to deal with,6.0,"v,vn",广,-0.5041160406808654
应急,yìng jí,(attributive) emergency ; to meet a contingency ; to respond to an emergency,6.0,"vn,v",广,-0.29334194825304233
应用,yìng yòng,"(computing) app ; application ; applied (science, linguistics etc) ; practical ; practical use ; to apply ; to put to use",3.0,"vn,v",广,-0.2502497774107873
应当,yīng dāng,should; ought to,3.0,v,广,0.4083468554220022
应聘,yìng pìn,to accept a job offer ; to apply for an advertised position,7.0,"v,vn",广,0.24170643645497575
应该,yīng gāi,must ; ought to ; should,2.0,v,广,-0.7861146674360875
应邀,yìng yāo,at sb's invitation ; on invitation,7.0,v,广,1.7935335453009427
应酬,yìng chou,dinner party; banquet; social engagement ; to engage in social activities; to socialize,7.0,"v,vn",广,-0.2012991543392236
惩罚,chéng fá,penalty ; punishment ; to punish,7.0,"v,vn",心,-0.7608464361519396
惩处,chéng chǔ,to administer justice ; to punish,7.0,"v,vn",心,2.592058506931653
懒得,lǎn dé,not to feel like (doing sth); disinclined to,7.0,v,忄,1.9397108898101283
懒惰,lǎn duò,idle ; lazy,7.0,a,忄,-0.819040394963081
怀孕,huái yùn,gestation ; pregnancy ; pregnant ; to have conceived,7.0,"v,vn",忄,-0.26249922596313624
怀念,huái niàn,to cherish the memory of ; to reminisce ; to think of,4.0,"v,vn",忄,-1.2265282944683853
怀抱,huái bào,"to cherish ; to embrace (also fig. an ideal, aspiration etc) ; to hug ; within the bosom (of the family)",7.0,"n,v",忄,-1.0726462825785232
怀疑,huái yí,to be skeptical of ; to doubt (sth) ; to harbor suspicions ; to have one's doubts ; to suspect that,4.0,"v,vn",忄,-1.1591027927021251
怀旧,huái jiù,nostalgia ; to feel nostalgic,7.0,"vn,v",忄,-1.0052089880278043
悬崖,xuán yá,overhanging cliff ; precipice,7.0,n,心,-0.2913891308432728
悬挂,xuán guà,(vehicle) suspension ; to hang ; to suspend,7.0,v,心,0.36044952775344036
悬殊,xuán shū,large disparity ; widely different,7.0,a,心,0.6573843762968548
恋爱,liàn ài,(romantic) love ; in love ; to have an affair,5.0,"v,vn",心,-1.3903045812344157
成交,chéng jiāo,to complete a contract ; to reach a deal,5.0,"v,vn",戈,-0.3011650106765793
成人,chéng rén,adult,4.0,"n,v,nr",戈,-1.1932002106749808
成分,chéng fèn,composition; ingredient; element; component ; one's social status,6.0,n,戈,-0.5249578858362026
成功,Chéng gōng | chéng gōng,"Chenggong or Chengkung town in Taitung County 台东县, southeast Taiwan ; success ; to succeed",3.0,"a,an,ad",戈,-1.0863277972313687
成品,chéng pǐn,a finished product ; finished goods,6.0,n,戈,2.892378238985337
成员,chéng yuán,member,3.0,n,戈,-0.7633200048709821
成就,chéng jiù,accomplishment ; achievement ; success ; to achieve (a result) ; to bring about ; to create,3.0,"n,v",戈,-0.5240465710449761
成年,chéng nián,fully grown; adult ; the whole year ; to grow to adulthood,7.0,"vn,n,b",戈,-0.8213837758548042
成才,chéng cái,to become a person who is worthy of respect ; to make sth of oneself,7.0,v,戈,1.894796089385423
成效,chéng xiào,effect ; result,5.0,n,戈,-0.9571696797474673
成本,chéng běn,"(manufacturing, production etc) costs",5.0,n,戈,-0.7961273373551151
成果,chéng guǒ,achievement ; gain ; profit ; result,3.0,n,戈,-0.3816092951746384
成为,chéng wéi,to become; to turn into,2.0,v,戈,-0.44800508710681297
成熟,chéng shú,Taiwan pr. [chéng shóu] ; mature; ripe ; to mature; to ripen,3.0,"a,an",戈,-1.2931844620551955
成立,chéng lì,to be tenable ; to establish ; to hold water ; to set up,3.0,"v,vn",戈,-1.236813132826506
成绩,chéng jì,achievement ; grades ; performance records,2.0,n,戈,-1.298391975147915
成语,chéng yǔ,"Chinese set expression, typically of 4 characters, often alluding to a story or historical quotation ; adage ; idiom ; proverb ; saying",5.0,n,戈,-0.531846047899597
成长,chéng zhǎng,growth ; to grow ; to mature,3.0,"v,vn",戈,-1.3511180452117013
我们,wǒ men,our ; ourselves ; us ; we,1.0,r,戈,-1.248932393551537
戒备,jiè bèi,to guard against (emergency) ; to take precautions,7.0,"v,vn",戈,0.5255159000081921
戒指,jiè zhi,(finger) ring,7.0,n,戈,-0.16941492943077455
戒烟,jiè yān,to give up smoking,7.0,"v,vn",戈,0.08106645032903598
或是,huò shì,either one or the other ; or,5.0,c,戈,-0.22109949687601646
或者,huò zhě,or ; possibly; maybe; perhaps,2.0,"c,d",戈,-0.1712375590132262
或许,huò xǔ,perhaps; maybe,4.0,d,戈,-0.5953777076307755
截止,jié zhǐ,cut-off point ; deadline ; stopping point ; to close ; to put a stop to sth ; to stop,6.0,"v,vn",戈,-0.5110277883131772
截至,jié zhì,by (a time) ; up to (a time),6.0,v,戈,0.7340885921560673
战胜,zhàn shèng,to defeat ; to prevail over ; to surmount,4.0,v,戈,-0.725577327733223
战友,zhàn yǒu,battle companion ; comrade-in-arms,6.0,n,戈,-0.923190656817472
战场,zhàn chǎng,battlefield,6.0,n,戈,-0.6327534068554971
战士,zhàn shì,fighter ; soldier ; warrior,4.0,n,戈,-0.861611814496063
战争,zhàn zhēng,conflict ; war,4.0,n,戈,-1.4501909818006908
战略,zhàn lu:è,strategy,6.0,n,戈,-0.694971395529038
战术,zhàn shù,tactics,6.0,n,戈,-0.5543685420256093
战斗,zhàn dòu,battle ; struggle ; to engage in combat ; to fight,4.0,"v,vn",戈,-0.7906712413922173
戏剧,xì jù,a drama; a play; theater ; script of a play,5.0,n,戈,-1.0558520528545017
戏曲,xì qǔ,Chinese opera,6.0,n,戈,1.209392556909587
户外,hù wài,outdoor,6.0,s,户,-1.2099944403990008
房子,fáng zi,apartment ; building (single- or two-story) ; house ; room,1.0,n,户,-1.59249806984371
房屋,fáng wū,building ; house,3.0,n,户,-1.5603298837117083
房东,fáng dōng,landlord,3.0,n,户,-0.5223423365053835
房租,fáng zū,rent for a room or house,3.0,n,户,-0.5565817350900145
房间,fáng jiān,room,1.0,n,户,-1.2115566943268168
所以,suǒ yǐ,as a result ; so ; the reason why ; therefore,2.0,c,户,-1.0020962729566314
所在,suǒ zài,(after a noun) place where it is located ; location ; place,5.0,"n,v",户,-0.12176618463239107
所属,suǒ shǔ,affiliated ; belonging to ; one's affiliation (i.e. the organization one is affiliated with) ; subordinate (i.e. those subordinate to oneself) ; under one's command,7.0,"n,v,vn",户,2.1228733700620803
所有,suǒ yǒu,all ; to have; to possess; to own,2.0,"b,v",户,-1.3417445216448056
所谓,suǒ wèi,so-called ; what is called,7.0,"v,vn",户,-0.3149649203722854
所长,suǒ cháng | suǒ zhǎng,head of an institute etc ; what one is good at,3.0,n,户,3.1196861854825446
扇子,shàn zi,fan,5.0,n,户,-0.9582111823660102
手册,shǒu cè,manual; handbook,7.0,n,手,-0.3407539029657062
手动,shǒu dòng,manual ; manual gear-change ; manually operated,7.0,b,手,0.44231408556753754
手势,shǒu shì,gesture ; sign ; signal,7.0,n,手,-0.28046514613301865
手套,shǒu tào,glove ; mitten,4.0,n,手,-0.4541475005596734
手工,shǒu gōng,handwork ; manual,4.0,"n,d",手,0.034459208149195474
手帕,shǒu pà,handkerchief,7.0,n,手,1.0686359300099229
手指,shǒu zhǐ,finger,3.0,n,手,-1.275478917539949
手掌,shǒu zhǎng,palm,7.0,n,手,-1.032808807419218
手枪,shǒu qiāng,pistol,7.0,n,手,-1.256992246060795
手段,shǒu duàn,means (of doing sth) ; method ; strategy ; trick,5.0,n,手,-1.296829721220099
手法,shǒu fǎ,skill ; technique ; trick,5.0,n,手,-1.0605388146379495
手续,shǒu xù,formalities ; procedure,3.0,n,手,-0.7271395816610389
手腕,shǒu wàn,ability ; finesse ; skill ; trickery ; wrist,7.0,n,手,-0.7657935735900232
手脚,shǒu jiǎo,action ; hand and foot ; movement of limbs ; step in a procedure ; trick,7.0,n,手,-1.2076510595072778
手臂,shǒu bì,arm ; helper,7.0,n,手,-0.2724052936237621
手艺,shǒu yì,craftmanship ; handicraft ; trade ; workmanship,7.0,n,手,-0.6103611005568026
手术,shǒu shù,(surgical) operation ; surgery,4.0,"n,v,vn",手,-1.3129730118075296
手表,shǒu biǎo,wristwatch,2.0,n,手,0.2778986524493762
才能,cái néng,ability ; capacity ; talent,3.0,"n,v,nr",扌,-0.13100952037196728
才华,cái huá,talent,7.0,n,扌,-0.3178290525732815
扎根,zhā gēn,to take root,7.0,v,扌,1.137280293359879
打仗,dǎ zhàng,to fight a battle ; to go to war,7.0,v,扌,0.8645014167753172
打倒,dǎ dǎo,Down with ... ! ; to knock down ; to overthrow,7.0,v,扌,0.19236524990145848
打动,dǎ dòng,arousing (sympathy) ; to move (to pity) ; touching,6.0,v,扌,0.13419487665923327
打包,dǎ bāo,(computing) to package (i.e. create an archive file) ; to put leftovers in a doggy bag for take-out ; to wrap; to pack,5.0,"v,vn",扌,0.0039952565567871355
打岔,dǎ chà,interruption ; to change the subject ; to interrupt (esp. talk),7.0,v,扌,2.714719025834115
打扮,dǎ ban,manner of dressing ; style of dress ; to adorn ; to decorate ; to dress ; to make up,5.0,"v,n",扌,-0.6321024677189062
打扫,dǎ sǎo,to clean ; to sweep,4.0,v,扌,-0.7779128343150543
打捞,dǎ lāo,to dredge ; to fish out (person or object from the sea) ; to salvage,7.0,v,扌,3.0097364353211358
打击,dǎ jī,(psychological) shock ; blow ; percussion (music) ; to attack ; to crack down on sth ; to hit ; to strike,5.0,"v,vn",扌,-1.3630953253249556
打扰,dǎ rǎo,to bother ; to disturb ; to trouble,5.0,v,扌,-1.1291477996345294
打搅,dǎ jiǎo,to disturb; to trouble; to bother,7.0,v,扌,-0.2856608664412806
打败,dǎ bài,to be defeated ; to beat ; to defeat ; to overpower,4.0,v,扌,-0.5761334947566289
打断,dǎ duàn,to break (a bone) ; to break off ; to interrupt,6.0,v,扌,-0.3304572718231268
打架,dǎ jià,to come to blows ; to fight ; to scuffle,5.0,"v,vn",扌,-1.365841062483091
打牌,dǎ pái,to play mahjong or cards,6.0,v,扌,0.4360768626407338
打猎,dǎ liè,to go hunting,7.0,v,扌,-0.7478276534201407
打球,dǎ qiú,to play ball ; to play with a ball,1.0,"v,vn",扌,0.05565623843311029
打发,dǎ fa,(old) to bestow (alms etc) ; (old) to make arrangements ; to dispatch sb to do sth ; to make sb leave ; to pass (the time),6.0,v,扌,0.6028474694350767
打破,dǎ pò,to break; to smash,3.0,v,扌,-1.0674505622702615
打磨,dǎ mó,to polish; to burnish; to shine,7.0,v,扌,0.9595621162863657
打算,dǎ suàn,calculation ; intention ; plan ; to calculate ; to intend ; to plan,2.0,"v,n,vn",扌,-1.3433067755726216
打听,dǎ ting,to ask about ; to ask around ; to make some inquiries,3.0,v,扌,0.5153730422618467
打通,dǎ tōng,to establish contact ; to open access ; to put through (a phone connection) ; to remove a block,7.0,v,扌,0.6464603915866032
打造,dǎ zào,to build ; to create ; to develop ; to forge (of metal),6.0,v,扌,0.24717432520233074
打量,dǎ liang,to look sb up and down ; to reckon ; to size sb up ; to suppose ; to take the measure of,7.0,v,扌,0.5015731325661391
打针,dǎ zhēn,to give or have an injection,4.0,v,扌,-0.15614756382879727
打开,dǎ kāi,to open ; to show (a ticket) ; to switch on ; to turn on,1.0,v,扌,-1.310108879606535
打雷,dǎ léi,clap of thunder ; to rumble with thunder,4.0,"v,vn",扌,0.8086744244248177
扣押,kòu yā,to detain ; to distrain ; to hold in custody ; to seize property,7.0,"v,vn",扌,0.6679413830940711
扣留,kòu liú,to arrest ; to confiscate ; to detain ; to hold,7.0,"v,vn",扌,0.1681621068047697
扣除,kòu chú,to deduct,7.0,"v,vn",扌,0.6351340506099381
扭曲,niǔ qū,to distort ; to twist ; to warp,7.0,"v,vn",扌,-0.5774117874608931
扭转,niǔ zhuǎn,(mechanics) torsion ; to reverse ; to turn around (an undesirable situation),7.0,"v,vn",扌,0.675492277078515
扮演,bàn yǎn,to act ; to play the role of,5.0,v,扌,-0.5228748805991138
扶持,fú chí,to assist ; to help,7.0,"v,vn",扌,0.21203540461093198
批准,pī zhǔn,to approve; to ratify,3.0,"v,vn",扌,-0.599685698716727
批判,pī pàn,critique ; to criticize,7.0,"v,vn",扌,-0.0379252238396056
批发,pī fā,bulk trade ; distribution ; wholesale,7.0,"vn,v",扌,-0.6451094576662478
批评,pī píng,to criticize; criticism,3.0,"v,vn",扌,-0.9180067292936689
找出,zhǎo chū,to find ; to search out,2.0,,扌,-0.4541357077752161
找到,zhǎo dào,to find,1.0,v,扌,-0.28581463983751454
承包,chéng bāo,to contract ; to undertake (a job),7.0,"v,vn",手,3.312387755482085
承受,chéng shòu,to bear ; to inherit ; to support,4.0,"v,vn",手,-0.28554247139842004
承担,chéng dān,to assume (responsibility etc) ; to undertake,4.0,v,手,-0.1474131866140352
承认,chéng rèn,"recognition (diplomatic, artistic etc) ; to acknowledge ; to admit ; to concede ; to recognize",4.0,"v,vn",手,-1.4715417854808408
承诺,chéng nuò,commitment ; to promise ; to undertake to do something,6.0,"v,vn",手,-1.0436143970866116
承载,chéng zài,to bear the weight ; to sustain,7.0,"v,vn",手,2.523224524633812
承办,chéng bàn,to accept a contract ; to undertake,5.0,"v,vn",手,1.5739184733999554
技巧,jì qiǎo,skill ; technique,4.0,n,扌,-0.9536664011943391
技能,jì néng,skill ; technical ability,5.0,n,扌,-0.6896336946089994
技艺,jì yì,art ; skill,7.0,n,扌,0.2755670643421104
技术,jì shù,technology; technique; skill,3.0,n,扌,-1.2775619227770378
抄写,chāo xiě,to copy ; to transcribe,4.0,"v,vn",扌,-0.44970932164640404
抄袭,chāo xí,to attack the flank or rear of an enemy ; to copy ; to plagiarize,7.0,v,扌,-1.0131504454942017
把手,bǎ shou | bǎ shǒu,grip ; handle ; knob ; to shake hands,7.0,n,扌,1.870450965676959
把握,bǎ wò,assurance ; certainty ; sure (of the outcome) ; to grasp (also fig.) ; to hold ; to seize,3.0,"v,vn,n",扌,-0.7004510770608503
把柄,bǎ bǐng,(fig.) information that can be used against sb ; handle,7.0,n,扌,1.2897066535803268
把关,bǎ guān,to check on sth ; to guard a pass,7.0,v,扌,2.084503339356648
抑制,yì zhì,to inhibit ; to keep down ; to suppress,7.0,"v,vn",扌,0.7999400472100531
抑郁,yì yù,depressed; despondent; gloomy,7.0,a,扌,0.1496754353256158
抒情,shū qíng,lyric ; to express emotion,7.0,"vn,v",扌,-0.6303982331793151
抓住,zhuā zhù,to grab hold of; to capture,3.0,v,扌,-0.643689184350207
抓紧,zhuā jǐn,to keep a firm grip on ; to lose no time in (doing sth) ; to pay close attention to,4.0,v,扌,-0.8596589970862936
投入,tóu rù,absorbed ; engrossed ; to invest in ; to participate in ; to put into ; to throw into ; to throw oneself into,4.0,"v,vn",扌,-1.0725278875356627
投奔,tóu bèn,to seek asylum ; to seek shelter,7.0,v,扌,0.7975966663183285
投射,tóu shè,to cast (light) ; to throw (a projectile),7.0,v,扌,-0.24907808696492642
投机,tóu jī,agreeable ; congenial ; opportunistic ; to speculate (on financial markets),7.0,"vn,v,a",扌,-0.0996342539883324
投票,tóu piào,to vote ; vote,6.0,"v,vn",扌,-0.6513584733775115
投稿,tóu gǎo,to contribute (writing) ; to submit articles for publication,7.0,"v,vn",扌,-0.35688540076867814
投诉,tóu sù,complaint ; to complain ; to register a complaint (esp. as a customer),4.0,"v,vn",扌,-0.8869984408230714
投资,tóu zī,investment ; to invest,4.0,"vn,v,n",扌,-0.420665643370035
投身,tóu shēn,to throw oneself into sth,7.0,v,扌,0.010516440707143904
投降,tóu xiáng,surrender ; to surrender,7.0,"v,vn",扌,-1.1437288362941442
抗拒,kàng jù,to defy ; to oppose ; to resist,7.0,"v,vn",扌,-0.7665747005539318
抗争,kàng zhēng,to make a stand and fight (against) ; to resist,7.0,"v,vn",扌,-0.32667003204644673
抗衡,kàng héng,to compete with ; to counter ; to vie with,7.0,v,扌,0.3722848272549181
抗议,kàng yì,protest ; to protest,6.0,"v,vn",扌,-0.23085179114040683
折合,zhé hé,to amount to ; to be equivalent to ; to convert into,7.0,v,扌,3.8460276596585214
折射,zhé shè,refraction ; to reflect (in the figurative sense: to show the nature of) ; to refract,7.0,"v,vn",扌,0.9936595342592203
折扣,zhé kòu,discount,7.0,n,扌,-0.7568106135050827
折磨,zhé mó,to torment ; to torture,7.0,"v,vn",扌,-1.0462181536329704
折腾,zhē teng,"to play crazy ; to repeat sth over and over again ; to squander (time, money) ; to torment sb ; to toss from side to side (e.g. sleeplessly)",7.0,"v,vn",扌,0.20189254686458796
抨击,pēng jī,to attack (verbally or in writing),7.0,"v,vn",扌,0.9490169022736094
披露,pī lù,to announce ; to make public ; to publish ; to reveal,7.0,"v,vn",扌,-0.4264057005564845
抬头,tái tóu,"account name, or space for writing the name on checks, bills etc ; to gain ground ; to raise one's head",5.0,"v,vn",扌,-0.07736034273249852
抱怨,bào yuàn,to complain ; to feel dissatisfied ; to grumble ; to harbor a complaint,5.0,"v,vn",扌,-0.5431959744451782
抱歉,bào qiàn,sorry! ; to be sorry ; to feel apologetic,6.0,"a,an,ad",扌,-1.4711512219988856
抱负,bào fù,ambition ; aspiration,7.0,n,扌,-0.8357044368597831
抵制,dǐ zhì,refusal ; resistance ; to boycott ; to refuse (to cooperate) ; to reject ; to resist,7.0,"v,vn",扌,-0.11278322454744914
抵抗,dǐ kàng,resistance ; to resist,6.0,"v,vn",扌,-0.4399570273820137
抵押,dǐ yā,to provide (an asset) as security for a loan ; to put up collateral,7.0,"vn,v",扌,0.11621716370489206
抵挡,dǐ dǎng,to hold back ; to resist ; to stop ; to ward off ; to withstand,7.0,v,扌,-0.3600099086243099
抵消,dǐ xiāo,to cancel out ; to counteract ; to offset,7.0,v,扌,0.3465194302304149
抵御,dǐ yù,to resist ; to withstand,7.0,v,扌,0.5356705505389949
抵触,dǐ chù,to conflict ; to contradict,7.0,"v,vn",扌,0.31916819370917965
抵达,dǐ dá,to arrive ; to reach (a destination),6.0,v,扌,-0.7598049335333952
押金,yā jīn,deposit ; down payment,5.0,n,扌,1.216789677497794
抽屉,chōu ti,drawer,7.0,n,扌,0.442846629661269
抽烟,chōu yān,"to smoke (a cigarette, tobacco)",4.0,v,扌,0.11203936044625845
抽奖,chōu jiǎng,a lottery ; a raffle ; to draw a prize,4.0,"v,vn",扌,-0.31599463020637253
抽签,chōu qiān,a ballot (in share dealing) ; to draw lots ; to perform divination with sticks,7.0,"v,vn",扌,-0.7529167714700009
抽象,chōu xiàng,abstract ; abstraction,7.0,"a,an",扌,-0.14531838859248902
拆迁,chāi qiān,to demolish a building and relocate the inhabitants,6.0,"v,vn",扌,1.274746846223217
拆除,chāi chú,to demolish ; to dismantle ; to remove ; to tear down,5.0,"v,vn",扌,-0.21237691244571025
拉动,lā dòng,(fig.) to stimulate (economic activity) ; to motivate (people to do sth) ; to pull,7.0,v,扌,0.6682135515331656
拉拢,lā lǒng,fig. to involve sb ; to entice ; to rope in,7.0,"v,vn",扌,1.0630614390041673
拉开,lā kāi,to increase ; to pull apart ; to pull open ; to space out,4.0,v,扌,-0.3427067203754757
抛弃,pāo qì,to abandon ; to discard ; to dump (sb) ; to renounce,7.0,"v,vn",扌,-0.5864065403302923
抛开,pāo kāi,to get rid of ; to throw out,7.0,v,扌,-0.42014489206076355
拍摄,pāi shè,to take (a picture); to shoot (a film),5.0,"v,vn",扌,-0.6253209079139137
拍板,pāi bǎn,auctioneer's hammer ; clapper-board ; to beat time with clappers,7.0,v,扌,1.3965908598083947
拍照,pāi zhào,to take a picture,4.0,"v,vn",扌,-0.7086764957508008
拍卖,pāi mài,auction sale ; to auction ; to sell at a reduced price,7.0,"v,vn",扌,-0.20912221676276055
拐弯,guǎi wān,fig. a new direction ; to go round a curve ; to turn a corner,7.0,"v,n,vn",扌,-0.22434239977450737
拐杖,guǎi zhàng,crutch ; crutches ; walking stick,7.0,n,扌,0.35862689817098714
拒绝,jù jué,to refuse; to decline; to reject,5.0,"v,vn",扌,-0.33788977076471005
拓展,tuò zhǎn,"to expand (one's client base, outlook etc)",7.0,"v,vn",扌,-0.6546131690604612
拖延,tuō yán,to delay ; to procrastinate ; to put off,7.0,"v,vn",扌,-0.05784396141925753
拖欠,tuō qiàn,behind in payments ; in arrears ; to default on one's debts,7.0,v,扌,0.06975190213682818
拖累,tuō lěi,to be a burden on ; to encumber ; to implicate,7.0,"v,vn",扌,-0.2771986576656116
拖鞋,tuō xié,flip-flops ; sandals ; slippers,6.0,n,扌,0.01023247948359205
拘束,jū shù,awkward ; constrained ; ill at ease ; reticent ; to restrain ; to restrict ; uncomfortable,7.0,"a,an",扌,0.24849978904442702
拘留,jū liú,to detain (a prisoner) ; to keep sb in custody,7.0,"v,vn",扌,-0.8320591776948798
拙劣,zhuō liè,botched ; clumsy,7.0,a,扌,2.834089470700253
招募,zhāo mù,to enlist ; to recruit,7.0,"v,vn",扌,-1.1977567846311092
招呼,zhāo hu,to call out to ; to greet ; to inform ; to say hello to ; to take care of ; to take care that one does not,4.0,"v,vn",扌,-0.4449041648200972
招待,zhāo dài,to hold a reception; to offer hospitality; to entertain (guests); to serve (customers),7.0,"v,vn",扌,-0.38214183926836864
招手,zhāo shǒu,to beckon ; to wave,5.0,v,扌,-0.28409861251346463
招揽,zhāo lǎn,to attract (customers); to drum up (trade),7.0,v,扌,-0.3981431492440227
招收,zhāo shōu,to hire ; to recruit,7.0,v,扌,-0.10132669574346619
招数,zhāo shù,"gambit ; move (in chess, on stage, in martial arts) ; movement ; same as 着数 ; scheme ; trick",7.0,n,扌,-0.1479221451388479
招标,zhāo biāo,to invite bids,7.0,"v,vn",扌,0.27857317715488317
招牌,zhāo pai,reputation of a business ; shop sign ; signboard,7.0,n,扌,-0.8141168430939135
招生,zhāo shēng,to enroll new students ; to get students,5.0,"vn,v",扌,0.45794841763015526
招聘,zhāo pìn,to invite applications for a job ; to recruit,6.0,"v,vn",扌,-0.785203352644861
拜年,bài nián,to pay a New Year call ; to wish sb a Happy New Year,7.0,v,手,-0.8386987568880971
拜会,bài huì,(often used in the context of diplomacy) to meet with; to pay a visit to; to call on,7.0,v,手,0.924932154219781
拜见,bài jiàn,to call to pay respects ; to meet one's senior or superior ; to pay a formal visit,7.0,v,手,0.32293184791694235
拜托,bài tuō,please! ; to request sb to do sth,7.0,v,手,-0.9019700409646398
拜访,bài fǎng,to pay a visit; to call on,5.0,"v,vn",手,-1.4531853018290033
括号,kuò hào,brackets ; parentheses,4.0,n,扌,-0.4249618416715292
拯救,zhěng jiù,to save; to rescue,7.0,"v,vn",扌,-0.7026524773407983
拳头,quán tou,clenched fist ; competitive (product) ; fist,7.0,n,手,-0.20041142511691465
拼命,pīn mìng,to do one's utmost; with all one's might; at all costs; (to work or fight) as if one's life depends on it,7.0,"d,v,vn",扌,0.12361428429310076
拼搏,pīn bó,to struggle ; to wrestle,7.0,"v,vn",扌,0.6771729260491888
拿出,ná chū,to come up with (evidence) ; to provide ; to put forward (a proposal) ; to put out ; to take out,2.0,v,手,0.16959417290526774
拿到,ná dào,to get ; to obtain,2.0,v,手,-0.24569320345465734
拿手,ná shǒu,expert in ; good at,7.0,a,手,1.5002203703535142
拿走,ná zǒu,to take away,6.0,v,手,-1.2849826289341624
持久,chí jiǔ,endurance ; enduring ; lasting ; permanent ; persistence ; persistent ; protracted ; to last long,7.0,"a,ad",扌,0.8041060576842278
持有,chí yǒu,"to hold (passport, views etc)",6.0,"v,vn",扌,0.6076644190458423
持续,chí xù,preservation ; sustainable ; to continue ; to last ; to persist,3.0,"v,vn",扌,-0.400356342308428
指令,zhǐ lìng,command ; instruction ; order,7.0,"n,v",扌,-0.19818643926805055
指出,zhǐ chū,to indicate ; to point out,3.0,v,扌,-1.5358545721759265
指南,zhǐ nán,guidebook ; to guide,7.0,n,扌,-0.6816922371426019
指向,zhǐ xiàng,aimed at ; facing ; the direction indicated ; to point towards,7.0,"v,vn",扌,-0.5401780688479481
指定,zhǐ dìng,designated ; to appoint ; to assign ; to indicate clearly and with certainty,6.0,"v,vn",扌,-1.495626533534669
指导,zhǐ dǎo,guidance ; to coach ; to direct ; to give directions ; to guide ; tuition,3.0,"v,vn",扌,-1.0399691379217082
指引,zhǐ yǐn,directions ; guidance ; guidelines ; to guide ; to point (the way) ; to show,7.0,"v,vn",扌,-0.7303824845595298
指挥,zhǐ huī,conductor (of an orchestra) ; to command ; to conduct ; to direct,4.0,"v,vn,n",扌,0.20238971260494337
指教,zhǐ jiào,to give advice or comments,7.0,v,扌,0.36291130368802405
指数,zhǐ shù,"(math.) exponent ; (numerical, statistical) index ; exponential (function, growth) ; index",6.0,n,扌,0.15368767240355696
指望,zhǐ wàng,prospect; hope ; to count on; to hope for,7.0,"v,n",扌,-1.007161805437574
指标,zhǐ biāo,(computing) pointer ; (production) target ; index ; indicator ; quota ; sign ; signpost,5.0,n,扌,-0.8617420023233809
指甲,zhǐ jia,fingernail,5.0,n,扌,-0.7198608561156896
指示,zhǐ shì,directives ; instructions ; to indicate ; to instruct ; to point out,5.0,"n,v",扌,-1.3768952350206631
指责,zhǐ zé,to criticize ; to denounce ; to find fault with,5.0,"v,vn",扌,-0.7930146222839406
指头,zhǐ tou,finger ; toe,6.0,n,扌,1.966541375022092
指点,zhǐ diǎn,to censure ; to give directions ; to indicate ; to pick at ; to point out ; to show how (to do sth),7.0,"v,vn",扌,-0.794695271254617
按摩,àn mó,massage ; to massage,5.0,"vn,v",扌,-0.7788241491062808
按时,àn shí,before deadline ; on schedule ; on time,4.0,d,扌,0.9203755802636512
按照,àn zhào,according to ; in accordance with ; in the light of ; on the basis of,3.0,"p,v",扌,-0.36950182723406605
按键,àn jiàn,button or key (on a device) ; keystroke ; to press a button,7.0,n,扌,-0.22173864322814849
挑剔,tiāo ti,fussy ; picky,7.0,"v,a,vn",扌,-0.5243187394840707
挑战,tiǎo zhàn,challenge ; to challenge,4.0,"vn,v",扌,-0.5066014021843652
挑起,tiǎo qǐ,to incite ; to provoke ; to stir up,7.0,v,扌,0.7838085494070808
挑选,tiāo xuǎn,to choose ; to select,4.0,"v,vn",扌,-0.6967940251114897
挑衅,tiǎo xìn,provocation ; to provoke,7.0,"v,vn",扌,-0.0781414696964057
挖掘,wā jué,to dig ; to excavate ; to unearth,7.0,"v,vn",扌,1.0845424305116353
挖苦,wā kǔ,also pr. [wā ku] ; to make cutting remarks ; to speak sarcastically,7.0,"v,vn",扌,0.49663778791251434
挨打,ái dǎ,to come under attack ; to get thrashed ; to take a beating,6.0,v,扌,-0.02894226375466514
挫折,cuò zhé,check ; defeat ; disappointment ; frustration ; reverse ; setback ; to blunt ; to discourage ; to frustrate ; to set sb back ; to subdue,7.0,"n,vn,v",扌,-0.1691545537761388
振作,zhèn zuò,to bestir oneself ; to cheer up ; to pull oneself together ; to stimulate ; to uplift,7.0,v,扌,0.037323340350191546
振动,zhèn dòng,to shake ; to vibrate ; vibration,5.0,"vn,v",扌,-0.5556704202987894
振奋,zhèn fèn,to inspire ; to raise one's spirits ; to stir oneself up,7.0,"v,vn",扌,-0.34489632787096486
振兴,Zhèn xīng | zhèn xīng,"Zhengxing district of Dandong city 丹东市, Liaoning ; to revive; to revitalize; to invigorate; to re-energize",7.0,v,扌,0.6196416991590967
挺好,tǐng hǎo,very good,2.0,,扌,1.1653654857071896
挽回,wǎn huí,to redeem ; to retrieve,7.0,v,扌,-0.5528298736667094
挽救,wǎn jiù,to remedy ; to rescue ; to save,7.0,"v,vn",扌,-0.12620436354566042
挟持,xié chí,to seize,7.0,v,扌,0.44742678918631357
捍卫,hàn wèi,to defend ; to safeguard ; to uphold,7.0,,扌,0.12441899682592678
捐助,juān zhù,contribution ; donation ; to donate ; to offer (aid),6.0,"v,vn",扌,0.6515377168520046
捐款,juān kuǎn,contribution (of money) ; donation ; to contribute funds ; to donate money,6.0,"v,n,vn",扌,-0.7296013575956226
捐献,juān xiàn,contribution ; donation ; to contribute ; to donate,7.0,"v,vn",扌,-0.9921902052960054
捐赠,juān zèng,benefaction ; to contribute (as a gift) ; to donate,6.0,"v,vn",扌,-0.01226642907350414
捕捉,bǔ zhuō,to capture ; to catch ; to seize,7.0,v,扌,-0.7116472302101975
捧场,pěng chǎng,to cheer on (originally esp. as paid stooge) ; to flatter ; to root for sb ; to sing sb's praises,7.0,"v,vn",扌,-0.36338299935012025
舍得,shě de,to be willing to part with sth,5.0,v,舌,-0.6961430859748988
卷入,juǎn rù,to be drawn into ; to be involved in,7.0,v,㔾,0.07610752010649366
掀起,xiān qǐ,"(fig.) to trigger; set off (a wave of popularity, a controversy etc) ; (of a storm) to surge; to stir up (waves etc) ; to lift; to raise (a lid etc)",7.0,v,扌,0.5551987246366933
扫墓,sǎo mù,to sweep a grave (and pay one's respects to the dead person),7.0,v,扌,-0.9030115435831828
扫描,sǎo miáo,to scan,7.0,"vn,v",扌,0.053064274671209874
扫兴,sǎo xìng,to feel deflated; to be dispirited ; to spoil things; to dampen spirits,7.0,a,扌,-0.06967926092073677
扫除,sǎo chú,to clean with a brush ; to sweep ; to sweep away (often fig.),7.0,v,扌,0.3689117365291093
授予,shòu yǔ,to award ; to confer,7.0,v,扌,0.3294648248517591
授权,shòu quán,to authorize,7.0,"v,vn",扌,-1.0525973571715521
掉头,diào tóu,to turn about ; to turn one's head ; to turn round,7.0,v,扌,0.2069580793455306
掌握,zhǎng wò,"fluency ; to control ; to grasp (often fig.) ; to know well ; to master ; to seize (initiative, opportunity, destiny) ; to understand sth well and know how to use it",5.0,v,手,0.23701967467152796
掌管,zhǎng guǎn,in charge of ; to control,7.0,v,手,0.5572699370893222
掌声,zhǎng shēng,applause,6.0,n,手,-0.9731827825075786
掏钱,tāo qián,to fork out ; to pay ; to spend money,7.0,v,扌,0.2915801671022233
排列,pái liè,(math.) permutation ; to arrange in order,4.0,"v,vn",扌,-0.8122706279425458
排名,pái míng,"ranking ; to rank (1st, 2nd etc)",3.0,"v,vn",扌,-0.9867223165486505
排放,pái fàng,"(of animals) to ovulate; to discharge semen ; to arrange in order ; to emit; to discharge (exhaust gas, waste water etc)",7.0,"vn,v",扌,0.41667887637035333
排斥,pái chì,to eliminate ; to exclude ; to reject ; to remove ; to repel,7.0,"v,vn",扌,-0.23112395957950135
排球,pái qiú,volleyball,2.0,n,扌,-0.9468848413893451
排练,pái liàn,rehearsal ; to rehearse,7.0,"v,vn",扌,-0.6577376769160931
排除,pái chú,to eliminate ; to exclude ; to remove ; to rule out,5.0,"v,vn",扌,-0.7828481789686804
排队,pái duì,to line up,2.0,"v,vn",扌,-1.3556864119522885
挣扎,zhēng zhá,to struggle,7.0,"v,vn",扌,-0.8814003642483972
挣钱,zhèng qián,to make money,5.0,"v,vn",扌,0.8365228266864072
挂念,guà niàn,concerned,7.0,"v,vn",扌,-0.8314200313427478
挂号,guà hào,to register (at a hospital etc) ; to send by registered mail,7.0,v,扌,1.3675825598854001
挂钩,guà gōu,(fig.) (preceded by 与 + {entity}) to establish contact (with {entity}); (Tw) to collude (with {entity}) ; (fig.) to link (marketing efforts with production etc); to peg (welfare payments to inflation etc); to tie (remuneration to performance etc) ; hook (on which to hang sth); latch hook; coupling ; to couple; to link; to hook together,7.0,v,扌,2.2412376906630485
掠夺,lu:è duó,to plunder ; to rob,7.0,"v,vn",扌,0.06635522584210331
采取,cǎi qǔ,"to adopt or carry out (measures, policies, course of action) ; to take",3.0,v,釆,-0.7215297123019072
采用,cǎi yòng,to adopt ; to employ ; to use,3.0,v,釆,-0.5692099543398598
采矿,cǎi kuàng,mining,7.0,"vn,v",釆,0.2596723566248581
采纳,cǎi nà,to accept ; to adopt,6.0,"v,vn",釆,-0.6643772561093103
采访,cǎi fǎng,to cover ; to gather news ; to hunt for and collect ; to interview,4.0,"v,vn",釆,-0.5289937084830597
采购,cǎi gòu,to procure (for an enterprise etc) ; to purchase,5.0,"v,vn",釆,0.31358190991896406
采集,cǎi jí,to collect ; to gather ; to harvest,7.0,"v,vn",釆,0.7362899924360151
探望,tàn wàng,to call on sb ; to look around ; to visit,7.0,"v,vn",扌,-0.9105742303520841
探求,tàn qiú,to investigate ; to pursue ; to seek,7.0,"v,vn",扌,1.554508694345115
探测,tàn cè,to probe; to survey,7.0,"v,vn",扌,-0.8445572091174057
探索,tàn suǒ,to explore; to probe,6.0,"v,vn",扌,-0.4049129162645579
探亲,tàn qīn,to go home to visit one's family,7.0,"v,vn",扌,-0.26783692688317484
探讨,tàn tǎo,to investigate ; to probe,6.0,"v,vn",扌,-0.9185038950340242
探险,tàn xiǎn,adventure ; to explore ; to go on an expedition,7.0,"vn,v",扌,-0.882323471824081
接力,jiē lì,relay,7.0,"vn,v",扌,0.7000977764416146
接受,jiē shòu,to accept ; to receive,2.0,"v,vn",扌,-1.3761141080567545
接待,jiē dài,to admit (allow sb to enter) ; to receive (a visitor),3.0,"v,vn",扌,-0.9638092589406846
接手,jiē shǒu,catcher (baseball etc) ; to take over (duties etc),7.0,v,扌,-0.3149649203722854
接收,jiē shōu,reception (of transmitted signal) ; to accept ; to admit ; to expropriate ; to receive ; to take over (e.g. a factory),6.0,"v,vn",扌,-0.34906233834514117
接替,jiē tì,to replace ; to take over (a position or post),7.0,"v,vn",扌,0.07989475988317368
接济,jiē jì,to give material assistance to,7.0,v,扌,0.31489558097660153
接班,jiē bān,to succeed sb ; to take over (from those working the previous shift) ; to take over (in a leadership role etc),7.0,v,扌,0.04775015932008888
接纳,jiē nà,to admit (to membership),7.0,v,扌,-0.3482930041656913
接着,jiē zhe,after that ; in one's turn ; in turn ; subsequently ; then ; to carry on ; to catch and hold on ; to continue ; to ensue ; to follow ; to go on to do sth ; to proceed,2.0,"c,v",扌,0.1051394055984054
接见,jiē jiàn,to grant an interview ; to receive sb,7.0,"v,vn",扌,-0.7728237162651941
接触,jiē chù,access ; in touch with ; to contact ; to touch,5.0,"v,vn",扌,-0.6310609651003632
接近,jiē jìn,to approach ; to get close to,3.0,"v,vn",扌,-1.0476620125179275
接送,jiē sòng,to pick up and drop off; to ferry back and forth,7.0,v,扌,-0.567268929714549
接通,jiē tōng,to connect ; to put through,7.0,v,扌,-0.08829612022721
接连,jiē lián,in a row ; in succession ; on end,5.0,d,扌,0.8831300688662477
控制,kòng zhì,to control,5.0,"v,vn",扌,-1.2766506079858113
控告,kòng gào,to accuse ; to charge ; to indict,7.0,"v,vn",扌,-0.7638407561802536
推出,tuī chū,to launch ; to publish ; to push out ; to recommend ; to release,6.0,v,扌,0.3910200816042492
推动,tuī dòng,to push (e.g. for acceptance of a plan); to promote; to give impetus to,3.0,"v,vn",扌,-1.0111976280844324
推卸,tuī xiè,to avoid (esp. responsibility); to shift (the blame); to pass the buck,7.0,v,扌,0.23912626547753144
推广,tuī guǎng,generalization ; promotion (of a product etc) ; to extend ; to popularize ; to spread,3.0,"v,vn",扌,-0.7328678460630297
推敲,tuī qiāo,to think over,7.0,v,扌,0.367740046083247
推断,tuī duàn,to deduce ; to extrapolate ; to infer ; to predict,7.0,"v,vn",扌,-0.014751790577003949
推测,tuī cè,speculation ; to conjecture ; to speculate ; to surmise,7.0,"v,vn",扌,-0.8588778701223848
推理,tuī lǐ,inference ; reasoning ; to deduce ; to infer,7.0,"vn,v",扌,0.031311114724646316
推算,tuī suàn,to calculate ; to extrapolate (in calculation) ; to reckon,7.0,"v,vn",扌,0.6054512259814371
推翻,tuī fān,to overthrow,7.0,v,扌,0.35472126335144816
推荐,tuī jiàn,recommendation ; to recommend,7.0,"v,vn",扌,-0.38046119029769215
推行,tuī xíng,to carry out ; to put into effect,5.0,"v,vn",扌,0.7558063737492551
推辞,tuī cí,"to decline (an appointment, invitation etc)",7.0,v,扌,-0.28214579510369514
推进,tuī jìn,to advance ; to carry forward ; to drive forward ; to impel ; to push on,3.0,"v,vn",扌,0.6015455911618965
推迟,tuī chí,to defer ; to postpone ; to put off,4.0,v,扌,0.5044254719826778
推选,tuī xuǎn,to choose ; to elect,7.0,v,扌,2.294224136381469
推销,tuī xiāo,to market ; to sell,4.0,"v,vn",扌,-0.4068775264587862
推开,tuī kāi,to decline ; to push away ; to push open (a gate etc) ; to reject,3.0,v,扌,-0.37835459949168865
掩盖,yǎn gài,to conceal ; to cover up ; to hide behind,7.0,"v,vn",扌,0.20408215436007715
掩护,yǎn hù,cover ; protection ; to cover ; to screen ; to shield,7.0,"v,vn",扌,-0.1687639902941852
掩饰,yǎn shì,to conceal ; to cover up ; to gloss over ; to mask,7.0,"v,vn",扌,-0.4886236892300255
措施,cuò shī,measure ; step,4.0,n,扌,-0.6943204563924472
描写,miáo xiě,description ; to depict ; to describe ; to portray,4.0,"v,vn",扌,-1.4841700047306845
描绘,miáo huì,to describe ; to portray,7.0,"v,vn",扌,1.987122844522792
描述,miáo shù,description ; to describe,4.0,"v,vn",扌,-0.6656791343824905
提交,tí jiāo,to refer (a problem) to sb ; to submit (a report etc),6.0,v,扌,-0.9412867648146723
提供,tí gōng,to furnish ; to offer ; to provide ; to supply,4.0,v,扌,-1.0246069742981847
提倡,tí chàng,to advocate ; to promote,5.0,"v,vn",扌,-0.26575392164608597
提出,tí chū,to post (on a website) ; to propose ; to put forward ; to raise (an issue) ; to suggest ; to withdraw (cash),2.0,v,扌,-0.9851600626208346
提到,tí dào,to mention ; to raise (a subject) ; to refer to,2.0,v,扌,-1.0020844801721724
提前,tí qián,in advance ; to do sth ahead of time ; to shift to an earlier date,3.0,"v,vn",扌,-0.8807494251118078
提升,tí shēng,(fig.) to elevate; to raise; to improve ; to lift; to hoist ; to promote (to a higher-ranking position),6.0,"v,vn",扌,-0.5800391295761695
提名,tí míng,to nominate,7.0,"v,vn",扌,-0.3649570460623935
提问,tí wèn,to question; to quiz; to grill,3.0,"vn,v",扌,-1.2413697067826357
提拔,tí bá,to promote to a higher job ; to select for promotion,7.0,v,扌,0.7779500971777722
提早,tí zǎo,ahead of schedule ; sooner than planned ; to bring forward (to an earlier time),7.0,"d,v",扌,-0.6509679098955564
提炼,tí liàn,"to extract (ore, minerals etc) ; to process ; to purify ; to refine",7.0,"v,vn",扌,0.7493205679522729
提示,tí shì,notice ; reminder ; suggestion ; tip ; to point out ; to remind (sb of sth) ; to suggest,5.0,"v,vn",扌,-0.8767371880338655
提议,tí yì,proposal ; suggestion ; to propose ; to suggest,7.0,"n,v,vn",扌,-0.22280373141560755
提起,tí qǐ,"to arouse ; to lift ; to mention ; to pick up ; to raise (a topic, a heavy weight, one's fist, one's spirits etc) ; to speak of",5.0,v,扌,-0.08674565908385139
提醒,tí xǐng,to call attention to ; to remind ; to warn of,4.0,"v,vn",扌,-0.9595130606391904
提防,dī fang,Taiwan pr. [tí fáng] ; to be vigilant ; to guard against ; watch you don't (slip),7.0,v,扌,-0.7102033713252421
提高,tí gāo,to improve ; to increase ; to raise,2.0,"v,vn",扌,-0.5593274722481516
插嘴,chā zuǐ,to butt in ; to cut into a conversation ; to interrupt (sb talking),7.0,v,扌,-0.643417015911114
插图,chā tú,illustration,7.0,n,扌,0.6852563641273641
插手,chā shǒu,interference ; to get involved in ; to meddle,7.0,v,扌,-0.5805480881009837
换取,huàn qǔ,to exchange (sth) for (sth else) ; to obtain (sth) in exchange,7.0,v,扌,-0.11578933736022193
换成,huàn chéng,to convert into ; to exchange (sth) for (sth else) ; to replace with,7.0,v,扌,-0.6202435826485123
握手,wò shǒu,to shake hands,3.0,"v,vn",扌,-1.2008812924867411
揣摩,chuǎi mó,to analyze ; to try to fathom ; to try to figure out,7.0,v,扌,1.4057040077206544
揣测,chuǎi cè,to conjecture ; to guess,7.0,v,扌,-0.17578234018489733
揭晓,jiē xiǎo,to announce publicly ; to disclose ; to make known ; to publish,7.0,"v,vn",扌,-0.1721488738044528
揭发,jiē fā,revelation ; to bring to light ; to disclose ; to expose,7.0,v,扌,-0.30038388371267205
揭示,jiē shì,to make known ; to show,7.0,v,扌,-0.6173794504475162
揭露,jiē lù,disclosure ; to disclose ; to expose ; to ferret out ; to unmask,7.0,"v,vn",扌,0.8077631096335911
援助,yuán zhù,aid ; assistance ; to aid ; to help ; to support,6.0,"vn,v",扌,-1.1937209619842524
损伤,sǔn shāng,disability ; impairment ; loss ; to damage ; to harm ; to injure,7.0,"vn,v",扌,0.6023385109102625
损坏,sǔn huài,to damage ; to injure,7.0,"v,vn",扌,0.1589069782807347
损失,sǔn shī,damage ; loss ; to lose ; to suffer damage,5.0,"n,v",扌,-0.574938218741852
损害,sǔn hài,harm ; to damage ; to impair,5.0,"v,vn",扌,1.1611994752330133
搏斗,bó dòu,to wrestle; to fight; to struggle,7.0,v,扌,1.789225554214991
摇摆,yáo bǎi,to sway ; to waver ; to wobble,7.0,"v,vn",扌,-0.690024258090953
摇晃,yáo huàng,to rock; to shake; to sway,7.0,v,扌,-0.7681369544817463
摇滚,yáo gǔn,rock 'n' roll (music) ; to fall off ; to rock,7.0,"n,v",扌,-0.5189692457795747
摇篮,yáo lán,cradle,7.0,n,扌,0.16697862357445006
摇头,yáo tóu,to shake one's head,5.0,v,扌,-0.2979103149936296
捣乱,dǎo luàn,to bother sb intentionally ; to disturb ; to look for trouble ; to stir up a row,7.0,v,扌,0.5118579709242612
搜寻,sōu xún,to look for ; to search,7.0,"v,vn",扌,-0.5934366830054647
搜救,sōu jiù,search and rescue,7.0,,扌,-0.08140795816381426
搜查,sōu chá,to search,7.0,"v,vn",扌,-1.0833216844185976
搜索,sōu suǒ,to search (a database) ; to search (a place) ; to search for (sth),5.0,"v,vn",扌,-0.8248988471923896
搜集,sōu jí,to collect ; to gather,7.0,"v,vn",扌,-0.1882803716074247
搞鬼,gǎo guǐ,to make mischief ; to play tricks,7.0,v,扌,0.07390611982654571
搬家,bān jiā,to move house; to relocate ; to remove (sth),3.0,"v,vn",扌,-0.8226974469124416
搬迁,bān qiān,removal ; to move ; to relocate,7.0,"v,vn",扌,-0.7730840919198313
搭乘,dā chéng,"to ride as a passenger ; to travel by (car, plane etc)",7.0,v,扌,1.417278931567498
搭建,dā jiàn,to build (esp. with simple materials) ; to knock together (a temporary shed) ; to rig up,7.0,v,扌,0.5451860547176657
搭配,dā pèi,to add sth into a group ; to arrange in pairs ; to match ; to pair up,6.0,"v,vn",扌,-0.12697369772511033
抢劫,qiǎng jié,looting ; to rob,7.0,"v,vn",扌,-0.7018713503768911
抢夺,qiǎng duó,to forcibly take ; to pillage ; to plunder,7.0,v,扌,0.40627564296937213
抢救,qiǎng jiù,to rescue,5.0,"v,vn",扌,-1.1818738696983158
抢眼,qiǎng yǎn,eye-catching,7.0,"a,v",扌,0.4838440024819752
摔倒,shuāi dǎo,to fall down ; to slip and fall ; to throw sb to the ground,5.0,v,扌,-0.4663615707586489
摔跤,shuāi jiāo,to trip and fall ; to wrestle ; wrestling (sports),7.0,"vn,v",扌,0.6634083947068574
摧毁,cuī huǐ,to destroy; to wreck,7.0,v,扌,-0.7883160677160355
摩擦,mó cā,also written 磨擦 ; chafing ; conflict ; fig. disharmony ; friction ; rubbing,5.0,"vn,v",手,-0.21861413537251664
摸索,mō suo,to do things slowly ; to feel about ; to fumble ; to grope about,7.0,"v,vn",扌,-0.42600334429007214
撒谎,sā huǎng,to tell lies,7.0,v,扌,-1.2364225693445523
撞击,zhuàng jī,to hit ; to ram ; to strike,7.0,"v,vn",扌,-0.4115524954577752
撤换,chè huàn,to dismiss and replace (sb) ; to replace (sb or sth),7.0,v,扌,1.4314811975296164
撤销,chè xiāo,(computing) to undo ; to repeal ; to revoke,6.0,"v,vn",扌,0.8000938206062882
撤离,chè lí,to evacuate ; to withdraw from,6.0,v,扌,-0.05965479821725186
拨款,bō kuǎn,appropriation ; to allocate funds,7.0,"v,vn",扌,0.05321804806744384
抚摸,fǔ mō,to fondle ; to gently caress and stroke ; to pet,7.0,v,扌,-0.33083604252062304
抚养,fǔ yǎng,to bring up ; to foster ; to raise,7.0,"v,vn",扌,0.08406077035734993
播出,bō chū,to air (a TV program etc) ; to broadcast,3.0,"v,vn",扌,-1.0484313466973771
播放,bō fàng,to broadcast; to transmit (by radio or TV),3.0,"v,vn",扌,-1.426508590013275
撰写,zhuàn xiě,to compose ; to write,7.0,v,扌,-0.1033979081960963
扑克,pū kè,playing cards ; poker (game) (loanword),7.0,n,扌,0.7253778005102199
拥抱,yōng bào,to embrace ; to hug,5.0,"v,vn",扌,-0.8750329534942743
拥挤,yōng jǐ,congestion ; crowded ; to throng,7.0,"a,v",扌,-0.24660451824588395
拥有,yōng yǒu,to have; to possess,5.0,v,扌,-0.8444388140745467
拥护,yōng hù,to endorse; to support,7.0,"v,vn",扌,-0.3515359070641822
擅自,shàn zì,without permission,7.0,d,扌,0.1409528508953111
擅长,shàn cháng,to be good at; to be expert in,7.0,v,扌,-0.8982063867568759
操作,cāo zuò,to manipulate ; to operate ; to work,4.0,"v,vn",扌,0.3027527346826532
操劳,cāo láo,to look after ; to work hard,7.0,"v,vn",扌,-0.15508247564133817
操场,cāo chǎng,drill ground ; playground ; sports field,4.0,n,扌,-0.39477005851821395
操心,cāo xīn,to worry about,7.0,v,扌,0.5211013066638375
操纵,cāo zòng,to control ; to manipulate ; to operate ; to rig,6.0,"v,vn",扌,0.8275398666014667
担任,dān rèn,to assume office of ; to hold a governmental office or post ; to serve as ; to take charge of,4.0,v,扌,0.24533990283542056
担保,dān bǎo,to guarantee ; to vouch for,4.0,"vn,v",扌,-0.7486205731685068
担子,dàn zi,burden ; carrying pole and the loads on it ; responsibility ; task,7.0,n,扌,2.2874661621453924
担心,dān xīn,anxious ; to be anxious ; to worry ; uneasy ; worried,4.0,"v,vn",扌,-1.4843119853424611
担忧,dān yōu,to be concerned ; to worry,6.0,"v,vn",扌,-0.9362094395492708
担当,dān dāng,to assume ; to take upon oneself,7.0,v,扌,0.25822849773990153
据悉,jù xī,according to reports ; it is reported (that),7.0,v,扌,-0.4966953345237409
据说,jù shuō,it is said that; reportedly,3.0,v,扌,-1.0628821955296741
挤压,jǐ yā,to extrude ; to press ; to squeeze,7.0,"v,vn",扌,0.7860453280404037
拟定,nǐ dìng,to draft ; to draw up ; to formulate,7.0,v,扌,-0.4908368822944308
搁浅,gē qiǎn,fig. to run into difficulties and stop ; to be stranded (of ship) ; to run aground,7.0,v,扌,1.0960107521000768
搁置,gē zhì,to set aside ; to shelve,7.0,v,扌,-0.23228385724090486
扩大,kuò dà,to broaden one's scope ; to enlarge ; to expand,4.0,"v,vn",扌,-0.25716152504309914
扩展,kuò zhǎn,expansion ; extension ; to expand ; to extend,4.0,"v,vn",扌,0.6249911928635926
扩建,kuò jiàn,"to extend (a building, an airport runway etc)",7.0,"v,vn",扌,0.3905229158638951
扩张,kuò zhāng,dilation ; expansion ; to broaden ; to expand (e.g. one's power or influence),7.0,"v,vn",扌,-0.9311321142838694
扩散,kuò sàn,to spread; to proliferate; to diffuse,7.0,"v,vn",扌,-0.6703658961659368
摆动,bǎi dòng,to move back and forth ; to oscillate ; to sway ; to swing,4.0,v,扌,-0.4896769846330272
摆平,bǎi píng,to be fair ; to be impartial ; to settle (a matter etc),7.0,v,扌,0.27568545938497097
摆放,bǎi fàng,to set up; to arrange; to lay out,7.0,"v,vn",扌,-0.7879372970185391
摆脱,bǎi tuō,to break away (from) ; to break away from ; to break out (of) ; to cast off (old ideas etc) ; to extricate oneself ; to free oneself from ; to get rid of,4.0,v,扌,-0.5496817802421615
摆设,bǎi she | bǎi shè,(fig.) sth that is merely for show ; decorative item ; ornament ; to display ; to furnish (a room or house) ; to set out,7.0,"n,v",扌,0.4507880871276665
扰乱,rǎo luàn,to disturb ; to harass ; to perturb,7.0,v,扌,-0.1678644682874174
攀升,pān shēng,(of prices etc) to rise ; to clamber up,7.0,v,手,0.08523246080321079
携带,xié dài,Taiwan pr. [xī dài] ; to carry (on one's person) ; to support (old),7.0,v,扌,0.4773346111160757
携手,xié shǒu,hand in hand ; to collaborate ; to join hands,7.0,v,扌,0.00945135251968334
摄像,shè xiàng,to videotape,5.0,"v,vn,n",扌,1.273977512043767
摄影,shè yǐng,photography ; to shoot (a movie) ; to take a photograph,5.0,"v,vn",扌,-0.7903990729531228
搅拌,jiǎo bàn,to agitate ; to stir,7.0,"v,vn",扌,0.07572874940899886
支付,zhī fù,to pay (money),3.0,"v,vn",支,-0.7889787996370835
支出,zhī chū,expenses; expenditure ; to spend; to pay out,5.0,"n,vn,v",支,0.27529489590301737
支持,zhī chí,backing ; support ; to back ; to be in favor of ; to stand by ; to support,3.0,"v,vn",支,-0.12620436354566042
支援,zhī yuán,to back ; to provide assistance ; to support,6.0,"v,vn",支,-0.635357163401856
支撑,zhī chēng,brace ; strut ; to prop up ; to support,6.0,"v,vn",支,-0.3816092951746384
支柱,zhī zhù,backbone ; mainstay ; pillar ; prop,7.0,n,支,-0.042363402752874944
支票,zhī piào,check (bank) ; cheque,7.0,n,支,-0.77817320996969
支配,zhī pèi,to allocate ; to control ; to dominate,5.0,"v,vn",支,0.1430240633479397
收入,shōu rù,income ; revenue ; to take in,2.0,"n,v",攵,-0.7926122660175297
收到,shōu dào,to receive,2.0,v,攵,-1.5417130244052366
收取,shōu qǔ,to collect ; to receive,6.0,"v,vn",攵,0.23143339088131237
收回,shōu huí,to regain ; to retake ; to revoke ; to take back ; to withdraw,4.0,"v,vn",攵,-0.2669256120919483
收拾,shōu shi,(coll.) to sort sb out ; to fix sb ; to pack ; to put in order ; to repair ; to tidy up,5.0,v,攵,-1.2762600445038577
收据,shōu jù,receipt,7.0,n,攵,-0.9819053669378848
收支,shōu zhī,cash flow ; financial balance ; income and expenditure,7.0,n,攵,2.2753233158514456
收敛,shōu liǎn,"(math.) to converge ; to astringe ; to curb (one's mirth, arrogance etc) ; to dwindle ; to exercise restraint ; to make vanish ; to vanish",7.0,"v,vn",攵,-0.5811872344531157
收留,shōu liú,to offer shelter; to have sb in one's care,7.0,v,攵,-1.0479105953881043
收益,shōu yì,earnings ; profit,4.0,n,攵,-0.09572861916879331
收看,shōu kàn,to watch (a TV program),3.0,"v,vn",攵,-0.7361225417459794
收缩,shōu suō,(physiology) systole ; to contract ; to pull back ; to shrink,7.0,"v,vn",攵,-0.4541357077752161
收听,shōu tīng,to listen to (a radio broadcast),3.0,"v,vn",攵,-0.6294869183880886
收藏,shōu cáng,"a collection ; to collect (works of art, dolls, antiques etc); to put away for safekeeping; (Internet) to bookmark",6.0,"v,vn",攵,-0.9575602432294208
收买,shōu mǎi,to bribe ; to purchase,7.0,"v,vn",攵,-1.2939655890191042
收费,shōu fèi,to charge a fee,3.0,"vn,v",攵,-1.4475872252543305
收购,shōu gòu,to acquire (a company) ; to purchase (from various places),5.0,"v,vn",攵,-0.33242188201735506
收集,shōu jí,to collect ; to gather,5.0,"v,vn",攵,0.039796909069234075
收养,shōu yǎng,"adoption ; to adopt (a child) ; to take in and care for (an elderly person, a dog etc)",6.0,"v,vn",攵,-1.0312465534914022
改动,gǎi dòng,to alter ; to modify ; to revise,7.0,"v,vn",攵,0.671219664345937
改名,gǎi míng,to change one's name,7.0,v,攵,-0.3358067655276226
改善,gǎi shàn,to make better; to improve,4.0,"v,vn",攵,-0.9207170880984296
改日,gǎi rì,another day ; some other day,7.0,d,攵,4.759248097156379
改正,gǎi zhèng,correction ; to amend ; to correct ; to put right,4.0,"v,vn",攵,-0.5357752682880536
改为,gǎi wéi,to change into,7.0,v,攵,-0.13021660062360124
改版,gǎi bǎn,revised edition ; to revise the current edition,7.0,v,攵,2.8223961518105503
改编,gǎi biān,to adapt ; to rearrange ; to revise,7.0,"v,vn",攵,0.24445217361311128
改良,gǎi liáng,to improve (sth) ; to reform (a system),7.0,"v,vn",攵,-0.015012166231639687
改装,gǎi zhuāng,to change one's costume ; to convert ; to modify ; to refit ; to remodel ; to repackage,6.0,"v,vn",攵,1.458690453439075
改变,gǎi biàn,to alter ; to change ; to transform,2.0,"v,vn",攵,-1.4279288633293143
改造,gǎi zào,to reform ; to remodel ; to remold ; to transform,3.0,"v,vn",攵,0.5773424480652093
改进,gǎi jìn,improvement ; to improve; to make better,3.0,"v,vn",攵,0.26580297729326124
改革,gǎi gé,reform ; to reform,5.0,"vn,v",攵,-0.8068027391951893
攻击,gōng jī,an attack (terrorist or military) ; to accuse ; to attack ; to charge,6.0,"v,vn",攵,-0.819040394963081
攻读,gōng dú,to major (in a field) ; to study a specialty to obtain a higher degree,7.0,v,攵,3.1631925053756698
放下,fàng xià,to lay down ; to let go of ; to lower (the blinds etc) ; to put down ; to relinquish ; to set aside,2.0,v,攵,-0.5589369087661965
放假,fàng jià,to have a holiday or vacation,1.0,v,攵,-0.471580876635827
放大,fàng dà,to enlarge ; to magnify,5.0,"v,vn",攵,-0.29934238109412764
放学,fàng xué,to dismiss students at the end of the school day,1.0,v,攵,-1.0967310306323501
放心,fàng xīn,to be at ease ; to feel reassured ; to feel relieved,2.0,"v,vn",攵,-1.1697664017577418
放映,fàng yìng,to screen ; to show (a movie),7.0,"v,vn",攵,-0.503465101544276
放弃,fàng qì,to renounce; to abandon; to give up,5.0,v,攵,-1.215722704800993
放水,fàng shuǐ,(sports) to throw a game ; to let water out ; to turn on the water,7.0,v,攵,0.6606508647642645
放纵,fàng zòng,boorish ; indulgent ; permissive ; self-indulgent ; to connive at ; to indulge ; to pamper ; uncultured ; undisciplined ; unrestrained,7.0,"v,vn",攵,-0.7103453519370174
放置,fàng zhì,to put,7.0,"v,vn",攵,0.002681585499148173
放肆,fàng sì,impudent ; presumptuous ; unbridled ; wanton,7.0,"a,an",攵,-0.369904183500477
放过,fàng guò,to let off ; to let sb get away with sth ; to let slip by,7.0,v,攵,-0.6612645410381358
放松,fàng sōng,to relax; to slacken; to loosen,4.0,"v,vn,a",攵,-0.04912137698895281
政府,zhèng fǔ,government,4.0,n,攵,-0.9077100981510895
政权,zhèng quán,political power ; regime,6.0,n,攵,-0.06799861195006177
政治,zhèng zhì,political ; politics,4.0,n,攵,-0.9090001836398108
政策,zhèng cè,policy,6.0,n,攵,-1.004037297581942
政党,zhèng dǎng,political party,6.0,n,攵,-0.6509679098955564
故事,gù shi | gù shì,narrative; story; tale ; old practice,2.0,n,攵,-1.8684844709733879
故意,gù yì,deliberately; on purpose,2.0,"d,b",攵,-1.3555444313405116
故乡,gù xiāng,home ; homeland ; native place,3.0,n,攵,-0.7937957492478492
故障,gù zhàng,breakdown ; bug (in software) ; defect ; error ; failure ; fault ; impediment ; malfunction ; shortcoming,6.0,n,攵,-1.1547948016161735
效力,xiào lì,effectiveness ; positive effect ; to serve (in some capacity),7.0,"n,v",攵,0.7242891267538435
效应,xiào yìng,effect (scientific phenomenon),7.0,n,攵,-0.037274284703016254
效果,xiào guǒ,(theater) sound or visual effects ; effect ; efficacy ; result,3.0,n,攵,-0.32120214329909175
效率,xiào lǜ,efficiency,4.0,n,攵,-0.17320216920745454
效益,xiào yì,benefit ; effectiveness ; efficiency,7.0,n,攵,0.46538091657173863
敏感,mǐn gǎn,sensitive ; susceptible,5.0,"a,an",攵,-0.857978348115617
敏捷,mǐn jié,nimble ; quick ; shrewd,7.0,"a,an,ad",攵,-0.6139945669372486
敏锐,mǐn ruì,keen; sharp; acute,7.0,"a,an,ad",攵,-0.3406001295694722
救助,jiù zhù,aid ; assistance ; to help sb in trouble,6.0,"v,vn",攵,0.04228227057273384
救命,jiù mìng,(interj.) Help! ; Save me! ; to save sb's life,6.0,"v,vn",攵,-1.1339765420297538
救援,jiù yuán,to assist ; to help ; to save ; to support,6.0,"vn,v",攵,-0.28123448031246856
救治,jiù zhì,to provide critical care (to a patient or a diseased plant),7.0,"v,vn",攵,0.6809483730414115
救济,jiù jì,emergency relief ; to help the needy with cash or goods,7.0,"n,vn,v",攵,-0.5295026670078739
救灾,jiù zāi,to help disaster victims ; to relieve disaster,5.0,"vn,v",攵,0.11906950312143084
叙述,xù shù,account ; narration ; narrative ; telling ; to recount ; to relate (a story or information) ; to tell or talk about,7.0,"v,vn",又,0.24264133681511846
教堂,jiào táng,chapel ; church,6.0,n,攵,-0.04560630565136735
教学,jiào xué | jiāo xué,instruction ; teaching ; to teach (as a professor),2.0,"vn,n,v",攵,-0.8269818524294784
教室,jiào shì,classroom,2.0,n,攵,-0.498920320372605
教师,jiào shī,teacher,2.0,n,攵,-1.2905807055088365
教授,jiào shòu,professor ; to instruct ; to lecture on,4.0,"n,v",攵,-1.1476344711136848
教材,jiào cái,teaching material,3.0,n,攵,-0.8462496508725396
教条,jiào tiáo,creed ; doctrine ; dogma ; dogmatic,7.0,"n,v",攵,6.355327274506006
教练,jiào liàn,instructor ; sports coach ; trainer,3.0,n,攵,-0.7440757919968357
教育,jiào yù,education ; to educate ; to teach,2.0,"vn,v",攵,-1.7204609113128353
教训,jiào xun,a bitter lesson ; a talking-to ; to lecture sb ; to provide guidance ; to upbraid,4.0,"n,v",攵,-1.2789939888775343
教养,jiào yǎng,to educate; to bring up; to nurture ; upbringing; breeding; culture,7.0,"n,v",攵,-0.834402558586603
敞开,chǎng kāi,to open wide ; unrestrictedly,7.0,v,攵,1.417657702264993
敢于,gǎn yú,bold in ; to dare to ; to have the courage to do sth,6.0,v,攵,0.6385189341202058
散布,sàn bù,to disseminate,7.0,v,攵,1.6196144007885696
散文,sǎn wén,essay ; prose,5.0,n,攵,0.2595657543664563
散步,sàn bù,to take a walk; to go for a walk,3.0,"v,vn",攵,-1.4619078862593096
散发,sàn fā,to distribute ; to emit ; to issue,7.0,v,攵,0.5234328947711032
敦促,dūn cù,to hasten ; to press ; to urge,7.0,v,攵,3.6826537291589045
敦厚,dūn hòu,genuine ; honest and sincere,7.0,a,攵,2.3728339985126192
敬佩,jìng pèi,to admire ; to esteem,7.0,"v,vn",攵,-0.7496502830025924
敬意,jìng yì,respect; esteem; high regard,7.0,n,攵,-0.9156397628330281
敬爱,jìng ài,to respect and love; to hold in high esteem,7.0,v,攵,0.6676928002238927
敬礼,jìng lǐ,salute ; to salute,7.0,"v,vn",攵,-0.31262153948056226
敬请,jìng qǐng,please (do sth) (deferential form),7.0,v,攵,-0.011094738627641803
敬酒,jìng jiǔ,to toast; to propose a toast,7.0,v,攵,0.1434146268298948
敬重,jìng zhòng,to esteem ; to respect deeply ; to revere,7.0,"v,vn",攵,-0.046908183924547535
敲诈,qiāo zhà,blackmail ; extortion ; to extort (money) ; to rip off,7.0,"v,vn",攴,-0.15066788229698494
敲门,qiāo mén,to knock on a door,5.0,v,攴,-0.7984707182468382
整个,zhěng gè,entire ; total ; whole,3.0,"b,m,n",攵,-0.7776406658759597
整合,zhěng hé,to conform ; to integrate,7.0,"v,vn",攵,-0.02036165993613561
整天,zhěng tiān,all day long ; whole day,3.0,d,攵,-0.3695136200185234
整数,zhěng shù,integer (math.) ; round figure ; whole number,7.0,n,攵,0.27050153186116777
整治,zhěng zhì,(coll.) to fix (a person) ; to bring under control ; to prepare (a meal etc) ; to regulate ; to restore to good condition,6.0,"v,vn",攵,2.7031205164183567
整洁,zhěng jié,neatly ; tidy,7.0,"a,an",攵,-0.8374086713993758
整理,zhěng lǐ,"to arrange ; to collate (data, files) ; to list systematically ; to pack (luggage) ; to sort out ; to straighten out ; to tidy up",3.0,"v,vn",攵,-1.4056667448579376
整顿,zhěng dùn,to consolidate ; to rectify ; to reorganize ; to tidy up,6.0,"v,vn",攵,0.5429610688688016
整体,zhěng tǐ,"as a whole (situation, construction, team etc) ; entire body ; global ; holistic ; integral ; macrocosm ; synthesis ; whole ; whole entity",3.0,n,攵,0.5342266916540369
整齐,zhěng qí,even ; neat ; orderly ; tidy,3.0,"a,ad",攵,-0.7576153260379062
敌人,dí rén,enemy,4.0,n,舌,-1.1469953247615527
数字,shù zì,amount ; digit ; digital (electronics etc) ; figure ; number ; numeral,2.0,n,攵,-0.7637105683529357
数据,shù jù,data,4.0,n,攵,-1.2566016825788413
数目,shù mù,amount ; number,5.0,n,攵,0.6818714806170966
数码,shù mǎ,amount ; digital ; figures ; number ; numerals ; numerical code,4.0,n,攵,-0.3952790170430266
数量,shù liàng,amount ; quantitative ; quantity,3.0,n,攵,-1.0859372337494153
数额,shù é,amount ; fixed number ; sum of money,7.0,n,攵,5.6049246378451185
文人,wén rén,literati ; scholar,7.0,"n,nr",文,1.857680765815337
文件,wén jiàn,document ; file,3.0,n,文,-0.9402452621961278
文具,wén jù,"item of stationery (pen, pencil, eraser, pencil sharpener etc) ; stationery",7.0,n,文,-1.3312111004165066
文化,wén huà,civilization ; cultural ; culture,3.0,n,文,-1.0045698416756723
文字,wén zì,character ; phraseology ; script ; writing ; writing style ; written language,3.0,n,文,-1.0885409902957757
文学,wén xué,literature,3.0,n,文,-0.34674254302233265
文凭,wén píng,diploma,7.0,n,文,-0.1373769311260915
文明,wén míng,civilization ; civilized ; culture,3.0,"n,a,ad",文,-0.8519897080589891
文物,wén wù,cultural relic ; historical relic,7.0,n,文,-0.05914583969243772
文献,wén xiàn,document,7.0,n,文,-0.044316220162645956
文盲,wén máng,illiterate,7.0,n,文,-0.5171348234126643
文科,wén kē,humanities ; liberal arts,7.0,n,文,-0.7974292156282937
文章,wén zhāng,article ; essay ; hidden meaning ; literary works ; writings,3.0,n,文,-1.0545619673657805
文艺,wén yì,literature and art,5.0,n,文,0.015854141627181052
文雅,wén yǎ,elegant ; refined,7.0,a,文,-0.369904183500477
斑点,bān diǎn,speckle ; spot ; stain,7.0,n,文,1.0437936405611048
料理,liào lǐ,art of cooking ; cuisine ; to arrange ; to cook ; to handle,7.0,"v,vn",斗,0.5160121886139787
斧子,fǔ zi,axe ; hatchet,7.0,n,斤,2.5153660838568985
新人,xīn rén,"(paleoanthropology) Homo sapiens ; bride and groom ; fresh talent ; newcomer ; newlywed, esp. new bride",6.0,n,斤,-0.8247686593650717
新型,xīn xíng,new type; new kind,4.0,b,斤,1.9279939853515093
新奇,xīn qí,novel; new; exotic,7.0,a,斤,-0.6436773915657498
新娘,xīn niáng,bride,4.0,n,斤,-1.202443546414557
新年,xīn nián,New Year,1.0,t,斤,-0.7676279959569337
新式,xīn shì,latest type ; new style,7.0,a,斤,1.2072977588880396
新手,xīn shǒu,new hand ; novice ; raw recruit,7.0,n,斤,-0.8099390398352799
新潮,xīn cháo,fashionable ; modern,7.0,n,斤,0.5597670913772804
新生,xīn shēng,emerging ; nascent ; new ; new life ; new student ; newborn ; rebirth ; regeneration,7.0,"n,nr,v",斤,-0.38746774740394846
新颖,xīn yǐng,fig. new and original ; lit. new bud,7.0,a,斤,-0.35505097840176914
新闻,xīn wén,news,2.0,n,斤,-1.4664644602154395
新兴,Xīn xīng | xīn xīng,"(of markets, industries, infectious diseases etc) rising ; Xinxing county in Yunfu 云浮, Guangdong ; Xinxing or Hsinhsing district of Kaohsiung city 市, south Taiwan ; emerging ; in the ascendant",6.0,b,斤,3.0203882515922955
新郎,xīn láng,bridegroom ; groom,4.0,n,斤,-0.470148810535329
新鲜,xīn xiān,"fresh (experience, food etc) ; freshness ; novel ; uncommon",4.0,a,斤,-1.38548763162365
断定,duàn dìng,to come to a judgment ; to conclude ; to determine,7.0,v,斤,-0.10808466997954401
断裂,duàn liè,fracture ; rupture ; to break apart,7.0,"v,vn",斤,0.8103668661799516
方便,fāng biàn,(euphemism) to relieve oneself ; convenient ; having money to spare ; suitable ; to facilitate ; to make things easy,2.0,"v,a,an",方,-1.5467903496706379
方向,fāng xiàng,direction; orientation,2.0,n,方,-1.3918668351622316
方式,fāng shì,way; manner; style; mode; pattern,3.0,n,方,0.7841991128890344
方案,fāng àn,plan ; program (for action etc) ; proposal ; proposed bill,4.0,n,方,-0.19856520996554536
方法,fāng fǎ,means ; method ; way,2.0,n,方,-1.5305168712558894
方言,Fāng yán | fāng yán,"dialect ; the first Chinese dialect dictionary, edited by Yang Xiong 扬雄 in 1st century, containing over 9000 characters ; topolect",7.0,n,方,0.13860947000358648
方针,fāng zhēn,guidelines ; policy,4.0,n,方,1.2066350269669914
方面,fāng miàn,aspect ; field ; respect ; side,2.0,n,方,-1.3452595929823912
于是,yú shì,thereupon; as a result; consequently; thus; hence,4.0,cc,二,-1.1270765871819006
施工,shī gōng,construction ; to carry out construction or large-scale repairs,7.0,"v,vn",方,0.07481743461777227
施行,shī xíng,to put in place ; to put into practice ; to take effect,7.0,v,方,1.2804633178407492
旁观,páng guān,non-participant ; spectator,7.0,v,方,-0.9972675305614068
旁边,páng biān,side; adjacent place,1.0,f,方,-0.5128622106800877
旅客,lǚ kè,traveler; tourist,2.0,n,方,-0.7815463006955002
旅店,lǚ diàn,inn ; small hotel,6.0,n,方,0.7089387559147788
旅程,lǚ chéng,journey ; trip,7.0,n,方,-0.4711903131538719
旅行,lǚ xíng,journey; trip ; to travel,2.0,"v,vn",方,-0.912527047761855
旅途,lǚ tú,journey ; trip,7.0,n,方,-0.6722003185328472
旅游,lǚ yóu,journey ; to travel ; tour ; tourism ; travel ; trip,2.0,"vn,v",方,-1.164168325183069
旅馆,lǚ guǎn,hotel,3.0,n,方,-0.6974567570325378
旋律,xuán lǜ,melody,7.0,n,方,-0.7401583643928378
旋转,xuán zhuǎn,to revolve ; to rotate ; to spin ; to whirl,6.0,"v,vn",方,-0.6742715309854774
旗帜,qí zhì,ensign ; flag,7.0,n,方,0.6624852871311735
旗袍,qí páo,Chinese-style dress ; cheongsam,7.0,n,方,-0.18191296085330194
既然,jì rán,as ; since ; this being the case,4.0,c,旡,-0.2454328278000216
日前,rì qián,a few days ago ; the other day,7.0,t,日,0.5699099491236259
日报,rì bào,daily newspaper,2.0,n,日,1.6900106370142263
日夜,rì yè,around the clock ; day and night,6.0,"d,n",日,-0.8553745915692582
日子,rì zi,a (calendar) date ; day ; days of one's life,2.0,n,日,-1.028133838420229
日常,rì cháng,day-to-day; daily; everyday,3.0,b,日,-0.7601954970153503
日后,rì hòu,someday (in the future) ; sometime,7.0,t,日,0.41877367439189805
日历,rì lì,calendar,4.0,n,日,-0.6827455325456037
日期,rì qī,date,1.0,n,日,-1.2463168442207193
日益,rì yì,day by day ; increasingly ; more and more ; more and more with each passing day,7.0,d,日,3.3593973539283377
日程,rì chéng,itinerary ; schedule,7.0,n,日,0.38180033143359027
日记,rì jì,diary,4.0,n,日,-1.3966837847729974
日语,Rì yǔ,Japanese language,6.0,nz,日,0.8211724558473437
早上,zǎo shang,early morning,1.0,t,日,-1.414389329288244
早已,zǎo yǐ,(dialect) in the past ; for a long time; long since,3.0,d,日,8.31353788538829
早年,zǎo nián,in one's early years ; many years ago; in the past,7.0,t,日,1.6416043508208502
早日,zǎo rì,soon; at an early date ; the early days; the past,7.0,d,日,0.3491349795612325
早晚,zǎo wǎn,(dialect) some time in the future; some day ; morning and evening,6.0,"d,t",日,-1.2490507885943976
早晨,zǎo chén,also pr. [zǎo chen] ; early morning,2.0,t,日,-1.124591225678401
早期,zǎo qī,early period; early phase; early stage,5.0,"t,f",日,-0.5677778882393617
早饭,zǎo fàn,breakfast,1.0,n,日,0.3983223927185158
早餐,zǎo cān,breakfast,2.0,n,日,-1.2991848948962808
旭日,xù rì,the rising sun,7.0,n,日,5.447669535229445
旱灾,hàn zāi,drought,7.0,n,日,1.330064880048902
旺季,wàng jì,busy season ; peak period ; see also 季,7.0,n,日,-0.1146058541299008
旺盛,wàng shèng,exuberant ; vigorous,7.0,a,日,0.8150536279633979
昂贵,áng guì,costly ; expensive,7.0,a,日,-0.761497375288529
昆虫,kūn chóng,insect,7.0,n,日,-0.6302680453519972
昌盛,chāng shèng,prosperous,6.0,"an,a",日,6.121119373160944
明亮,míng liàng,bright ; glittering ; shining ; to become clear,5.0,a,日,-1.0016939166902188
明天,míng tiān,tomorrow,1.0,t,日,-1.3832744385592433
明年,míng nián,next year,1.0,t,日,-1.3847065046597413
明日,míng rì,tomorrow,6.0,t,日,0.033559686142427644
明明,míng míng,definitely ; obviously ; plainly ; undoubtedly,5.0,d,日,1.7180010198875937
明星,míng xīng,star; celebrity,2.0,n,日,-1.3038598638952712
明智,míng zhì,judicious ; sagacious ; sensible ; wise,7.0,"a,an",日,-0.5994253230620912
明朗,míng lǎng,bright ; bright and cheerful ; clear ; forthright ; obvious ; open-minded,7.0,a,日,2.5497474630533064
明白,míng bai,clear ; obvious ; to realize ; to understand ; unequivocal,1.0,"v,a,an",日,-1.2486720178969013
明确,míng què,clear-cut; definite; explicit ; to clarify; to specify; to make definite,3.0,"a,v,ad",日,-1.160392878190848
明显,míng xiǎn,clear ; distinct ; obvious,3.0,"a,ad",日,-0.9480683246196662
昏迷,hūn mí,coma ; disoriented ; stunned ; stupor ; to be in a coma ; to lose consciousness,7.0,"v,vn",日,-0.9808638643193404
昔日,xī rì,former days ; in the past,7.0,t,日,-0.6494174487521993
星座,xīng zuò,astrological sign ; constellation,7.0,n,日,-0.9989599723165407
星星,xīng xing,(coll.) a star; the stars in the sky,2.0,n,日,-0.9183854999911636
星期,xīng qī,Sunday ; day of the week ; week,1.0,n,日,0.292479689108991
春天,chūn tiān,spring (season),2.0,t,日,-0.6324812384164025
春季,chūn jì,springtime,4.0,t,日,-0.9464942779073915
春节,Chūn jié,Spring Festival (Chinese New Year),2.0,t,日,0.05436615294439006
昨天,zuó tiān,yesterday,1.0,t,日,-0.8027787093327897
是否,shì fǒu,if ; is or isn't ; whether (or not),4.0,v,日,-0.6978473205144915
是非,shì fēi,quarrel ; right and wrong,7.0,n,日,-0.5240465710449761
时事,shí shì,current trends; the present situation; how things are going,5.0,n,日,0.18651859045660718
时代,Shí dài | shí dài,"Time, US weekly news magazine ; age ; epoch ; era ; period (in one's life)",3.0,n,日,-1.2037454246877373
时候,shí hou,length of time ; moment ; period ; time,1.0,n,日,-0.70749301252048
时光,shí guāng,era ; period of time ; time,5.0,n,日,-0.9338660586575462
时刻,shí kè,always ; constantly ; juncture ; moment ; period of time ; time,3.0,"n,d",日,-1.149717476350772
时尚,shí shàng,fad ; fashion ; fashionable,7.0,n,日,-0.39060404804403764
时常,shí cháng,frequently ; often,5.0,d,日,-0.19206761138410472
时期,shí qī,period ; phase,6.0,n,日,0.4412961685179103
时机,shí jī,opportunity; opportune moment,5.0,n,日,-0.9752657877446675
时段,shí duàn,the twelve two-hour divisions of the day ; time interval ; time slot ; work shift,7.0,n,日,-0.9921902052960054
时空,shí kōng,(physics) space-time ; time and place ; world of a particular locale and era,7.0,n,日,-0.8248988471923896
时节,shí jié,season; time,6.0,n,日,0.01767677120963268
时而,shí ér,from time to time ; occasionally,6.0,d,日,2.1605330305103534
时装,shí zhuāng,fashion ; fashionable clothes,6.0,n,日,-0.14858487705989606
时速,shí sù,speed per hour,7.0,n,日,-0.4237901512256669
时间,shí jiān,period ; time,1.0,n,日,-1.2689695261740495
时髦,shí máo,fashionable ; in vogue,7.0,a,日,-0.47768791173531405
晃荡,huàng dang,to rock ; to shake ; to sway,7.0,v,日,7.076567837847663
晋升,jìn shēng,to promote to a higher position,7.0,"v,vn",日,-0.29908200543949187
晚上,wǎn shang,evening ; in the evening ; night,1.0,t,日,-0.8121522328996853
晚报,wǎn bào,(in a newspaper's name) Evening News ; evening newspaper,2.0,n,日,2.676313616775309
晚安,wǎn ān,Good evening! ; Good night!,2.0,v,日,-1.6968969145682786
晚年,wǎn nián,one's later years,7.0,t,日,0.11060729434576187
晚会,wǎn huì,evening party,2.0,n,日,-0.022432872388765693
晚期,wǎn qī,end stage ; later period ; terminal,7.0,t,日,-0.34828121138123247
晚间,wǎn jiān,evening ; night,7.0,t,日,0.7144066446621338
晚饭,wǎn fàn,dinner ; evening meal ; supper,1.0,n,日,-0.13815805808999876
晚餐,wǎn cān,dinner ; evening meal,2.0,n,日,-1.1705475287216507
晚点,wǎn diǎn,(of trains etc) late ; behind schedule ; delayed ; light dinner,4.0,v,日,0.9216538729679141
昼夜,zhòu yè,"continuously, without stop ; day and night ; period of 24 hours",7.0,"n,d",尸,0.22323155776027917
普及,pǔ jí,pervasive ; popular ; to generalize ; to spread extensively ; ubiquitous ; universal ; widespread,3.0,"v,vn",日,-0.5456577503797618
普通,pǔ tōng,average ; common ; general ; ordinary,2.0,a,日,-1.5543412436550819
普遍,pǔ biàn,common ; general ; universal ; widespread,3.0,"a,ad",日,-0.18999639893147466
景色,jǐng sè,landscape ; scene ; scenery ; view,3.0,n,日,-0.8470307778364482
景观,jǐng guān,landscape,7.0,n,日,0.5695311784261295
景象,jǐng xiàng,scene ; sight (to behold),5.0,n,日,-0.007591460074515153
景点,jǐng diǎn,tourist attraction; scenic spot,6.0,n,日,-0.599685698716727
晴天,qíng tiān,clear sky ; sunny day,2.0,n,日,-1.2127283847726793
晴朗,qíng lǎng,sunny and cloudless,5.0,a,日,-0.9346471856214549
晶莹,jīng yíng,sparkling and translucent,7.0,"a,an",日,1.7566903901699527
智力,zhì lì,intellect ; intelligence,4.0,n,日,-0.7782916050125506
智商,zhì shāng,IQ (intelligence quotient),7.0,n,日,-1.1826549966622228
智慧,zhì huì,intelligence ; intelligent ; knowledge ; wisdom,6.0,n,日,0.11179077757608151
智能,zhì néng,"able ; intelligent ; smart (phone, system, bomb etc)",4.0,n,日,-0.4853689935470758
晕倒,yūn dǎo,to become unconscious ; to black out ; to faint ; to swoon,7.0,v,日,-0.022823435870719323
暑假,shǔ jià,summer vacation,4.0,t,日,-0.9204685052282525
暑期,shǔ qī,summer vacation time,7.0,t,日,0.23793098946275454
暖和,nuǎn huo,nice and warm ; warm,3.0,"a,v",日,0.9271453472841863
暖气,nuǎn qì,central heating ; heater ; warm air,4.0,n,日,-0.5845839107478407
暗中,àn zhōng,in secret ; in the dark ; on the sly ; surreptitiously,7.0,"d,s",日,0.8425350523119524
暗杀,àn shā,to assassinate,7.0,"v,vn",日,-0.4407145687770048
暗示,àn shì,hint; suggestion ; to hint; to suggest,4.0,"v,vn",日,-1.3448690295004375
畅谈,chàng tán,to discuss without inhibition ; to talk freely,7.0,v,日,0.46290734785269755
畅通,chàng tōng,free-flowing ; move without obstruction ; straight path ; unclogged ; unimpeded,6.0,"a,an",日,-0.48680105964757386
畅销,chàng xiāo,bestselling; chart-topping ; to sell well,7.0,"v,a,an",日,-0.6320906749344489
暂停,zàn tíng,pause (media player) ; stoppage ; time-out (e.g. in sports) ; to suspend,5.0,"v,vn",日,-0.7549997767070883
暂时,zàn shí,for the time being ; provisional ; temporary,5.0,"d,b",日,-1.0995951628333462
暴利,bào lì,sudden huge profits,7.0,n,日,2.006792999232268
暴力,bào lì,force ; violence ; violent,6.0,n,日,-0.8841343086220753
暴躁,bào zào,irascible ; irritable ; violent,7.0,a,日,0.003592900290374732
暴雨,bào yǔ,rainstorm ; torrential rain,6.0,n,日,-0.260286032898731
暴露,bào lù,also pr. [pù lù] ; to expose ; to lay bare ; to reveal,6.0,"v,vn",日,-0.4236717561828063
晓得,xiǎo de,to know,6.0,v,日,0.24236916837602387
曙光,shǔ guāng,dawn ; fig. the dawn of a new era,7.0,"n,nz",日,0.12428880899860743
曝光,bào guāng,(advertising) exposure ; (fig.) to expose (a scandal) ; Taiwan pr. [pù guāng] ; to expose (photography),7.0,"v,vn",日,-0.7547276082679938
旷课,kuàng kè,to cut classes ; to play truant,7.0,v,日,1.1584773236437937
曲折,qū zhé,(fig.) complicated ; winding,7.0,"a,an",曰,-0.6518792246867829
曲线,qū xiàn,curve ; curved line ; in a roundabout way ; indirect,7.0,n,曰,-0.7945650834272991
更加,gèng jiā,even more ; more (than sth else),3.0,d,曰,-0.13870239496818781
更换,gēng huàn,to change (one's address etc) ; to replace (a worn-out tire etc),5.0,"v,vn",曰,-0.38969273325281106
更改,gēng gǎi,to alter,7.0,"v,vn",曰,-0.7448333333918268
更新,gēng xīn,to regenerate ; to renew ; to renovate ; to replace the old with new ; to update ; to upgrade,5.0,"v,vn",曰,-1.3812032261066147
书包,shū bāo,bookbag ; satchel ; schoolbag,1.0,n,丨,-0.9989717651009994
书写,shū xiě,to write,7.0,v,丨,-0.6123139179665721
书店,shū diàn,bookstore,1.0,n,丨,-1.0135410089761554
书房,shū fáng,studio ; study (room),6.0,n,丨,-0.6610041653835
书架,shū jià,bookshelf,3.0,n,丨,-0.553220437148663
书桌,shū zhuō,desk,5.0,n,丨,-0.6425174939043462
书柜,shū guì,bookcase,5.0,n,丨,-0.9843789356569258
书法,shū fǎ,calligraphy ; handwriting ; penmanship,5.0,n,丨,-1.3054221178230871
书籍,shū jí,books ; works,7.0,n,丨,-0.31810122101237603
书记,shū ji,clerk ; scribe ; secretary (chief official of a branch of a socialist or communist party),7.0,n,丨,0.41445389052148807
书面,shū miàn,in writing ; written,7.0,"b,d,n",丨,0.21047315068311603
曾经,céng jīng,(past tense marker used before verb or clause) ; already ; ever ; former ; once ; previously,3.0,d,曰,-0.9113553573159927
替代,tì dài,to replace ; to substitute for ; to supersede,4.0,"v,vn",曰,0.5087216702841706
替换,tì huàn,to exchange ; to replace ; to substitute for ; to switch,7.0,v,曰,0.24339887821010953
替身,tì shēn,body double ; fall guy ; scapegoat ; stand-in ; stuntman ; substitute ; to stand in for sb else,7.0,n,曰,-0.17906062143676316
最佳,zuì jiā,"best (athlete, movie etc) ; optimal ; optimum ; peak",6.0,z,曰,-1.2375942597904146
最初,zuì chū,at first ; first ; initial ; initially ; original ; originally ; primary,4.0,"b,d",曰,-0.8215257564665808
最好,zuì hǎo,(you) had better (do what we suggest) ; best,1.0,d,曰,-1.1127559261769218
最后,zuì hòu,final ; finally ; last ; ultimate,1.0,f,曰,-1.5517374871087215
最终,zuì zhōng,final; ultimate,6.0,"d,b",曰,-0.7692020426692068
最近,zuì jìn,nearest ; recently ; soon,2.0,t,曰,-0.3610514112428544
会员,huì yuán,member,3.0,n,人,0.07793014968894532
会场,huì chǎng,meeting place ; place where people gather,7.0,n,人,1.2550884842982009
会意,huì yì,"Chinese character that combines the meanings of existing elements ; also known as joint ideogram or associative compound ; combined ideogram (one of the Six Methods 六书 of forming Chinese characters) ; knowing (smile, glance etc) ; to comprehend without being told explicitly ; to cotton on",7.0,v,人,1.610110689394356
会晤,huì wù,conference ; meeting ; to meet,7.0,"vn,v",人,5.6630002016134
会见,huì jiàn,to meet with (sb who is paying a visit),6.0,"v,vn",人,2.1532307193960882
会计,kuài jì,accountancy ; accountant ; accounting,4.0,n,人,-1.2546488651690704
会诊,huì zhěn,(by extension) consultation of different specialists ; consultation (medical) ; to meet for diagnosis,7.0,"v,vn",人,2.2140284347535886
会谈,huì tán,discussions ; talks,5.0,"v,vn",人,-0.8580967431584776
会议,huì yì,conference ; meeting,3.0,n,人,-0.4598639721772083
会长,huì zhǎng,"president of a club, committee etc",6.0,n,人,-0.8367459394783276
会面,huì miàn,meeting ; to meet with,7.0,"v,vn",人,1.1383100031939646
月亮,yuè liang,the moon,2.0,n,月,-0.5785952706912126
月份,yuè fèn,month,2.0,"t,n",月,-1.1093592498821954
月初,yuè chū,early in the month ; start of month,7.0,t,月,1.6663400380112678
月底,yuè dǐ,end of the month,4.0,t,月,3.6864291761511256
月球,yuè qiú,the moon,5.0,n,月,-0.2576822763523706
月票,yuè piào,monthly ticket,7.0,n,月,1.981773350818296
月饼,yuè bǐng,mooncake (esp. for the Mid-Autumn Festival),5.0,n,月,-0.39997757161093317
有事,yǒu shì,there is something the matter ; to be occupied with sth ; to have sth on one's mind,6.0,v,月,-0.8125310035971816
有些,yǒu xiē,some ; somewhat,1.0,r,月,0.04473225372285878
有利,yǒu lì,advantageous; favorable,3.0,a,月,-0.028800283142888475
有力,yǒu lì,forceful ; powerful ; vigorous,5.0,"a,ad",月,0.6909846285293548
有名,yǒu míng,famous ; well-known,1.0,a,月,1.1213737928581666
有害,yǒu hài,damaging ; destructive ; harmful,5.0,a,月,0.0646391985180522
有意,yǒu yì,intentionally ; interested in ; to intend,7.0,"d,v",月,0.8718037278895826
有效,yǒu xiào,effective ; in effect ; valid,3.0,"a,ad",月,-0.8991059087636437
有时,yǒu shí,now and then ; sometimes,1.0,d,月,-1.3386318065736325
有望,yǒu wàng,hopeful ; promising,7.0,v,月,1.5852330215921606
有毒,yǒu dú,poisonous,5.0,"v,vn",月,0.6288850348986744
有用,yǒu yòng,useful,1.0,"a,v",月,-1.0139315724581106
有益,yǒu yì,beneficial ; profitable ; useful,7.0,a,月,-0.087136222565805
有趣,yǒu qù,amusing ; fascinating ; interesting,4.0,a,月,-1.107938976566156
有关,yǒu guān,concerning ; related to ; to concern ; to have sth to do with ; to relate to,6.0,"vn,p,v",月,0.18441199965060098
有限,yǒu xiàn,finite ; limited,4.0,a,月,-0.5613986847007801
朋友,péng you,friend,1.0,n,月,-1.862235455262125
服务,fú wù,service ; to serve,2.0,"vn,v",月,-0.10485355986551044
服从,fú cóng,to comply ; to defer ; to obey (an order),5.0,v,月,-0.838189798363283
服用,fú yòng,to take (medicine),7.0,v,月,-0.16603004592050696
服装,fú zhuāng,clothes ; clothing ; costume ; dress,3.0,n,月,-0.9164208897969368
服饰,fú shì,apparel ; clothing and personal adornment,7.0,n,月,-0.7816882813072755
朗诵,lǎng sòng,to declaim ; to read aloud with expression ; to recite,7.0,"v,vn",月,-0.8592684336043384
朗读,lǎng dú,to read aloud,5.0,v,月,-0.8715060893722301
望见,wàng jiàn,to espy ; to spot,6.0,v,月,2.219614718543804
朝代,cháo dài,dynasty ; reign (of a king),7.0,n,月,-0.07022359779892584
期待,qī dài,expectation ; to await ; to look forward to,4.0,"v,vn",月,-1.0679595207950756
期望,qī wàng,expectation ; hope ; to earnestly hope ; to have expectations,5.0,"v,vn",月,-1.0924348323308575
期末,qī mò,end of term,4.0,t,月,0.8871894770820219
期盼,qī pàn,to expect; to await,7.0,"v,vn",月,-0.3066328994239343
期间,qī jiān,period ; period of time ; time ; time period,4.0,f,月,-0.8308874872490175
期限,qī xiàn,allotted time ; deadline ; time limit,4.0,n,月,-0.11133936566249375
朦胧,méng lóng,(literary) (of moonlight) dim ; (literary) murky; indistinct,7.0,"a,an",月,0.27219397361630165
木偶,mù ǒu,puppet,7.0,n,木,-0.7102033713252421
木匠,mù jiàng,carpenter,7.0,n,木,-0.11447566630258293
木材,mù cái,wood,7.0,n,木,0.8776739729033513
木板,mù bǎn,board ; plank ; slab,7.0,n,木,0.030293197675020624
木头,mù tou,"blockhead ; log (of wood, timber etc) ; slow-witted",3.0,n,木,-0.7141090061447812
未来,wèi lái,approaching ; coming ; future ; pending ; tomorrow,4.0,t,木,-0.6784611270285684
未免,wèi miǎn,can't help ; rather ; really ; unavoidably,7.0,d,木,2.0488200818870617
未必,wèi bì,maybe not ; not necessarily,4.0,d,木,0.21452076611443177
末日,Mò rì | mò rì,Judgment Day (in Christian eschatology) ; doomsday ; end ; final days ; last day,7.0,n,木,0.2654242065957664
本事,běn shi | běn shì,ability ; original story ; skill ; source material,3.0,n,木,-0.7405489278747914
本人,běn rén,I; me; myself ; oneself; yourself; himself; herself; the person concerned,5.0,r,木,-1.1606532538454837
本来,běn lái,at first ; it goes without saying ; of course ; original ; originally,3.0,"d,b",木,-0.509063178118949
本分,běn fèn,(to play) one's part ; (to stay within) one's bounds ; dutiful ; keeping to one's role ; one's duty ; one's role,7.0,"n,a",木,0.755569583663535
本土,běn tǔ,local ; metropolitan territory ; native ; one's native country,6.0,n,木,-0.3731588791834267
本地,běn dì,local ; this locality,6.0,r,木,-0.9744846607807588
本性,běn xìng,inherent quality ; natural instincts ; nature,7.0,n,木,-0.3985337127259763
本意,běn yì,etymon ; original idea ; real intention,7.0,n,木,1.0871226014890782
本科,běn kē,undergraduate (attributive) ; undergraduate course,4.0,n,木,0.398866729596705
本能,běn néng,instinct,7.0,"n,d",木,-0.0016028200178872045
本色,běn shǎi | běn sè,distinctive character ; inherent qualities ; natural color ; natural qualities ; true qualities,7.0,n,木,-0.10536251839032461
本质,běn zhì,essence ; innate character ; intrinsic quality ; nature,6.0,n,木,-0.10446299638355681
本身,běn shēn,in itself ; itself ; per se,6.0,r,木,0.539445997531216
本钱,běn qián,(fig.) asset; advantage; the means (to do sth) ; capital,7.0,n,木,0.5898286867032778
本领,běn lǐng,ability ; capability ; skill,3.0,n,木,-0.2266975734506893
朱红,zhū hóng,vermilion,7.0,b,木,7.1550593049359525
材料,cái liào,(fig.) person who has the potential to do the job ; (raw) material ; data,4.0,n,木,-0.8062937806703752
村庄,cūn zhuāng,hamlet ; village,6.0,n,木,0.3681306095652006
杜绝,dù jué,to put an end to,7.0,v,木,1.134925119683697
束缚,shù fù,fetters ; to bind ; to commit ; to restrict ; to tie,7.0,"v,vn",木,0.3273700268302129
杯子,bēi zi,cup ; glass,1.0,n,木,-0.543693140185535
东方,Dōng fāng | dōng fāng,east ; the East ; the Orient ; two-character surname Dongfang,2.0,"s,f",一,-0.7810373421706861
东西,dōng xi | dōng xī,east and west ; person ; stuff ; thing,1.0,"n,f,nr",一,-0.5041514190342415
东边,dōng bian,east ; east side ; eastern part ; to the east of,1.0,f,一,0.5343686722658147
东部,dōng bù,eastern part ; the east,3.0,f,一,1.3420303673776994
松树,sōng shù,pine ; pine tree,4.0,n,木,1.3795126688608228
枕头,zhěn tou,pillow,7.0,n,木,-0.9768280416724834
果园,guǒ yuán,orchard,7.0,n,木,1.508670786344726
果实,guǒ shí,(fig.) fruits (of success etc) ; fruit (produced by a plant) ; gains ; results,4.0,n,木,0.29574617757639954
果断,guǒ duàn,decisive ; firm,7.0,"a,ad",木,-0.6004550328961769
果树,guǒ shù,fruit tree,6.0,n,木,2.579820851163763
果汁,guǒ zhī,fruit juice,3.0,n,木,-0.6288359792514991
果然,guǒ rán,as expected ; if indeed ; really ; sure enough,3.0,"d,c",木,0.2752831031185574
果真,guǒ zhēn,as expected ; if indeed... ; if it's really... ; really ; sure enough,7.0,"d,c",木,5.499602685544866
果酱,guǒ jiàng,jam,6.0,n,木,-0.44931875816445044
枯燥,kū zào,dry and dull ; dry-as-dust ; uninteresting,7.0,"a,ad",木,-0.055370392700216514
架势,jià shi,attitude ; position (on an issue etc),7.0,n,木,0.9637399195449994
架子,jià zi,airs ; arrogance ; frame ; framework ; shelf ; stand,7.0,n,木,0.31528614445855524
柏树,bǎi shù,Taiwan pr. [bó shù] ; cypress tree,7.0,n,木,2.733986824277178
柔和,róu hé,gentle ; soft,7.0,"a,an",木,0.3112385290272395
柔软,róu ruǎn,soft,7.0,"a,an",木,0.02455314048857111
查出,chá chū,to discover ; to find out,6.0,v,木,0.9732318381547554
查明,chá míng,to ascertain ; to investigate and find out,7.0,v,木,0.39442855068343413
查看,chá kàn,to check up ; to examine ; to ferret out ; to look over,6.0,v,木,-0.20703921152567314
查询,chá xún,inquiry ; query ; to check ; to consult (a document etc) ; to inquire,5.0,"v,vn",木,-0.04471857642905807
柱子,zhù zi,pillar,6.0,n,木,-0.06410476991498003
柳树,liǔ shù,willow,7.0,n,木,0.8550330837344784
柿子,shì zi,persimmon,7.0,n,木,0.33519308925374985
校园,xiào yuán,campus,2.0,n,木,-1.4829983142848238
校长,xiào zhǎng,"(college, university) president ; headmaster",2.0,n,木,-1.3259917945393285
核实,hé shí,to verify; to check,7.0,"v,vn",木,0.4990877710626393
核对,hé duì,to audit ; to check ; to examine ; to verify,7.0,"v,vn",木,-0.35348872447395324
核心,hé xīn,core; nucleus,6.0,n,木,-0.1558636026052454
核能,hé néng,nuclear energy,7.0,n,木,1.625188891794325
根基,gēn jī,foundation,7.0,n,木,0.5536364707088773
根据,gēn jù,according to ; based on ; basis ; foundation,4.0,"p,n,v",木,-0.9748870170471712
根本,gēn běn,(not) at all ; absolutely (not) ; basic ; fundamental ; root ; simply,3.0,"d,n,a",木,-0.8157856992801312
根治,gēn zhì,to bring under permanent control ; to effect a radical cure,7.0,v,木,2.5936561392128437
根源,gēn yuán,origin ; root (cause),7.0,"n,v",木,1.2919198466447321
格外,gé wài,especially ; particularly,4.0,d,木,-0.2483087527854765
格局,gé jú,layout ; pattern ; structure,7.0,n,木,0.4183831109099445
格式,gé shì,form ; format ; specification,7.0,n,木,-0.6391208176096198
栽培,zāi péi,to cultivate ; to educate ; to grow ; to patronize ; to train,7.0,"v,vn",木,-0.49708589800569447
桂花,guì huā,Osmanthus fragrans ; osmanthus flowers,7.0,n,木,-0.30636073098484123
桃树,táo shù,peach tree,5.0,n,木,1.625188891794325
桃花,táo huā,(fig.) love affair ; peach blossom,5.0,n,木,-1.4431608391255184
框架,kuàng jià,(construction) frame ; (fig.) framework,7.0,n,木,0.052815691801032925
案件,àn jiàn,case ; instance,7.0,n,木,-1.108578122918288
桌子,zhuō zi,desk ; table,1.0,n,木,-0.43357782384343213
梅花,méi huā,clubs ♣ (a suit in card games) ; plum blossom ; wintersweet (dialect),6.0,n,木,-0.7322051141419815
条件,tiáo jiàn,condition; circumstance; term; factor ; requirement; prerequisite; qualification ; situation; state; condition,2.0,n,木,-1.1766781493900538
条例,tiáo lì,regulations; rules; code of conduct; ordinances; statutes,7.0,n,木,-0.6964034616295346
条款,tiáo kuǎn,clause (of contract or law),7.0,n,木,-0.08673386629939409
条约,tiáo yuē,pact ; treaty,7.0,n,木,0.5768099039714789
梯子,tī zi,ladder ; stepladder,7.0,n,木,0.24170643645497575
梳子,shū zi,comb,7.0,n,木,-0.17435027408440074
梳理,shū lǐ,fig. to sort out ; to comb,7.0,v,木,1.2658822811811343
棉花,mián hua,cotton,7.0,n,木,-0.44801687989127026
棋子,qí zǐ,(fig.) a pawn (used by others for their own purposes) ; chess piece,7.0,n,木,-0.4869548330438078
棍子,gùn zi,rod ; stick,7.0,n,木,0.8949535755832683
棒球,bàng qiú,baseball,7.0,n,木,-0.3206931847742776
棘手,jí shǒu,intractable ; thorny (problem),7.0,a,木,0.6128719321385616
棺材,guān cai,coffin,7.0,n,木,-0.6524117687805132
椅子,yǐ zi,chair,2.0,n,木,-0.9448136289367165
植物,zhí wù,plant ; vegetation,4.0,n,木,-1.306475413226089
椰子,yē zi,a coconut ; a coconut palm,7.0,n,木,0.11269029958284928
杨树,yáng shù,poplar tree ; various trees of genus Populus,7.0,n,木,7.611213866289268
业务,yè wù,business ; professional work ; service,5.0,n,一,0.15697774643988124
业绩,yè jì,"(in more recent usage) performance (of a business, employee etc) ; accomplishment ; achievement ; results",7.0,n,一,0.23182395436326755
业余,yè yú,amateur (historian etc) ; in one's spare time ; outside working hours,4.0,b,一,0.3735867055280983
极其,jí qí,extremely,4.0,d,木,2.9446307288776845
极力,jí lì,at all costs ; to make a supreme effort,7.0,d,木,1.2615860828796401
极度,jí dù,extremely,7.0,d,木,-0.6383514834301699
极为,jí wéi,exceedingly ; extremely,7.0,d,木,4.616585823984781
极端,jí duān,extreme,6.0,"n,d,a",木,0.03707475748001317
极限,jí xiàn,extreme boundary ; limit,7.0,n,木,0.05136004013161759
概念,gài niàn,concept ; idea,3.0,n,木,-0.7728237162651941
概括,gài kuò,briefly; in broad outline ; to summarize; to generalize,4.0,"v,vn",木,0.3364831747424712
概况,gài kuàng,general situation ; summary,7.0,n,木,-1.0226541568884153
概率,gài lǜ,probability (math.),7.0,n,木,0.32269505783122243
概论,gài lùn,general discussion ; introduction ; outline ; survey,7.0,n,木,0.43400565018810366
榜样,bǎng yàng,example ; model,7.0,n,木,-0.71489013310869
荣幸,róng xìng,honored (to have the privilege of ...),7.0,"a,an",艹,-0.6461509602847922
荣获,róng huò,be honored with,7.0,v,艹,1.3144423407707446
荣誉,róng yù,(honorable) reputation ; credit ; glory ; honor ; honorary,7.0,n,艹,-0.6789582927689252
构思,gòu sī,composition ; conception ; idea ; plan ; to compose ; to design ; to draw a mental sketch ; to plan out ; to plot,7.0,"v,vn",木,0.25380211161108956
构想,gòu xiǎng,concept ; to conceive,7.0,"vn,v,n",木,-0.29243063346181575
构成,gòu chéng,to compose ; to configure (computing) ; to constitute ; to form ; to make up,4.0,"v,n,vn",木,0.4449296348983564
构造,gòu zào,composition ; structure ; tectonic (geology),4.0,"n,v,vn",木,-0.4870614353022096
枪毙,qiāng bì,fig. to discard ; to execute by firing squad ; to get rid of ; to shoot dead,7.0,v,木,-0.3572641714661744
槐树,huái shù,locust tree (Sophora japonica),7.0,n,木,1.760335649334856
乐器,yuè qì,musical instrument,7.0,n,丿,-0.4407263615614636
乐园,lè yuán,paradise,7.0,n,丿,-0.9739639094714873
乐意,lè yì,content ; satisfied ; to be happy to do sth ; to be ready to do sth ; to be willing to do sth,7.0,v,丿,-0.43968485894291914
乐曲,yuè qǔ,musical composition,6.0,n,丿,0.5163909593114724
乐观,lè guān,hopeful ; optimistic,3.0,"a,an",丿,-0.9752657877446675
乐趣,lè qù,delight; pleasure; joy,4.0,n,丿,-0.7937839564633904
乐队,yuè duì,band ; pop group,3.0,n,丿,-0.8982063867568759
楼房,lóu fáng,a building of two or more stories,6.0,n,木,1.0384441468566077
楼梯,lóu tī,stair ; staircase,4.0,n,木,-0.9268477087668325
标本,biāo běn,specimen; sample ; the root cause and symptoms of a disease,7.0,n,木,0.07389432704208838
标榜,biāo bǎng,boost ; excessive praise ; to advertise ; to flaunt ; to parade,7.0,v,木,0.27895194785237803
标准,biāo zhǔn,(adjective) standard ; good; correct; conforming to a standard ; standard; norm; criterion,3.0,"n,a",木,-1.3114107578797136
标示,biāo shì,to indicate,7.0,"v,vn",木,-0.30922486318583586
标签,biāo qiān,(computing) tab (GUI element) ; label ; tag,7.0,n,木,-0.931652865593141
标致,Biāo zhì | biāo zhi,Peugeot ; beautiful (of woman) ; pretty,7.0,"a,nz",木,2.979118710332492
标志,biāo zhì,logo ; mark ; sign ; symbol ; to indicate ; to mark ; to symbolize,4.0,"n,v",木,0.01141596271391167
标语,biāo yǔ,placard ; written slogan,7.0,n,木,-0.7283112721068997
标题,biāo tí,caption ; heading ; headline ; subject ; title,3.0,n,木,0.012315484720679453
枢纽,shū niǔ,fulcrum ; hinge ; hub (e.g. of traffic network) ; pivot,7.0,n,木,3.6771740476270893
模仿,mó fǎng,model ; to copy ; to emulate ; to imitate ; to mimic,5.0,"v,vn",木,-1.0932159592947646
模型,mó xíng,matrix ; model ; mold ; pattern,4.0,n,木,-0.8234785738763504
模式,mó shì,method ; mode ; pattern,5.0,n,木,-0.045618098435824685
模拟,mó nǐ,"analog (device, as opposed to digital) ; imitation ; to imitate ; to simulate",7.0,"vn,v,b",木,0.8727150426808077
模样,mú yàng,about ; also pr. [mó yàng] ; appearance ; approximation ; look ; style,5.0,n,木,-0.3988058811650709
模范,mó fàn,fine example ; model,5.0,"n,d",木,-0.4842090958856708
模糊,mó hu,fuzzy ; indistinct ; vague,5.0,"a,v",木,-0.25677096156114554
样子,yàng zi,appearance ; manner ; model ; pattern,2.0,n,木,-1.146983531977094
样本,yàng běn,sample; specimen,7.0,n,木,-0.6758455776977506
朴实,pǔ shí,down-to-earth ; guileless ; plain ; simple ; sincere and honest,7.0,a,木,0.22089996965301337
朴素,pǔ sù,not frivolous ; plain and simple ; simple living ; unadorned,7.0,a,木,0.6969732685859827
树木,shù mù,tree,7.0,n,木,0.0576326414117971
树林,Shù lín | shù lín,"Shulin city in New Taipei City 市, Taiwan ; forest ; grove ; woods",4.0,n,木,-0.2979103149936296
树枝,shù zhī,branch ; twig,7.0,n,木,-0.1717583103224977
树梢,shù shāo,the tip of a tree; treetop,7.0,n,木,3.7740337911516724
树立,shù lì,to establish ; to set up,7.0,v,木,-0.009402296872507987
树叶,shù yè,tree leaves,4.0,n,木,-0.005378267010108406
树荫,shù yīn,Taiwan pr. [shù yìn] ; shade of a tree,7.0,n,木,-0.44514095490581684
桥梁,qiáo liáng,bridge (lit. and fig.),6.0,n,木,1.920052527885112
橙汁,chéng zhī,orange juice,7.0,n,木,-0.0994922733765572
机动,jī dòng,"adaptable ; flexible (use, treatment, timing etc) ; locomotive ; motorized ; power-driven",7.0,"b,a",木,1.8062683668091897
机器,jī qì,machine,3.0,n,木,0.4612149060975623
机场,jī chǎng,(slang) service provider for Shadowsocks or similar software for circumventing Internet censorship ; airport; airfield,1.0,n,木,-0.8435392920677789
机密,jī mì,classified (information) ; secret,7.0,"n,a",木,-0.8304969237670639
机智,jī zhì,quick-witted ; resourceful,7.0,"a,an,ad",木,-0.9218887785442917
机会,jī huì,chance ; occasion ; opportunity,2.0,n,木,-1.4754474203003798
机械,jī xiè,(old) cunning ; machine ; machinery ; mechanical ; scheming,6.0,"n,a",木,-0.4520527025381287
机构,jī gòu,agency ; institution ; mechanism ; organization ; structure,4.0,n,木,-0.25195401195037986
机票,jī piào,air ticket ; passenger ticket,1.0,n,木,-1.2210604057210301
机舱,jī cāng,cabin of a plane,7.0,n,木,2.5358409510991984
机遇,jī yù,favorable circumstance ; opportunity ; stroke of luck,4.0,n,木,-0.11239266106549553
机关,jī guān,machine-operated ; mechanism; gear ; office; agency; organ; organization; establishment; institution; body ; stratagem; scheme; intrigue; plot; trick,6.0,n,木,-0.5215612095414763
机灵,jī ling,clever ; quick-witted,7.0,"a,an",木,-0.9057572807413199
橡皮,xiàng pí,an eraser ; rubber,7.0,n,木,1.5209320276815332
橡胶,xiàng jiāo,caoutchouc ; rubber,7.0,n,木,0.3258195656868543
横向,héng xiàng,crosswise ; horizontal ; lateral ; orthogonal ; perpendicular,7.0,n,木,0.8358836803342764
档案,dàng àn,archive ; file ; record,6.0,n,木,-1.0717467605717554
档次,dàng cì,class ; grade ; level ; quality,7.0,n,木,1.6391307821018077
检察,jiǎn chá,(law) to prosecute ; to inspect ; to investigate,7.0,"b,n",木,-0.8880399434416144
检查,jiǎn chá,inspection ; to examine ; to inspect,2.0,"v,vn",木,-0.9573234531437013
检测,jiǎn cè,detection ; sensing ; to detect ; to test,4.0,"vn,v",木,-0.40282991102747046
检讨,jiǎn tǎo,review ; self-criticism ; to examine or inspect,7.0,"v,vn",木,0.3078418527325145
检验,jiǎn yàn,to examine ; to inspect ; to test,5.0,"v,vn",木,0.9491352973164672
台灯,tái dēng,desk lamp ; table lamp,6.0,n,口,2.161290571905345
柜子,guì zi,cabinet ; cupboard,5.0,n,木,0.11386199002871158
栏杆,lán gān,banister ; railing,7.0,n,木,0.6718706034825263
权利,quán lì,(classical) power and wealth ; right (i.e. an entitlement to sth),4.0,n,木,-0.7267608109635426
权力,quán lì,authority ; power,6.0,n,木,-0.5051693360838672
权威,quán wēi,authoritative ; authority ; power and prestige,7.0,"n,a",木,-0.4853807863315331
权益,quán yì,interests ; rights ; rights and benefits,7.0,n,木,0.8326407774357855
权衡,quán héng,to balance (pros and cons) ; to consider ; to weigh (a matter),7.0,"v,vn",木,2.02215516285579
欠条,qiàn tiáo,IOU ; certificate of indebtedness,7.0,n,欠,8.661754945110534
欠缺,qiàn quē,deficiency ; lapse ; to be deficient in,7.0,"v,a,vn",欠,0.16348713780578072
次数,cì shù,degree of a polynomial (math.) ; frequency ; number of times ; order number (in a series) ; power (math.),6.0,n,欠,0.19564353115332433
次日,cì rì,next day ; the morrow,7.0,t,欠,5.110625043087631
欣喜,xīn xǐ,happy,7.0,"a,an",欠,0.8594240915099158
欣慰,xīn wèi,to be gratified,7.0,"a,an",欠,0.3499043137406825
欣赏,xīn shǎng,to appreciate; to enjoy; to admire,5.0,"v,vn",欠,-1.6092805067832718
欺诈,qī zhà,to cheat,7.0,"vn,v",欠,-0.713327879180874
欺负,qī fu,to bully,6.0,"v,vn",欠,-1.28966939071761
欺骗,qī piàn,to cheat ; to deceive,7.0,"v,vn",欠,-0.4719596473333218
钦佩,qīn pèi,to admire ; to look up to ; to respect sb greatly,7.0,"v,vn",钅,1.3502557860676498
款式,kuǎn shi | kuǎn shì,design ; elegance ; elegant ; good taste ; pattern ; style,7.0,n,欠,0.5447836984512532
款项,kuǎn xiàng,a sum of money ; funds,7.0,n,欠,0.8396591273264989
歉意,qiàn yì,apology ; regret,7.0,n,欠,0.09369466957888124
歌剧,gē jù,Western opera,7.0,n,欠,-0.1579466078423343
歌唱,gē chàng,to sing,6.0,"v,vn",欠,-0.8773645416015401
歌手,gē shǒu,singer,3.0,n,欠,-1.4218100354453684
歌星,gē xīng,famous singer ; singing star,6.0,n,欠,-0.7303824845595298
歌曲,gē qǔ,song,5.0,n,欠,-0.5448766234158546
歌声,gē shēng,fig. original voice of a poet ; singing voice,3.0,n,欠,-1.2572644144998895
歌舞,gē wǔ,singing and dancing,7.0,n,欠,0.3666749578957853
歌词,gē cí,lyrics ; song lyric,6.0,n,欠,-1.3532010504487886
歌颂,gē sòng,to eulogize ; to extol ; to sing the praises of,7.0,"v,vn",欠,-0.3632646043072597
欢呼,huān hū,to acclaim ; to cheer for,7.0,"v,vn",欠,-0.4020723696324779
欢乐,huān lè,gaiety ; gay ; gladness ; glee ; happy ; joyous ; merriment ; pleasure,3.0,"a,an",欠,-0.9513112275181571
欢聚,huān jù,celebration ; party ; to celebrate ; to get together socially,7.0,v,欠,0.32218609930640973
欢迎,huān yíng,to welcome ; welcome,2.0,"v,vn",欠,-1.0947782132225805
止咳,zhǐ ké,to suppress coughing,7.0,vn,止,0.08941026406184437
止步,zhǐ bù,to go no farther ; to halt ; to stop,7.0,v,止,-0.0013424443632514653
止血,zhǐ xuè,hemostatic (drug) ; to staunch (bleeding),7.0,"v,vn",止,-0.7588936187421701
正在,zhèng zài,just at (that time) ; right in (that place) ; right in the middle of (doing sth),1.0,d,止,1.4546546307922181
正好,zhèng hǎo,by chance ; it just so happens that ; just (in time) ; just enough ; just right ; to chance to ; to happen to,2.0,z,止,-0.7746463458476457
正宗,zhèng zōng,authentic ; fig. traditional ; genuine ; old school ; orthodox school,7.0,b,止,-0.0633354357355313
正常,zhèng cháng,normal ; ordinary ; regular,2.0,"a,ad",止,-1.2696204653106404
正式,zhèng shì,formal; official,3.0,"ad,a",止,-0.4498395094737219
正是,zhèng shì,is precisely,2.0,v,止,0.46302574289555665
正当,zhèng dàng | zhèng dāng,fair ; honest ; just (when needed) ; reasonable ; sensible ; timely,6.0,"a,p,v,ad",止,-0.587436250164378
正直,zhèng zhí,honest ; upright ; upstanding,7.0,a,止,-0.7728237162651941
正确,zhèng què,correct; sound; right; proper,2.0,"a,ad",止,-1.2389079308480522
正义,zhèng yì,just ; justice ; righteous ; righteousness,5.0,n,止,-1.4557890583753637
正规,zhèng guī,according to standards ; regular,5.0,a,止,1.1025201434659764
正视,zhèng shì,to face squarely; to meet head on; to face up to,7.0,v,止,-0.39151536283526417
正面,zhèng miàn,direct ; front ; obverse side ; open ; positive ; right side,7.0,"d,n,b,f",止,-0.9769700222842587
此刻,cǐ kè,at present ; now ; this moment,5.0,r,止,-0.01397066361309673
此外,cǐ wài,besides ; furthermore ; in addition ; moreover,4.0,c,止,-1.21390007521854
此后,cǐ hòu,after this ; afterwards ; hereafter,5.0,t,止,-0.044434615205505026
步伐,bù fá,(measured) step ; march ; pace,7.0,n,止,0.38962339385712724
步行,bù xíng,to go on foot ; to walk,4.0,"v,vn",止,-1.0151032629039713
步骤,bù zhòu,procedure ; step,7.0,n,止,-0.8402728036003704
武力,wǔ lì,military force,7.0,n,止,-0.4532126001995322
武器,wǔ qì,arms ; weapon,3.0,n,止,-0.5819801542014817
武术,wǔ shù,all kinds of martial art sports (some claiming spiritual development) ; also called kungfu 功夫 ; military skill or technique (in former times) ; self-defense ; tradition of choreographed fights from opera and film (recent usage),3.0,n,止,-0.26666523643731255
武装,wǔ zhuāng,armed (forces) ; arms ; equipment ; military ; to arm,7.0,"n,vn,v",止,0.16775975053835876
歧视,qí shì,discrimination ; to discriminate against,7.0,"vn,v",止,-0.27448829886084947
歪曲,wāi qū,to distort ; to misrepresent,7.0,"v,vn",止,0.13419487665923327
岁数,suì shu,age (number of years old),6.0,n,山,2.35685627410588
岁月,suì yuè,time ; years,5.0,n,山,-0.4908486750788896
历来,lì lái,(of) all-time ; always ; throughout (a period of time),7.0,d,厂,2.353577992854014
历史,lì shǐ,history,4.0,n,厂,-1.2687209433038726
历届,lì jiè,"all previous (meetings, sessions etc)",7.0,b,厂,2.4701196838725306
历时,lì shí,diachronic ; period ; to last ; to take (time),7.0,v,厂,0.9865227893256473
历程,lì chéng,course ; process,7.0,n,厂,0.25863085400631514
归来,guī lái,to come back ; to return,7.0,"v,vn",彐,-0.16329610154682872
归宿,guī sù,ending ; final destination ; home ; place to return to,7.0,n,彐,0.35628351727926405
归属,guī shǔ,a place where one feels that one belongs ; one's final destination (where one need look no further) ; to be affiliated to ; to belong to ; to fall under the jurisdiction of,7.0,"vn,v",彐,0.15553388755492592
归纳,guī nà,induction (method of deduction in logic) ; to conclude from facts ; to sum up ; to summarize,7.0,"v,vn",彐,-0.4103808050119144
归还,guī huán,to return sth ; to revert,7.0,v,彐,-0.7759600169052847
歹徒,dǎi tú,evildoer ; gangster ; hoodlum ; malefactor,7.0,n,歹,0.8055499165691858
死亡,sǐ wáng,death ; to die,6.0,"v,vn",歹,-1.1481670152074135
死心,sǐ xīn,to admit failure ; to drop the matter ; to give up ; to have no more illusions about ; to reconcile oneself to loss,7.0,v,歹,-0.15873952759069881
残忍,cán rěn,cruel ; mean ; merciless ; ruthless,7.0,"a,an",歹,-0.9153793871783924
残留,cán liú,residual; remnant ; residue ; to remain; to be left over,7.0,"vn,v",歹,0.6550527881895901
残疾,cán jí,deformity on a person or animal ; disabled ; handicapped,6.0,n,歹,-0.36377356283207385
残缺,cán quē,badly damaged ; shattered,7.0,"v,vn",歹,0.26282045004940613
残酷,cán kù,cruel ; cruelty,6.0,"a,ad,an",歹,-0.7742557823656921
歼灭,jiān miè,to annihilate ; to crush ; to wipe out,7.0,v,歹,1.0747901362472447
段落,duàn luò,(written) passage ; paragraph ; phase ; time interval,7.0,n,殳,-0.797299027800976
殷勤,yīn qín,eagerly attentive ; politely ; solicitously,7.0,"a,ad",殳,0.7798911218030817
杀害,shā hài,to murder,7.0,"v,vn",木,-0.41390766913395716
杀手,shā shǒu,(sports) formidable player ; hit man ; killer ; murderer,7.0,n,木,-1.2230132231307997
殿堂,diàn táng,hall ; palace ; temple buildings,7.0,n,殳,0.41199211458690554
毁坏,huǐ huài,damage ; destruction ; to damage ; to devastate ; to vandalize,7.0,"v,vn",殳,0.710240634187959
毁灭,huǐ miè,to destroy ; to perish ; to ruin,7.0,"v,vn",殳,0.4407636244241801
毅力,yì lì,perseverance ; willpower,7.0,n,殳,0.16151073482709508
毅然,yì rán,firmly ; resolutely ; without hesitation,7.0,d,殳,0.31398426618537495
殴打,ōu dǎ,battery (law) ; to beat up ; to come to blows,7.0,"v,vn",殳,-0.9653715128685004
母女,mǔ nǚ,mother and daughter ; mother-daughter,6.0,n,母,-1.1130045090470986
母子,mǔ zǐ,mother and child ; parent and subsidiary (companies) ; principal and interest,6.0,n,母,-0.22995226913363903
母亲,mǔ qīn,also pr. [mǔ qin] ; mother,3.0,n,母,-1.4526645505197318
母鸡,mǔ jī,"don't know (humorous slang mimicking Cantonese 唔知, Jyutping: m4 zi1) ; hen",6.0,n,母,-0.6581282403980466
毒品,dú pǐn,drugs ; narcotics ; poison,6.0,n,母,-0.13883258279550567
比例,bǐ lì,proportion ; scale,3.0,n,比,-0.5783231022521196
比喻,bǐ yù,analogy ; figuratively ; figure of speech ; metaphor ; to compare ; to liken to,7.0,"n,v",比,-1.5768637377810926
比如,bǐ rú,for example ; for instance ; such as,2.0,v,比,-0.5933064951781468
比方,bǐ fang,analogy ; for instance ; instance,5.0,"v,n,c",比,0.8845739277512042
比试,bǐ shì,to have a competition ; to make a gesture of measuring ; to measure with one's hand or arm,7.0,v,比,-0.4024511403299742
比赛,bǐ sài,competition (sports etc) ; match ; to compete,3.0,"vn,v",比,-0.7516148931968207
比起,bǐ qǐ,compared with,7.0,v,比,3.075871851598675
比较,bǐ jiào,comparatively ; comparison ; quite ; relatively ; to compare ; to contrast,3.0,"d,vn,v",比,-1.49940198052689
比重,bǐ zhòng,proportion ; specific gravity,5.0,n,比,1.8972696581044641
毛巾,máo jīn,towel,4.0,n,毛,-0.039913419602751236
毛病,máo bìng,ailment ; defect ; fault ; shortcomings,3.0,n,毛,0.9497744436685993
毛笔,máo bǐ,writing brush,5.0,n,毛,-0.474054445354868
毛衣,máo yī,(wool) sweater,4.0,n,毛,-0.2718609567455745
毫不,háo bù,hardly ; not at all ; not in the least,7.0,d,毛,1.6688018139458516
毫升,háo shēng,milliliter,4.0,q,毛,0.5781117822446591
毫无,háo wú,not in the least ; to completely lack,7.0,v,毛,1.551384186489483
毫米,háo mǐ,millimeter,4.0,q,毛,1.2068954026216272
毯子,tǎn zi,blanket,7.0,n,毛,0.23820315790184757
民主,mín zhǔ,democracy,6.0,"a,an,ad",民,-0.851717539619896
民俗,mín sú,popular custom,7.0,n,民,0.18377285329847162
民工,mín gōng,migrant worker (who moved from a rural area of China to a city to find work) ; temporary worker enlisted on a public project,6.0,n,民,1.1813785884673023
民意,mín yì,popular will ; public opinion ; public will,6.0,n,民,-0.6302680453519972
民族,mín zú,nationality; ethnic group,3.0,n,民,-0.7776406658759597
民歌,mín gē,folk song,6.0,n,民,0.04629450765067471
民用,mín yòng,(for) civilian use,7.0,b,民,5.646572949802417
民众,mín zhòng,the populace; the masses; the common people,7.0,n,民,-0.05603312462126466
民办,mín bàn,privately operated ; run by the local people,7.0,,民,7.65822346473552
民间,mín jiān,among the people ; folk ; involving people rather than governments ; non-governmental ; popular,3.0,n,民,0.16751116766818033
氛围,fēn wéi,ambience ; atmosphere,7.0,n,气,2.042073900435442
气候,qì hòu,(fig.) climate; prevailing conditions (in human affairs) ; (meteorology) climate,3.0,n,气,0.38075882881504586
气势,qì shì,energetic looks ; grandeur ; imposing manner ; loftiness ; vigor,7.0,n,气,-1.0757707904341551
气味,qì wèi,odor; scent,7.0,n,气,-0.10146867635524284
气息,qì xī,breath ; flavor ; odor ; smell,7.0,n,气,1.578865610838039
气愤,qì fèn,furious ; indignant,7.0,a,气,-0.9160303263149817
气氛,qì fēn,atmosphere; mood,6.0,n,气,0.06010621013083959
气泡,qì pào,(of beverages) sparkling ; blister (in metal) ; bubble ; carbonated,7.0,n,气,-0.024906441107806727
气派,qì pài,dignified air ; imposing manner ; impressive ; magnificent ; stylish,7.0,a,气,2.076550089105793
气温,qì wēn,air temperature,2.0,n,气,0.19718219951222413
气球,qì qiú,balloon,4.0,n,气,-0.33501384577925664
气管,qì guǎn,air duct ; gas pipe ; respiratory tract ; trachea ; windpipe,7.0,n,气,-0.38123052447714206
气象,qì xiàng,ambience ; atmosphere ; meteorological feature ; meteorology ; scene,5.0,n,气,-0.8043291704761483
气质,qì zhì,manners ; personality traits ; temperament,7.0,n,气,-0.8489835952462178
气馁,qì něi,to be discouraged,7.0,a,气,0.6415132541485198
气体,qì tǐ,gas (i.e. gaseous substance),5.0,n,气,1.2126236670236192
气魄,qì pò,boldness ; imposing attitude ; positive outlook ; spirit,7.0,n,气,1.3326686365952627
氧气,yǎng qì,oxygen,6.0,n,气,-0.4525616610629428
水分,shuǐ fèn,(fig.) overstatement ; moisture content ; padding,5.0,n,水,0.8561811886114233
水利,shuǐ lì,irrigation works ; water conservancy,7.0,n,水,6.660984707479726
水域,shuǐ yù,body of water ; waters,7.0,n,水,1.7380735308634796
水壶,shuǐ hú,canteen ; kettle ; watering can,7.0,n,水,0.5566307907371912
水平,shuǐ píng,horizontal ; level (of achievement etc) ; standard,2.0,n,水,-0.43135283799456803
水库,shuǐ kù,reservoir,5.0,n,水,0.9163397576167942
水晶,shuǐ jīng,crystal,7.0,n,水,-1.092825395812811
水果,shuǐ guǒ,fruit,1.0,n,水,-1.2720940340296814
水槽,shuǐ cáo,sink,7.0,n,水,2.121583284573359
水泥,shuǐ ní,cement,6.0,n,水,-0.5782164999937178
水源,shuǐ yuán,headwaters of a river ; water source ; water supply,7.0,n,水,-0.2531257023962407
水准,shuǐ zhǔn,level (of achievement etc) ; level (surveying) ; standard,7.0,n,水,0.12948452930686935
水温,shuǐ wēn,water temperature,7.0,n,水,-0.4115524954577752
水灾,shuǐ zāi,flood ; flood damage,5.0,n,水,-0.6841658058616444
水管,shuǐ guǎn,water pipe,7.0,n,水,-0.9867223165486505
水货,shuǐ huò,smuggled goods ; unauthorized goods,7.0,n,水,0.3655150602343829
水面,shuǐ miàn,water surface,7.0,n,水,-0.1162982958850346
永久,yǒng jiǔ,everlasting ; forever ; lasting ; permanent ; perpetual,7.0,"b,d,nz",水,-0.9622470050128686
永恒,yǒng héng,eternal ; everlasting ; fig. to pass into eternity (i.e. to die),7.0,z,水,-0.4201684776296796
永远,yǒng yuǎn,eternal ; forever,2.0,"d,b",水,-1.0483011588700593
求助,qiú zhù,to appeal (for help) ; to request help,7.0,"v,vn",氺,-0.45427768838699273
求婚,qiú hūn,to propose marriage,7.0,"v,vn",氺,-0.9653950984374166
求学,qiú xué,to attend college ; to seek knowledge ; to study,7.0,v,氺,-0.5994253230620912
求救,qiú jiù,to seek help (when in distress or having difficulties),7.0,"v,vn",氺,-0.460372930702021
求职,qiú zhí,to seek employment,6.0,"vn,v",氺,-1.109749813364149
求证,qiú zhèng,to seek confirmation ; to seek proof,7.0,v,氺,-0.2512912800293317
汗水,hàn shuǐ,perspiration ; sweat,7.0,n,氵,-1.0580652459189086
池塘,chí táng,pond ; pool,7.0,n,氵,-0.012420202469738125
池子,chí zi,(old) stalls (front rows in a theater) ; bathhouse pool ; dance floor of a ballroom ; pond,5.0,n,氵,7.913900564803592
污染,wū rǎn,to pollute; to contaminate (lit. and fig.),5.0,"vn,v",氵,-0.7323470947537581
污水,wū shuǐ,sewage,5.0,n,氵,-0.22749049319905532
污秽,wū huì,filthy ; nasty ; sordid,7.0,n,氵,0.3444128394244102
决不,jué bù,not at all ; simply (can) not,5.0,d,冫,1.5121858576823115
决定,jué dìng,certainly ; decision ; to decide (to do something) ; to resolve,3.0,"v,n",冫,-1.659142444646062
决心,jué xīn,determination ; determined ; firm and resolute ; resolution ; to make up one's mind,3.0,"n,d",冫,-1.40097998307449
决策,jué cè,decision-making ; policy decision ; strategic decision ; to determine policy,6.0,"n,vn,v",冫,-0.2913891308432728
决议,jué yì,a resolution ; to pass a resolution,7.0,n,冫,-0.3027154718199364
决赛,jué sài,finals (of a competition),3.0,"vn,v",冫,-1.1822644331802694
汽水,qì shuǐ,soda pop; carbonated soft drink,4.0,n,氵,-1.1562268677166716
汽油,qì yóu,gasoline,4.0,n,氵,0.22332636723422247
汽车,qì chē,automobile ; bus ; car,1.0,n,氵,-1.606806938064231
没劲,méi jìn,boring ; exhausted ; feeling listless ; of no interest ; to feel weak ; to have no strength,7.0,a,氵,6.755252487242409
没收,mò shōu,to confiscate ; to seize,6.0,v,氵,1.181922925345491
没有,méi yǒu,doesn't exist ; hasn't ; haven't ; to not be ; to not have,1.0,"v,d",氵,-1.4159515832160599
没用,méi yòng,useless,3.0,"v,a",氵,-0.30716544351766456
没落,mò luò,to decline ; to wane,7.0,"v,vn",氵,1.578096276658589
冲洗,chōng xǐ,to develop (photographic film) ; to rinse ; to wash,7.0,v,冫,0.48855434983434026
沙子,shā zi,grit ; sand,3.0,n,氵,0.6748295451574656
沙漠,shā mò,desert,5.0,n,氵,0.3862031319934836
沙滩,shā tān,beach ; sandy shore,7.0,n,氵,-0.6555362766361451
沙发,shā fā,(Internet slang) the first reply or replier to a forum post ; sofa (loanword),3.0,n,氵,-1.0981630967328482
沙龙,shā lóng,salon (loanword),7.0,"n,nr",氵,-0.13179064733587598
沮丧,jǔ sàng,dejected ; dismayed ; dispirited,7.0,"a,an",氵,1.312903672411846
河流,hé liú,river,7.0,n,氵,-0.5048971676447741
河畔,hé pàn,river plain ; riverside,7.0,n,氵,2.062892160021862
沸腾,fèi téng,(of a liquid) to boil ; (of sentiments etc) to boil over ; to be impassioned ; to flare up,7.0,"v,vn",氵,0.35835472973189414
油画,yóu huà,oil painting,7.0,n,氵,-0.5298932304898274
治安,zhì ān,law and order ; public security,5.0,n,氵,-0.08310039991894805
治理,zhì lǐ,governance ; to administer ; to control ; to govern ; to manage,5.0,"v,vn",氵,1.8743683932809554
治病,zhì bìng,to treat an illness,6.0,"v,vn",氵,-0.23644986771508117
治疗,zhì liáo,medical treatment ; therapy ; to treat (an illness),4.0,"v,vn",氵,-1.4259760459195447
治愈,zhì yù,to cure; to restore to health ; uplifting; heartwarming,7.0,"v,vn",氵,-0.8761928511556779
沼泽,zhǎo zé,glade ; marsh ; swamp ; wetlands,7.0,n,氵,0.4859623860724386
沾光,zhān guāng,fig. to benefit from association with sb or sth ; reflected glory ; to bask in the light,7.0,v,氵,2.2517711118913475
沿岸,yán àn,coastal area ; littoral or riparian,7.0,"f,s",氵,1.017756075097507
沿海,yán hǎi,coastal,6.0,f,氵,1.737836740777761
沿途,yán tú,along the sides of the road ; by the wayside,7.0,"d,b,s",氵,-0.3808281682107297
况且,kuàng qiě,besides ; furthermore ; in addition ; moreover,7.0,c,冫,-0.11719781789180238
泄露,xiè lù,also pr. [xiè lòu] ; to leak (information); to divulge,7.0,v,氵,0.23040368104722683
法官,fǎ guān,judge (in court),4.0,n,氵,-1.088399009683999
法庭,fǎ tíng,court of law,6.0,n,氵,-0.7779128343150543
法律,fǎ lǜ,law,4.0,n,氵,-0.9066568027480877
法规,fǎ guī,legislation ; statute,5.0,n,氵,-0.10847523346149768
法院,fǎ yuàn,court ; court of law,4.0,n,氵,-0.38136071230445995
泛滥,fàn làn,to be in flood ; to inundate ; to overflow (the banks) ; to spread unchecked,7.0,"v,vn",氵,-0.46479931683083303
泡沫,pào mò,(economic) bubble ; (soap) bubble ; foam,7.0,n,氵,-0.32916718633440534
波动,bō dòng,rise and fall ; to fluctuate ; to undulate ; wave motion,6.0,"vn,v,n",氵,0.7224782899558492
波及,bō jí,to affect ; to involve ; to spread to,7.0,v,氵,2.4773630310645056
波折,bō zhé,twists and turns,7.0,n,氵,-0.3803074169014582
波浪,bō làng,wave,6.0,n,氵,0.01663526859108972
波涛,bō tāo,billows ; great waves,7.0,n,氵,2.650761424267608
泥土,ní tǔ,earth; soil; mud; clay,7.0,n,氵,-1.0856650653103221
泥潭,ní tán,quagmire,7.0,n,氵,1.6214252375865612
注入,zhù rù,to empty into ; to pour into,7.0,v,氵,0.9303882501826776
注射,zhù shè,injection ; to inject,5.0,"v,vn",氵,-0.6151780501675683
注意,zhù yì,to take note of; to pay attention to,3.0,"v,vn",氵,-1.2253683968069817
注视,zhù shì,to look attentively at; to closely watch; to gaze at,5.0,"v,vn",氵,-1.2463168442207193
注重,zhù zhòng,to emphasize ; to pay attention to,5.0,v,氵,0.81492344013608
洋溢,yáng yì,brimming with ; steeped in,7.0,v,氵,3.1143838629158824
洗澡,xǐ zǎo,to bathe ; to take a shower,2.0,"v,vn",氵,-0.9369905665131781
洗礼,xǐ lǐ,baptism (lit. or fig.),7.0,"n,vn,v",氵,-0.3846154079874097
津贴,jīn tiē,allowance,7.0,n,氵,-0.5664878027506404
泄气,xiè qì,(disparaging) pathetic ; (of a tire) to be flat ; to be discouraged ; to despair ; to leak (gas) ; to vent one's anger,7.0,"v,vn",氵,0.7939631999378836
泄漏,xiè lòu,(of a liquid or gas) to leak ; to divulge; to leak (information),7.0,"v,vn",氵,0.6926770702844887
洪亮,hóng liàng,loud and clear ; resonant,7.0,a,氵,5.5126450538455805
洪水,hóng shuǐ,deluge; flood,6.0,n,氵,0.3314058494770698
汹涌,xiōng yǒng,"to surge up violently (of ocean, river, lake etc) ; turbulent",7.0,"a,ad,n",氵,0.985067137656232
活力,huó lì,energy ; vigor ; vital force ; vitality,5.0,n,氵,-1.2845920654522087
活动,huó dòng,active ; activity ; behavior ; campaign ; loose ; maneuver ; movable ; shaky ; to exercise ; to move about ; to operate ; to use connections (personal influence),2.0,"vn,v",氵,-0.9815148034559312
活泼,huó po,(chemistry) reactive ; active ; brisk ; lively ; vivacious,5.0,a,氵,-0.2559898345972368
活该,huó gāi,(coll.) serve sb right ; deservedly ; ought ; should,7.0,d,氵,-1.0765519173980624
活跃,huó yuè,active ; excited ; lively ; to brighten up ; to enliven,6.0,"v,a",氵,-1.13305343445407
洽谈,qià tán,to discuss,7.0,"v,vn",氵,1.3683401012803917
派出,pài chū,to dispatch ; to send,6.0,"v,vn",氵,0.5859230518837387
派别,pài bié,group; sect; clique; faction; school,7.0,n,氵,1.6539486088471438
派遣,pài qiǎn,to send (on a mission); to dispatch,7.0,"v,vn",氵,-0.1416731294275857
流传,liú chuán,to circulate ; to hand down ; to spread,4.0,"v,vn",氵,0.5302026617916384
流入,liú rù,inflow ; influx ; to drift into ; to flow into,7.0,"v,vn",氵,0.9341754899593588
流利,liú lì,fluent,2.0,"a,ad",氵,-0.47288275490900716
流动,liú dòng,(of assets) liquid ; to be mobile ; to circulate ; to flow ; to go from place to place,5.0,"vn,v",氵,-0.01436122709505034
流向,liú xiàng,direction of a current ; direction of flow ; to flow toward,7.0,"v,n",氵,0.1776776109834419
流域,liú yù,drainage area ; river basin ; valley,7.0,n,氵,3.9216549945458143
流失,liú shī,"(fig.) (of talented staff, followers of a religious faith, investment funds etc) to go elsewhere ; (of soil etc) to wash away ; to be eroded ; to fail to be retained",7.0,"vn,v",氵,-0.5055598995658223
流畅,liú chàng,"flowing (of speech, writing) ; fluent ; smooth and easy",7.0,a,氵,-0.5819683614170229
流氓,liú máng,gangster ; hoodlum ; immoral behavior ; rogue,7.0,n,氵,0.39491392363933103
流水,liú shuǐ,(business) turnover ; running water,7.0,n,氵,-0.6395113810915735
流浪,liú làng,homeless ; nomadic ; to drift about ; to roam ; to wander ; unsettled (e.g. population) ; vagrant,7.0,"v,vn",氵,-0.516483884276075
流泪,liú lèi,to shed tears,7.0,v,氵,0.005036759175330112
流程,liú chéng,course ; sequence of processes ; stream ; work flow in manufacturing,7.0,n,氵,-0.22186883105546634
流血,liú xuè,to bleed ; to shed blood,7.0,"v,vn",氵,-0.6244213859071459
流行,liú xíng,"(of a contagious disease etc) to spread ; (of a style of clothing, song etc) popular ; fashionable ; to propagate",2.0,"v,vn",氵,-1.1338345614179772
流转,liú zhuǎn,to be on the move ; to circulate (of goods or capital) ; to roam or wander,7.0,"vn,v",氵,1.316809307231385
流通,liú tōng,circulation; distribution ; to circulate; to distribute,5.0,"vn,v",氵,0.21047315068311603
流量,liú liàng,(hydrology) discharge ; data traffic; network traffic; website traffic; mobile data ; flow rate; throughput of passengers; volume of traffic,7.0,n,氵,0.3777645087867319
流露,liú lù,"to reveal (indirectly, implicitly) ; to show (interest, contempt etc) by means of one's actions, tone of voice etc",7.0,"v,vn",氵,-0.13725853608323096
浩劫,hào jié,apocalypse ; calamity ; catastrophe,7.0,n,氵,1.3930875812552692
浪漫,làng màn,romantic,5.0,"a,an",氵,-1.3170206272388454
浪费,làng fèi,to squander ; to waste,3.0,"v,vn",氵,-0.9113553573159927
浮力,fú lì,buoyancy,7.0,n,氵,1.7480979935669643
浮现,fú xiàn,it emerges ; it occurs (to me that..) ; to appear before one's eyes ; to come back (of images from the past) ; to come into view ; to emerge ; to float into appearance,7.0,v,氵,-0.09221354783120786
浮躁,fú zào,fickle and impatient ; giddy ; restless ; scatterbrained,7.0,a,氵,1.7411744531501954
浴室,yù shì,bathroom (room used for bathing),7.0,n,氵,-0.5483916947534401
海啸,hǎi xiào,tsunami,7.0,n,氵,-0.1579584006267916
海域,hǎi yù,maritime space ; sea area ; territorial waters,7.0,n,氵,1.139221317985191
海报,hǎi bào,notice ; playbill ; poster,6.0,n,氵,-0.322776190011365
海外,hǎi wài,abroad ; overseas,6.0,s,氵,-0.49071848725157025
海岸,hǎi àn,coastal ; seacoast,7.0,n,氵,-0.43954287833114397
海拔,hǎi bá,elevation ; height above sea level,7.0,n,氵,1.5481294908065335
海水,hǎi shuǐ,seawater,4.0,n,氵,0.2706081341195696
海洋,hǎi yáng,ocean,6.0,n,氵,-0.9097813106037196
海浪,hǎi làng,sea wave,6.0,n,氵,-0.4231510048735348
海滨,hǎi bīn,seaside ; shore,7.0,"s,n",氵,0.854098183374336
海滩,hǎi tān,beach,7.0,n,氵,-0.8458590873905859
海湾,Hǎi wān | hǎi wān,(Persian) Gulf ; bay ; gulf,6.0,n,氵,0.564584040988046
海盗,hǎi dào,pirate,7.0,n,氵,-0.8347931220685566
海绵,hǎi mián,"foam rubber ; sponge (piece of absorbent material, either natural or made from plastic etc) ; sponge (zoology)",7.0,n,氵,-0.18516765653625167
海藻,hǎi zǎo,kelp ; marine alga ; seaweed,7.0,n,氵,1.0734882579740648
海军,hǎi jūn,navy,6.0,n,氵,-0.17019605639468324
海运,hǎi yùn,shipping by sea,7.0,"vn,v",氵,4.302063825968977
海边,hǎi biān,beach ; coast ; seashore ; seaside,2.0,s,氵,-0.9228000933355184
海量,hǎi liàng,huge volume,7.0,n,氵,2.5575705254768444
海关,hǎi guān,customs (i.e. border crossing inspection),3.0,n,氵,-0.927096291637011
海面,hǎi miàn,sea level ; sea surface,7.0,n,氵,1.7415768094166078
海鲜,hǎi xiān,seafood,4.0,n,氵,0.28962734969245374
浸泡,jìn pào,to immerse ; to soak ; to steep,7.0,"v,vn",氵,1.0868622258344427
消化,xiāo huà,(fig.) to absorb (information etc); to assimilate; to process ; to digest (food),4.0,"v,vn",氵,-0.9911487026774625
消失,xiāo shī,to disappear; to fade away,3.0,"v,vn",氵,-1.3263823580212835
消息,xiāo xi,information ; news,3.0,n,氵,-1.016677309616246
消极,xiāo jí,inactive ; negative ; passive,5.0,"a,ad",氵,-0.24791818930352144
消毒,xiāo dú,to disinfect; to sterilize,5.0,"v,vn",氵,-0.8466402143544947
消灭,xiāo miè,annihilation (in quantum field theory) ; to annihilate ; to cause to perish ; to perish ; to put an end to,6.0,v,氵,-0.46637336354310777
消耗,xiāo hào,to consume ; to use up,6.0,"v,vn",氵,-0.4652016730972454
消费,xiāo fèi,to consume ; to spend,3.0,"vn,v",氵,-1.331992227380414
消遣,xiāo qiǎn,amusement ; pastime ; recreation ; to make sport of ; to while the time away,7.0,"v,vn",氵,-0.23202348158626912
消防,xiāo fáng,fire control ; firefighting,5.0,b,氵,-0.5483799019689813
消除,xiāo chú,to eliminate ; to remove,5.0,v,氵,-1.139823201474605
涉及,shè jí,to involve ; to touch upon (a topic),6.0,"v,vn",氵,-0.14688064252030494
涉嫌,shè xián,to be a suspect (in a crime) ; to be suspected of,7.0,"v,vn",氵,0.6898129380834925
液晶,yè jīng,liquid crystal,7.0,n,氵,3.385032563125522
液体,yè tǐ,liquid,7.0,n,氵,-1.0936065227767182
涵义,hán yì,connotation ; content ; implication ; meaning,7.0,n,氵,1.5555619897481179
凉快,liáng kuai,nice and cold ; pleasantly cool,2.0,a,冫,1.0949574566970737
凉爽,liáng shuǎng,cool and refreshing,7.0,"a,an",冫,0.07924382074658431
凉鞋,liáng xié,sandal,6.0,n,冫,-0.3066328994239343
淘气,táo qì,mischievous ; naughty,7.0,a,氵,-0.9195571904370259
淘汰,táo tài,(fig.) to cull ; to die out ; to eliminate ; to phase out ; to wash out ; to weed out,7.0,"v,vn",氵,-0.6667206370010335
泪水,lèi shuǐ,teardrop ; tears,4.0,n,氵,-0.3997054031718386
淡化,dàn huà,desalination ; to become dull with time ; to desalinate ; to play down ; to trivialize ; to water down ; to weaken,7.0,v,氵,-0.6392510054369377
淡季,dàn jì,off season ; see also 季 ; slow business season,7.0,"t,n",氵,0.13302318621337095
净化,jìng huà,to purify,7.0,"v,vn",冫,0.5001292736811838
深信,shēn xìn,to believe firmly,7.0,v,氵,0.014540470569543523
深入,shēn rù,thorough ; to penetrate deeply,3.0,"v,ad,a",氵,-0.8010744747931986
深切,shēn qiè,deeply felt ; heartfelt ; honest ; sincere,7.0,"a,ad",氵,1.278522293215438
深刻,shēn kè,deep ; deep-going ; profound,3.0,"a,ad",氵,-0.4736638818729144
深化,shēn huà,to deepen ; to intensify,6.0,v,氵,0.01439848995776686
深厚,shēn hòu,deep; profound,4.0,a,氵,-0.34217417628174546
深受,shēn shòu,to receive in no small measure,7.0,v,氵,1.3837022649039137
深夜,shēn yè,very late at night,7.0,t,氵,0.38049845316041014
深奥,shēn ào,abstruse ; profound ; profoundly ; recondite,7.0,a,氵,0.7124656200368227
深度,shēn dù,(of a speech etc) profundity ; advanced stage of development ; depth,5.0,n,氵,-1.0305956143548127
深思,shēn sī,to consider ; to ponder,7.0,"v,vn",氵,-0.3105503270279321
深情,shēn qíng,deep emotion ; deep feeling ; deep love,7.0,"n,d,a",氵,-0.23685222398149208
深处,shēn chù,abyss ; deepest or most distant part ; depths,5.0,s,氵,0.24498471770684158
深远,shēn yuǎn,far-reaching ; profound and long-lasting,7.0,a,氵,1.0739854237144189
渊源,yuān yuán,origin ; relationship ; source,7.0,n,氵,1.4015497900309382
混乱,hùn luàn,chaos ; confusion ; disorder,6.0,"a,an",氵,-0.5004825743004194
混合,hùn hé,composite ; hybrid ; to blend ; to mix,6.0,"vn,v",氵,-0.06643635802224584
混淆,hùn xiáo,to blur ; to confuse ; to mislead ; to mix up ; to obscure,7.0,"v,vn",氵,-0.3398190026055635
混浊,hùn zhuó,dirty ; muddy ; turbid,7.0,"a,an",氵,0.010125877225190314
添加,tiān jiā,to add ; to increase,7.0,"v,vn",氵,-0.5041278334653242
清单,qīng dān,list of items,7.0,n,氵,-0.9037926705470916
清新,Qīng xīn | qīng xīn,"Qingxin county in Qingyuan 清远, Guangdong ; fresh and clean",7.0,"a,an",氵,-1.2805562428053503
清明,Qīng míng | qīng míng,"(of a government or administration) well ordered ; Pure Brightness Festival or Tomb Sweeping Day (in early April) ; Qingming or Pure Brightness, 5th of the 24 solar terms 二十四节气 5th-19th April ; clear and bright ; sober and calm",7.0,"t,a",氵,-0.6937997050831757
清晨,qīng chén,early morning,5.0,t,氵,-0.8752815363644513
清晰,qīng xī,clear ; distinct,7.0,"a,ad",氵,-0.054056721642579006
清楚,qīng chu,clear ; distinct ; to be clear about ; to understand thoroughly,2.0,"a,v,ad",氵,-1.7449362228486172
清洗,qīng xǐ,to clean ; to purge ; to wash,6.0,"v,vn",氵,-0.9571696797474673
清凉,qīng liáng,(of clothing) skimpy ; cool ; refreshing ; revealing,7.0,"a,an",氵,-0.9484470953171611
清淡,qīng dàn,"insipid ; light (of food, not greasy or strongly flavored) ; slack (sales)",7.0,a,氵,-0.5611383090461444
清洁,qīng jié,clean ; to clean,6.0,"a,v,an,ad",氵,-1.241760270264591
清理,qīng lǐ,to clear up ; to dispose of ; to tidy up,5.0,"v,vn",氵,-0.7730958847042886
清脆,qīng cuì,also written 轻脆 ; crisp ; fragile ; frail ; melodious ; ringing ; sharp and clear ; silvery (of sound) ; tinkling,7.0,a,氵,0.49532411685487543
清醒,qīng xǐng,awake ; clear-headed ; sober,4.0,"a,ad,an",氵,-0.8605703118775186
清除,qīng chú,to clear away ; to eliminate ; to get rid of,7.0,"v,vn",氵,-0.4277075788296647
清静,qīng jìng,peaceful and quiet ; quiet,7.0,"a,an",氵,-0.9882845704764665
减免,jiǎn miǎn,"to reduce or waive (taxes, punishment, rent, tuition etc)",7.0,v,冫,0.5625128285354161
减压,jiǎn yā,to reduce pressure ; to relax,7.0,v,冫,-0.18009033127085028
减少,jiǎn shǎo,to lessen; to decrease; to reduce; to lower,4.0,"v,vn",冫,0.3724032222977775
减弱,jiǎn ruò,to weaken; to diminish,7.0,v,冫,-0.36053065993358147
减肥,jiǎn féi,to lose weight,4.0,"v,vn",冫,-0.3764017820819191
减轻,jiǎn qīng,to alleviate ; to ease ; to lighten,5.0,v,冫,-0.27629913565884384
减速,jiǎn sù,to reduce speed ; to slow down ; to take it easy,7.0,"v,vn",冫,0.7956438489085589
渠道,qú dào,(fig.) channel ; irrigation ditch ; means,6.0,n,氵,-0.3523288268125482
渡过,dù guò,to cross over ; to pass through,7.0,v,氵,-0.3027272646043952
测定,cè dìng,to determine (by measuring or surveying),6.0,"v,vn",氵,1.6764828957576132
测试,cè shì,(computing) beta (version of software) ; a test ; to test (a person's skill in a particular area) ; to test (machinery etc),4.0,"vn,v",氵,-0.8991177015481011
测量,cè liáng,survey ; to determine ; to gauge ; to measure,4.0,"vn,v",氵,0.5019636960480942
测验,cè yàn,test ; to test,7.0,"vn,v",氵,-1.4005894195925364
港口,gǎng kǒu,harbor ; port,6.0,n,氵,0.19835388995808495
渴望,kě wàng,to long for ; to thirst for,5.0,"v,vn",氵,-1.2727449731662723
游泳,yóu yǒng,swimming ; to swim,3.0,"v,vn",氵,-0.7665864933383891
渺小,miǎo xiǎo,insignificant ; minute ; negligible ; tiny,7.0,"a,an",氵,0.019239025137448604
浑身,hún shēn,all over ; from head to foot,7.0,n,氵,-0.45608852518498566
凑合,còu he,not too bad ; passable ; to bring together ; to improvise ; to just get by ; to make do in a bad situation,7.0,v,冫,-0.36338299935012025
凑巧,còu qiǎo,as chance has it ; fortuitously ; luckily,7.0,"a,ad",冫,0.3013442541510724
湖泊,hú pō,lake,7.0,n,氵,1.127255830656394
涌入,yǒng rù,influx ; to come pouring in,7.0,v,氵,0.6145643738936954
涌现,yǒng xiàn,to emerge in large numbers ; to emerge prominently ; to spring up,7.0,v,氵,0.10564836412321839
汤圆,tāng yuán,"boiled or deep-fried balls of glutinous rice flour, usually eaten during Lantern Festival",7.0,n,氵,1.4520154958924845
源于,yuán yú,has its origins in,7.0,v,氵,-0.5388761905747693
源头,yuán tóu,fountainhead ; source,7.0,n,氵,-0.07085095136659911
准备,zhǔn bèi,preparation ; reserve (fund) ; to be about to ; to intend ; to prepare,1.0,"v,vn",冫,-1.3965535969456793
准则,zhǔn zé,criterion ; norm ; standard,7.0,n,冫,-0.4141562520041356
准时,zhǔn shí,on schedule ; on time ; punctual,4.0,"ad,a,an",冫,-0.8016070188869289
准确,zhǔn què,accurate; exact; precise,2.0,"a,ad",冫,-0.9464942779073915
沟通,gōu tōng,to communicate ; to join; to connect; to link up,5.0,"v,vn",氵,-0.5029679358039192
温和,wēn huo | wēn hé,gentle ; lukewarm ; mild ; moderate,5.0,"a,nr",氵,0.04225868500381776
温室,wēn shì,greenhouse,7.0,n,氵,0.7499597143044034
温度,wēn dù,temperature,2.0,n,氵,-1.1886436367188509
温暖,wēn nuǎn,warm,3.0,"an,a,v",氵,-1.1363081301370197
温柔,wēn róu,gentle and soft; tender; sweet (commonly used to describe a girl or woman),7.0,"a,an,ad",氵,-1.0028773999205385
温泉,Wēn quán | wēn quán,"Arishang Nahiyisi or Wenquan county in Börtala Mongol autonomous prefecture 博尔塔拉蒙古自治州, Xinjiang ; hot spring ; onsen ; spa",7.0,n,氵,-0.923190656817472
温习,wēn xí,to review (a lesson etc),7.0,v,氵,-1.3420166900839001
温馨,wēn xīn,comfort ; soft and fragrant ; warm,7.0,"a,an",氵,-0.6624244386995408
溶解,róng jiě,to dissolve,7.0,v,氵,-0.2887853742969124
沧桑,cāng sāng,abbr. of 沧海桑田 ; great changes ; ups and downs ; vicissitudes,7.0,"n,a",氵,0.8771532215940797
灭亡,miè wáng,to be destroyed ; to become extinct ; to destroy ; to die out ; to exterminate ; to perish,7.0,v,火,0.16319138379776893
灭绝,miè jué,to become extinct; to die out ; to exterminate ; to lose (sth abstract) completely,7.0,"v,vn",火,0.06439061564787497
滋味,zī wèi,feeling ; flavor ; taste,7.0,n,氵,-0.5655764879594137
滋润,zī rùn,comfortably off ; humid ; moist ; to moisten ; to provide moisture,7.0,"v,a,an,vn",氵,-0.2671977805310428
滑冰,huá bīng,skating ; to skate,7.0,"vn,v",氵,1.6396633261955391
滑梯,huá tī,(children's) sliding board ; a slide,7.0,n,氵,-0.7820670520047718
滑稽,huá jī,"comical; funny; amusing (old pr. [gǔ jī]) ; huaji, a form of comedy performance popular in Shanghai, Jiangsu and Zhejiang",7.0,a,氵,0.5203319724843876
滑雪,huá xuě,skiing ; to ski,7.0,"vn,v",氵,-0.1595206545546075
滞留,zhì liú,"(of a person) to remain in (a place) (due to circumstances that prevent one leaving); to be stranded ; (of sth that would typically dissipate, e.g. floodwater, pollutants) to remain; to linger",7.0,v,氵,1.7995103925731117
渗透,shèn tòu,"(chemistry) osmosis ; (lit. and fig.) to permeate ; (of a product, idea etc) to penetrate (in a population) ; (of hostile forces) to infiltrate ; to seep into",7.0,"v,vn",氵,-0.1733087714658563
滚动,gǔn dòng,(to do sth) in a loop ; to progressively expand (economics) ; to roll ; to rumble (of thunder) ; to scroll (computing),7.0,"v,vn",氵,-0.20848307041063
满意,mǎn yì,pleased ; satisfied ; to one's satisfaction,2.0,"v,vn",氵,-1.4431608391255184
满怀,mǎn huái,(of farm animals) heavy with young ; (to collide) full on ; to have one's heart filled with,7.0,v,氵,1.3412846187671668
满足,mǎn zú,content ; satisfied ; to meet (the needs of) ; to satisfy,3.0,"v,an,a,vn",氵,-0.6116747716144401
渔民,yú mín,fisher folk ; fisherman,7.0,n,氵,0.47097899314641145
渔船,yú chuán,fishing boat,7.0,n,氵,-0.5891404847039705
漂亮,piào liang,beautiful ; pretty,2.0,a,氵,-0.9138171332505765
漏洞,lòu dòng,gap ; hole ; leak ; loophole,5.0,n,氵,0.3707225733271022
演出,yǎn chū,concert ; performance ; show ; to act (in a play) ; to perform ; to put on (a performance),3.0,"v,vn",氵,-0.7945768762117564
演员,yǎn yuán,actor or actress ; performer,3.0,n,氵,-1.14854578590491
演唱,yǎn chàng,sung performance ; to sing for an audience,3.0,"v,vn",氵,-1.1652216205860708
演奏,yǎn zòu,to perform on a musical instrument,6.0,"v,vn",氵,-0.7483601975138711
演戏,yǎn xì,fig. to pretend ; to feign ; to perform ; to put on a play,7.0,v,氵,-0.9882845704764665
演技,yǎn jì,acting ; performing skills,7.0,n,氵,-0.611532791002665
演示,yǎn shì,demonstration ; presentation ; to demonstrate ; to show,7.0,"v,vn",氵,1.3410124503280736
演练,yǎn liàn,drill ; to do a drill ; to practice ; training,7.0,"v,vn",氵,0.5317767085039131
演绎,yǎn yì,(logic) to deduce ; (of a story etc) to unfold ; to develop (a technique etc) ; to enact ; to infer ; to play out,7.0,"v,vn",氵,0.6662489413389373
演习,yǎn xí,exercise ; maneuver ; practice ; to maneuver,7.0,"vn,v",氵,0.12363786986201807
演说,yǎn shuō,speech ; to deliver a speech,7.0,"vn,v",氵,-0.848723219591582
演讲,yǎn jiǎng,lecture ; to make a speech,4.0,"vn,v",氵,-1.1563570555439895
演变,yǎn biàn,development ; evolution ; to develop ; to evolve,7.0,"v,vn",氵,-0.5309347331083718
汉字,hàn zì,Chinese character ; Japanese: kanji ; Korean: hanja ; Vietnamese: hán tự,1.0,"nz,n",氵,-0.06565523105833714
漫画,màn huà,Japanese manga ; caricature ; cartoon,5.0,n,氵,-0.8345445391983797
漫游,màn yóu,(mobile telephony) roaming ; to roam ; to travel around,7.0,"vn,v",氵,-0.656305610815595
漫长,màn cháng,endless ; very long,5.0,a,氵,-0.800163160001972
涨价,zhǎng jià,to appreciate (in value) ; to increase in price,5.0,"v,vn",氵,0.19015205683705172
洁净,jié jìng,clean ; to cleanse,7.0,"a,an",氵,0.6617159529517235
潜力,qián lì,capacity ; potential,6.0,n,氵,-0.5477407556168508
潜在,qián zài,hidden ; latent ; potential,7.0,b,氵,0.22089996965301337
潜水,qián shuǐ,(in an online forum) to lurk ; to dive ; to go under water,7.0,"vn,v",氵,0.3312756616497519
潜能,qián néng,hidden capability ; potential,7.0,n,氵,0.6582956910880813
潜艇,qián tǐng,submarine,7.0,n,氵,0.5312559571946417
潦草,liáo cǎo,(of handwriting) scrawly; illegible ; slipshod; careless; slovenly,7.0,a,氵,0.6779658457975559
潮流,cháo liú,current ; tide ; trend,4.0,n,氵,-0.5736363404686718
潮湿,cháo shī,damp ; moist,4.0,"a,an",氵,0.24795545216623943
澄清,chéng qīng | dèng qīng,clear (of liquid) ; limpid ; precipitate (chemistry) ; to be clear (about the facts) ; to become clear (by precipitation of impurities) ; to clarify ; to make sth clear ; to put in order ; to quell disturbances ; to settle (of liquid),7.0,"v,vn",氵,-0.17697761619967575
淀粉,diàn fěn,starch; amylum (C6H10O5)n,7.0,n,氵,1.01164903999802
激光,jī guāng,laser,7.0,n,氵,-0.38136071230445995
激动,jī dòng,to excite ; to move emotionally ; to stir up (emotions),4.0,"a,an",氵,-0.5012637012643281
激励,jī lì,incentive ; motivation ; to encourage ; to urge,7.0,"v,vn",氵,-0.39788277358938695
激化,jī huà,to intensify,7.0,"v,vn",氵,2.0133972000721094
激情,jī qíng,enthusiasm ; fervor ; passion ; strong emotion,6.0,n,氵,-1.0967310306323501
激烈,jī liè,(of a course of action) drastic ; (of an expression of opinion) impassioned ; (of competition or fighting) intense ; (of pain) acute ; extreme ; fierce ; vehement,4.0,"a,ad",氵,-1.0667996231336705
激发,jī fā,(physics) to excite ; to arouse ; to stimulate,7.0,"v,vn",氵,-0.5258574078429705
激素,jī sù,hormone,7.0,n,氵,1.251727186356849
激起,jī qǐ,to arouse ; to cause ; to evoke ; to stir up,7.0,v,氵,-0.31130786842292474
浓厚,nóng hòu,"deep ; dense ; fully saturated (color) ; thick (fog, clouds etc) ; to have a strong interest in",7.0,a,氵,-0.2588421740137756
浓缩,nóng suō,abbr. for 意式浓缩咖啡 ; concentration ; espresso coffee ; to concentrate (a liquid),7.0,"v,vn",氵,0.21711272987633334
浓郁,nóng yù,dense ; full-bodied ; heavy (fragrance) ; intense ; rich ; strong,7.0,a,氵,2.650015675657076
湿度,shī dù,humidity level,7.0,n,氵,-0.2359291164058082
湿润,shī rùn,moist,7.0,"a,v",氵,-0.5629609386285961
滥用,làn yòng,to abuse ; to misuse,7.0,"v,vn",氵,0.10683184735353919
浏览,liú lǎn,to browse ; to skim over,7.0,"v,vn",氵,0.20746703787034476
瀑布,pù bù,waterfall,7.0,n,氵,0.5187225474187382
潇洒,xiāo sǎ,confident and at ease ; free and easy,7.0,"a,ad",氵,0.0675269162879656
灌溉,guàn gài,to irrigate,7.0,"vn,v",氵,-0.015532917540911165
灌输,guàn shū,to channel water to another place ; to imbue with ; to impart ; to inculcate ; to instill into ; to teach,7.0,"v,vn",氵,-0.3566132323295851
火候,huǒ hou,(fig.) crucial moment ; (fig.) mastery ; heat control,7.0,n,火,2.6645849195322318
火山,huǒ shān,volcano,7.0,n,火,-0.10261678123218905
火柴,huǒ chái,match (for lighting fire),5.0,n,火,-0.6501867829316492
火灾,huǒ zāi,serious fire (in a city or a forest etc),5.0,n,火,0.13415949830585866
火炬,huǒ jù,(flaming) torch,7.0,n,火,1.7891189519565904
火焰,huǒ yàn,blaze ; flame,7.0,n,火,0.27502272746392165
火热,huǒ rè,ardent ; burning ; fervent ; fiery ; passionate,7.0,"z,a",火,1.2834576378690632
火箭,huǒ jiàn,rocket,6.0,n,火,-0.20066000798709158
火腿,huǒ tuǐ,ham,5.0,n,火,-0.7704803353734709
火花,huǒ huā,spark ; sparkle,7.0,n,火,-0.20103877868458786
火药,huǒ yào,gunpowder,7.0,n,火,-0.18191296085330194
火车,huǒ chē,train,1.0,n,火,-1.352810486966835
火速,huǒ sù,at a tremendous lick ; at top speed,7.0,d,火,0.23623854770762076
火锅,huǒ guō,hotpot,7.0,n,火,-0.9297118409678288
灰尘,huī chén,dust,7.0,n,火,-0.9503999127269306
灰心,huī xīn,to be discouraged ; to lose heart,7.0,"a,v",火,-0.4941151635462966
灰色,huī sè,ambiguous ; ash gray ; dispirited ; gloomy ; gray ; grizzly ; pessimistic,5.0,n,火,-0.7076114075633406
灼热,zhuó rè,burning hot; scorching,7.0,z,火,0.7724822084304157
灾区,zāi qū,disaster area ; stricken region,5.0,n,火,-0.49773683714228384
灾害,zāi hài,calamity ; disaster,5.0,n,火,-0.2050746013314448
灾难,zāi nàn,disaster; catastrophe,5.0,n,火,-0.17203047876159228
炎热,yán rè,blistering hot ; sizzling hot (weather),7.0,a,火,-0.18972423049238157
炒作,chǎo zuò,to hype ; to promote (in the media),6.0,v,火,2.216750586342808
炫耀,xuàn yào,dazzling ; to flaunt ; to show off,7.0,v,火,0.4360768626407338
炸弹,zhà dàn,bomb,6.0,n,火,-0.6335345338194043
炸药,zhà yào,explosive (material),6.0,n,火,-0.9779997321183442
为主,wéi zhǔ,to attach most importance to ; to rely mainly on,5.0,v,丶,4.643806872678698
为人,wèi rén | wéi rén,behavior; conduct; personal character ; for others' interest ; for sb ; to conduct oneself,7.0,"n,v",丶,-0.2538950365756906
为何,wèi hé,why,6.0,r,丶,-0.3620929138613974
为期,wéi qī,(to be done) by (a certain date) ; lasting (a certain time),5.0,v,丶,1.5155589484081202
为止,wéi zhǐ,(used in combination with words like 到 or 至 in constructs of the form 到...到...为止) ; until,5.0,u,丶,1.7994985997886546
为难,wéi nán,to feel embarrassed or awkward ; to find things difficult (to do or manage) ; to make things difficult (for someone),5.0,"v,a",丶,0.7897853966792489
烈士,liè shì,martyr,7.0,n,灬,-0.6371680001998503
乌云,wū yún,black cloud,6.0,"n,nr",丿,0.2884674520310501
烘干,hōng gān,to dry over a stove,7.0,"v,vn",火,-0.13841843374463594
烘托,hōng tuō,a foil (to set off something to advantage) ; backdrop ; background (of a painting) ; to offset (something to advantage),7.0,v,火,4.6940711668079
烤肉,kǎo ròu,barbecue (lit. roast meat),5.0,n,火,-0.1782794944728559
烤鸭,kǎo yā,roast duck,5.0,n,火,0.5674481731890423
烹调,pēng tiáo,to cook,7.0,"v,vn",灬,-0.37718290904582635
焚烧,fén shāo,to burn ; to set on fire,7.0,v,火,-0.13060716410555637
无偿,wú cháng,free; no charge; at no cost,7.0,"d,b",无,2.2237807290179803
无奈,wú nài,(conjunction) but unfortunately ; exasperated ; frustrated ; helpless ; to have no alternative,5.0,"d,an,a,n",无,-0.6953619590109916
无形,wú xíng,formless ; incorporeal ; intangible ; invisible (assets) ; virtual,7.0,"b,a",无,-0.06395099651874604
无情,wú qíng,heartless ; merciless ; pitiless ; ruthless,7.0,"a,ad",无,0.3130493658252338
无意,wú yì,accidental ; inadvertent ; to have no intention of (doing sth),7.0,v,无,-0.4127241859036375
无故,wú gù,without cause or reason,7.0,d,无,0.07665185698468274
无效,wú xiào,in vain ; ineffective ; not valid,6.0,"v,vn",无,-0.3788871435854189
无数,wú shù,countless ; innumerable ; numberless,4.0,m,无,-0.054056721642579006
无比,wú bǐ,incomparable ; matchless,7.0,z,无,1.8461294275374112
无法,wú fǎ,incapable ; unable,4.0,"v,d",无,-0.31169843190487834
无理,wú lǐ,irrational ; unreasonable,7.0,"a,ad",无,-0.0478077059313153
无疑,wú yí,undoubtedly; without doubt; for sure,5.0,d,无,-0.19662418534023463
无知,wú zhī,ignorance ; ignorant,7.0,"a,an",无,-0.5257272200156526
无私,wú sī,altruistic ; disinterested ; selfless ; unselfish,7.0,"b,v,d,an",无,-1.229143843799203
无穷,wú qióng,boundless ; endless ; inexhaustible,7.0,z,无,-0.5576350304930178
无缘,wú yuán,"(in pop lyrics) no chance of love, no place to be together etc ; no chance ; no connection ; no way (of doing sth) ; not placed (in a competition) ; to have no opportunity",7.0,v,无,-0.45724842284638917
无聊,wú liáo,bored ; boring ; senseless,4.0,"a,an",无,-0.7043567118803908
无能,wú néng,inability ; incapable ; incompetence ; powerless,7.0,a,无,-0.3080649655244323
无论,wú lùn,no matter what or how ; regardless of whether...,4.0,c,无,-0.7076114075633406
无辜,wú gū,innocence ; innocent ; not guilty (law),7.0,"n,a",无,0.36850938026269686
无关,wú guān,having nothing to do (with sth else) ; unrelated,6.0,"v,b",无,0.35704105867425545
无限,wú xiàn,unbounded ; unlimited,4.0,"v,b,d,vn",无,-0.5487704654509363
无非,wú fēi,nothing else ; only,7.0,d,无,2.7426976159230247
无须,wú xū,need not ; not necessarily ; not obliged to,7.0,d,无,2.3837815687917883
焦急,jiāo jí,anxiety ; anxious,7.0,"a,ad",灬,-0.9129058184593499
焦虑,jiāo lǜ,anxious ; apprehensive ; worried,7.0,"a,an",灬,0.14837355705243566
焦距,jiāo jù,focal distance ; focal length,7.0,n,灬,0.4979278734012358
焦躁,jiāo zào,fretful ; impatient,7.0,"a,an",灬,-0.05666047818893789
焦点,jiāo diǎn,focal point; focus (lit. and fig.),6.0,n,灬,-0.9586017458479653
然后,rán hòu,then; after that; afterwards,2.0,c,灬,-1.2616790078442428
然而,rán ér,however; yet; but,4.0,c,灬,-0.7937839564633904
烟囱,yān cōng,chimney,7.0,n,火,1.734558459525894
烟火,yān huǒ,fireworks ; smoke and fire,7.0,n,火,-0.7894877581618978
烟花,yān huā,fireworks ; prostitute (esp. in Yuan theater),6.0,n,火,-1.45539849489341
煤气,méi qì,coal gas ; gas (fuel),5.0,n,火,-0.28007458265106505
煤炭,méi tàn,coal,7.0,n,火,1.5111561478482256
煤矿,méi kuàng,coal mine ; coal seam,7.0,n,火,2.2153421058112257
照例,zhào lì,as a rule ; as usual ; usually,7.0,d,灬,0.5747151059499316
照常,zhào cháng,as usual,7.0,v,灬,-0.7318145506600279
照料,zhào liào,to take care of sb ; to tend,7.0,"v,vn",灬,0.35172694332313414
照明,zhào míng,illumination ; lighting ; to illuminate ; to light up,7.0,"n,v",灬,-0.7776524586604184
照样,zhào yàng,(same) as usual ; as before ; in the same manner ; nevertheless ; still,6.0,d,灬,-0.10886579694345126
照片,zhào piàn,photograph ; picture,2.0,n,灬,-0.7334121829412199
照相,zhào xiàng,to take a photograph,2.0,"v,vn",灬,0.9918251118923098
照耀,zhào yào,to illuminate ; to shine,6.0,"v,vn",灬,0.07716081550949541
照办,zhào bàn,to comply with a request ; to do as instructed ; to follow the rules ; to play by the book,7.0,v,灬,0.5222612043252424
照顾,zhào gu,to attend to ; to look after ; to show consideration ; to take care of,2.0,"v,vn",灬,-0.768918081445655
烦闷,fán mèn,moody; gloomy,7.0,a,火,0.12103411331565768
烦恼,fán nǎo,to be distressed ; to be worried ; worries,7.0,"an,a",火,-1.1839568749354032
烦躁,fán zào,fidgety ; jittery ; twitchy,7.0,a,火,-0.6868997502353227
煽动,shān dòng,to incite ; to instigate,7.0,"v,vn",火,-0.787274565097491
熄火,xī huǒ,"(fig.) to die down ; (of a vehicle) to stall ; (of fire, lamp etc) to go out ; to put out (fire)",7.0,v,火,0.11009833582094773
荧光,yíng guāng,fluorescence ; fluorescent,7.0,n,艹,1.3791456909477853
熟人,shú rén,acquaintance ; friend,3.0,n,灬,-0.023355979964449575
熟悉,shú xī,to be familiar with; to know well,5.0,"v,vn,a",灬,-1.4426400878162469
熟练,shú liàn,practiced ; proficient ; skilled ; skillful,4.0,"a,ad",灬,-0.10744552362741201
熬夜,áo yè,to stay up late or all night,7.0,v,灬,0.21385803419338367
热带,rè dài,the tropics ; tropical,7.0,n,灬,1.1404996106894525
热心,rè xīn,enthusiastic; ardent; zealous,4.0,"a,v,ad,u,an",灬,-0.3991964446470245
热情,rè qíng,cordial ; enthusiastic ; passion ; passionate ; passionately,2.0,"an,a,ad",灬,-0.263280352927045
热爱,rè ài,to adore ; to love ardently,3.0,"v,vn",灬,-1.0867065679288652
热气,rè qì,heat ; steam,7.0,n,灬,-0.03441015250202014
热水,rè shuǐ,hot water,6.0,n,灬,0.09434560871547061
热潮,rè cháo,popular craze ; upsurge,7.0,n,灬,1.0098146176311096
热烈,rè liè,ardent ; enthusiastic ; warm,3.0,"a,ad",灬,-0.8872588164777072
热线,rè xiàn,hotline (communications link),6.0,n,灬,0.38152816299449577
热衷,rè zhōng,deep commitment ; obsession ; to be fond of ; to feel strongly about,7.0,v,灬,0.12297513794096991
热量,rè liàng,calorific value ; heat ; quantity of heat,5.0,n,灬,0.46238659654342457
热门,rè mén,popular; hot; in vogue,5.0,a,灬,-0.18607897132747675
热闹,rè nao,bustling with noise and excitement ; lively,4.0,a,灬,-0.9709695894431734
热点,rè diǎn,hot spot ; point of special interest,6.0,n,灬,1.7966344675876584
燃放,rán fàng,to light ; to set off (firecrackers etc),7.0,v,火,3.7179110447931607
燃料,rán liào,fuel,4.0,n,火,-0.48785435505057556
燃油,rán yóu,fuel oil,7.0,n,火,0.38283004126767595
燃烧,rán shāo,combustion ; flaming ; to burn ; to combust ; to ignite,4.0,"v,vn",火,-0.5749500115263093
灯光,dēng guāng,(stage) lighting ; light,4.0,n,火,-0.6745319066401131
灯泡,dēng pào,light bulb ; see also 电灯泡 ; third-wheel or unwanted third party spoiling a couple's date (slang),7.0,n,火,-0.04573649347868521
灯笼,dēng lóng,lantern,7.0,n,火,-0.17057482709217806
烧烤,shāo kǎo,barbecue ; to roast,7.0,"vn,v",火,-0.635357163401856
燕子,yàn zi,swallow,7.0,n,灬,0.24704413737501288
营救,yíng jiù,to rescue,7.0,"v,vn",艹,-0.076200445071095
营业,yíng yè,to do business ; to trade,4.0,"vn,v",艹,-0.6021474746513106
营造,yíng zào,to build (housing) ; to construct ; to make,7.0,v,艹,1.0751806997291984
营养,yíng yǎng,nourishment ; nutrition,3.0,n,艹,-1.2490507885943976
灿烂,càn làn,brilliant ; splendid ; to glitter,7.0,a,火,1.6400420968930343
爆满,bào mǎn,"filled to capacity (of theater, stadium, gymnasium etc)",7.0,v,火,0.4769440476341221
爆炸,bào zhà,explosion ; to blow up ; to detonate ; to explode,6.0,"v,vn",火,-0.9315226777658231
爆发,bào fā,to break out ; to burst out ; to erupt ; to explode,6.0,"v,vn",火,-0.5168862405424873
爆竹,bào zhú,firecracker,7.0,n,火,3.98543523714717
炉子,lú zi,furnace ; oven ; stove,7.0,n,火,0.9974349812514415
炉灶,lú zào,stove,7.0,n,火,0.8230186709987114
爬山,pá shān,hiking ; mountaineering ; to climb a mountain ; to mountaineer,2.0,"v,vn",爪,-1.2210604057210301
争光,zhēng guāng,to strive to win a prize ; to win an honor,7.0,v,亅,0.839138376017226
争取,zhēng qǔ,to fight for ; to strive for ; to win over,3.0,v,亅,-0.5209456487582615
争吵,zhēng chǎo,dispute ; to quarrel,7.0,"v,vn",亅,-0.1595206545546075
争执,zhēng zhí,to argue opinionatedly ; to disagree ; to dispute ; to wrangle,7.0,"vn,v",亅,-0.6987468425212592
争夺,zhēng duó,to contest ; to fight over ; to vie over,6.0,"v,vn",亅,0.17153519753057997
争气,zhēng qì,determined not to fall short ; to resolve on improvement ; to work hard for sth,7.0,a,亅,0.04889826419703506
争端,zhēng duān,conflict ; controversy ; dispute,7.0,n,亅,0.89069275563515
争论,zhēng lùn,argument ; contention ; controversy ; debate ; to argue ; to contend ; to debate,4.0,"v,vn",亅,-1.0997253506606641
争议,zhēng yì,controversy ; dispute ; to dispute,5.0,"vn,v",亅,-0.5125782494565344
爵士,jué shì,(loanword) jazz ; Sir ; knight,7.0,n,爫,0.6696220320647464
父子,fù zǐ,father and son,6.0,n,父,-0.9862015652393775
父母,fù mǔ,father and mother; parents,3.0,n,父,-1.0395785744397532
父亲,fù qīn,also pr. [fù qin] ; father,3.0,n,父,-0.9410263891600364
爸爸,bà ba,(coll.) father; dad,1.0,n,父,-0.7663497032526708
爷爷,yé ye,(coll.) father's father ; paternal grandfather,1.0,n,父,-0.4188665993564995
爽快,shuǎng kuai,frank and straightforward ; refreshed ; rejuvenated,7.0,a,爻,0.5011707762997282
墙壁,qiáng bì,wall,5.0,n,土,-0.38265079779318284
片段,piàn duàn,episode (of story etc) ; extract (from book etc) ; fragment (of speech etc),7.0,n,片,-0.17865826517035222
片面,piàn miàn,one-sided ; unilateral,4.0,"a,ad",片,1.3558538626423242
牌子,pái zi,brand ; sign ; trademark,3.0,n,片,-0.5496817802421615
牌照,pái zhào,(business) license ; car registration ; license plate ; vehicle license,7.0,n,片,0.4161699178455392
牙刷,yá shuā,toothbrush,4.0,n,牙,-0.5106372248312236
牙膏,yá gāo,toothpaste,7.0,n,牙,0.48855434983434026
牙齿,yá chǐ,dental ; tooth,7.0,n,牙,-0.7811557372135451
牛奶,niú nǎi,cow's milk,1.0,n,牛,-0.3544118320496371
牡丹,Mǔ dan | mǔ dan,"Mudan District of Heze City 菏泽市, Shandong ; Mutan township in Pingtung County 屏东县, Taiwan ; tree peony (Paeonia suffruticosa)",7.0,n,牛,0.32398514331994527
牢固,láo gù,firm ; secure,7.0,a,牛,0.15487115563387777
牢记,láo jì,to keep in mind ; to remember,7.0,v,牛,0.3843922951954919
牧场,mù chǎng,grazing land ; pasture ; ranch,7.0,n,牛,0.13325997629909056
牧民,mù mín,herdsman,7.0,n,牛,0.9845581791314205
物价,wù jià,(commodity) prices,5.0,n,牛,-0.3096154266677909
物品,wù pǐn,articles; goods,6.0,n,牛,-1.2888882637537014
物证,wù zhèng,material evidence,7.0,n,牛,0.05424775790152951
物资,wù zī,goods ; supplies,7.0,n,牛,-1.5010944222820242
物质,wù zhì,material ; materialistic ; matter ; substance,5.0,n,牛,-0.7271395816610389
物体,wù tǐ,object; body; substance,7.0,n,牛,0.5199060306490593
牲畜,shēng chù,domesticated animals ; livestock,7.0,n,牛,1.0655468005076671
特例,tè lì,isolated example ; special case,7.0,n,牛,1.109656888399548
特价,tè jià,special price,4.0,n,牛,-0.3439850130797398
特别,tè bié,(often followed by 是) in particular ; expressly; for a specific purpose ; unusual; special ; very; especially; particularly,2.0,"d,a",牛,-0.4029954772081644
特定,tè dìng,designated ; particular ; special ; specific,5.0,b,牛,-0.11030965582840811
特征,tè zhēng,characteristic ; diagnostic property ; distinctive feature ; trait,4.0,n,牛,-0.5598364307729643
特性,tè xìng,characteristic ; property,5.0,n,牛,-0.21564340091311876
特意,tè yì,intentionally ; specially,6.0,d,牛,0.47293181055618244
特权,tè quán,prerogative ; privilege ; privileged,7.0,n,牛,-0.7522540395489528
特殊,tè shū,extraordinary ; particular ; special ; unusual,4.0,"a,ad",牛,-0.18191296085330194
特产,tè chǎn,(regional) specialty ; special local product,7.0,n,牛,-0.21327643445247954
特色,tè sè,characteristic ; distinguishing feature or quality,3.0,n,牛,-0.6786979171142894
特质,tè zhì,characteristic ; special quality,7.0,n,牛,-0.23893522921858096
特邀,tè yāo,special invitation,7.0,"vn,v",牛,3.876893967517343
特点,tè diǎn,characteristic (feature) ; feature ; trait,2.0,n,牛,-0.7251749714668105
牵制,qiān zhì,to control ; to curb ; to impede ; to pin down (enemy troops) ; to restrict,7.0,"v,vn",大,0.5295635154395064
牵扯,qiān chě,to be interrelated ; to implicate ; to involve,7.0,v,大,0.8728570232925855
牵挂,qiān guà,to be concerned about ; to worry about,7.0,"v,vn",大,0.09838143136232902
牵涉,qiān shè,implicated ; to involve,7.0,v,大,0.054756716426343666
牺牲,xī shēng,beast slaughtered as a sacrifice ; to sacrifice (sth valued) ; to sacrifice one's life,6.0,"v,vn",牛,-0.12423975335143209
犯罪,fàn zuì,crime; offense ; to commit a crime,6.0,"vn,v",犭,-1.1868210071363992
犯规,fàn guī,a foul ; an illegality ; to break the rules,6.0,"v,vn",犭,0.4326919791304647
状元,zhuàng yuán,(fig.) the most brilliantly talented person in the field ; leading light ; see 眼 and 花 ; top scorer in college entrance examination 考 ; top scorer in the palace examination (highest rank of the Imperial examination system),7.0,n,犬,-0.12137562115043746
状态,zhuàng tài,condition; state; state of affairs,3.0,n,犬,0.4264193778502853
状况,zhuàng kuàng,condition; state; situation,3.0,n,犬,-0.46064509914111557
狂欢,kuáng huān,carousal ; hilarity ; merriment ; party ; to carouse ; whoopee,7.0,"v,vn",犭,-0.36455468979598105
狂热,kuáng rè,fanatical ; feverish ; zealotry,7.0,"a,an",犭,-0.2714703932636194
狡猾,jiǎo huá,crafty; cunning; sly,7.0,"a,an",犭,-0.5123178738018986
狭小,xiá xiǎo,narrow,7.0,a,犭,0.4453084055958515
狭窄,xiá zhǎi,narrow,7.0,a,犭,0.5989418346155376
狭隘,xiá ài,lacking in experience ; narrow ; narrow minded ; tight,7.0,a,犭,2.963649944450568
狼狈,láng bèi,in a difficult situation ; scoundrel! (derog.) ; to cut a sorry figure,7.0,"an,ad",犭,-1.231345244079151
猖狂,chāng kuáng,furious ; savage,7.0,"a,ad",犭,-0.23555034570831337
猛烈,měng liè,fierce; violent; vigorous; intense,7.0,"a,ad",犭,-0.3612999941130314
猛然,měng rán,abruptly ; suddenly,7.0,d,犭,0.5299304933525442
猜想,cāi xiǎng,(math.) hypothesis ; to guess; to conjecture; to suppose,7.0,"v,vn",犭,0.24536348840433783
猜测,cāi cè,to conjecture ; to guess ; to surmise,5.0,"v,vn",犭,-0.24113662949852893
猜谜,cāi mí,to answer a riddle ; to guess (i.e. form an opinion without much evidence),7.0,v,犭,0.02757104608579972
猩猩,xīng xing,(slang) dialect speaker whose speech is corrupted by Standard Mandarin ; orangutan,7.0,n,犭,0.5846211736105585
犹如,yóu rú,similar to; like,7.0,v,犭,-0.15263249249121177
犹豫,yóu yù,to hesitate,5.0,"a,an",犭,-0.21901649163892906
狮子,Shī zǐ | shī zi,"Leo (star sign) ; Shihtzu township in Pingtung County 屏东县, Taiwan ; lion",7.0,n,犭,-1.0645864300692651
奖励,jiǎng lì,reward (as encouragement) ; to reward,5.0,"vn,v",大,-0.5826310933380711
奖品,jiǎng pǐn,award ; prize,7.0,n,大,-1.4749266689911082
奖杯,jiǎng bēi,trophy cup,7.0,n,大,0.011546150541229538
奖牌,jiǎng pái,medal (awarded as a prize),7.0,n,大,-0.6551457131541915
奖金,jiǎng jīn,award money ; bonus ; premium,4.0,n,大,-0.4969792957472927
独唱,dú chàng,(in singing) solo ; to solo,7.0,"vn,v",犭,0.38113759951254217
独家,dú jiā,exclusive,7.0,"d,b",犭,-1.0269503551899095
独特,dú tè,unique; distinctive,4.0,a,犭,-1.2218415326849374
独立,dú lì,independence ; independent ; to stand alone,4.0,"a,v,ad,an,vn",犭,-1.8234394827213642
独自,dú zì,alone,4.0,d,犭,-0.9140775089052121
独身,dú shēn,single ; unmarried,7.0,n,犭,-0.8698254404015536
获胜,huò shèng,to triumph ; to win ; victorious,7.0,"v,vn",艹,-1.0574143067823176
获取,huò qǔ,to gain; to get; to acquire,4.0,"v,vn",艹,-0.6857398525739177
获得,huò dé,to obtain; to receive; to get,4.0,v,艹,-1.1973662211491558
获悉,huò xī,to find out ; to get news ; to learn of sth,7.0,v,艹,1.2267193307273372
获奖,huò jiǎng,to win an award,4.0,"v,vn",艹,0.5307116203164515
猎人,liè rén,hunter,7.0,n,犭,-0.9069171784027233
猎犬,liè quǎn,hound ; hunting dog,7.0,n,犭,0.3542005120421767
玄机,xuán jī,mysterious principles ; profound theory (in Daoism and Buddhism),7.0,n,玄,-0.49838777627887465
率先,shuài xiān,to show initiative ; to take the lead,4.0,d,玄,0.11438274133798308
率领,shuài lǐng,to command ; to head ; to lead,5.0,"v,vn",玄,0.1830035191190217
玉米,yù mǐ,corn ; maize,4.0,n,玉,1.1854144111141593
王后,wáng hòu,queen,6.0,n,王,-0.7038241677866606
王国,wáng guó,kingdom ; realm,7.0,"n,nr",王,-0.24609555972106975
王子,wáng zǐ,prince ; son of a king,6.0,"n,nr",王,-1.0549407380632767
王牌,wáng pái,trump card,7.0,"n,nz",王,-0.05965479821725186
玩具,wán jù,plaything ; toy,3.0,n,王,-0.8435392920677789
玩耍,wán shuǎ,to amuse oneself ; to play (as children do),7.0,v,王,-0.32329694132063796
玫瑰,méi guī,rose flower ; rugosa rose (shrub) (Rosa rugosa),7.0,n,王,-0.622066212230964
玻璃,bō li,(slang) male homosexual ; glass,5.0,n,王,-0.44554331117222923
珍惜,zhēn xī,to cherish ; to treasure ; to value,5.0,"v,vn",王,-1.0852745018283672
珍珠,zhēn zhū,pearl,5.0,n,王,-0.6848167449982338
珍藏,zhēn cáng,a collection of rare and valuable items ; to collect (such items),7.0,"v,n",王,-0.0525062604992204
珍视,zhēn shì,to place great importance on ; to treasure,7.0,"v,vn",王,2.5287754300706524
珍贵,zhēn guì,precious,5.0,a,王,-1.4805247455657813
珍重,zhēn zhòng,(honorific) Please take good care of yourself! ; extremely valuable ; precious,7.0,v,王,-1.0041674854092613
珠宝,zhū bǎo,jewels ; pearls ; precious stones,6.0,n,王,-0.8263427060773464
班级,bān jí,class (group of students) ; grade (in school),3.0,n,王,-0.4923991362222467
班长,bān zhǎng,class monitor ; squad leader ; team leader,2.0,n,王,-0.8890932388446161
现代,Xiàn dài | xiàn dài,"Hyundai, South Korean company ; modern age ; modern era ; modern times",3.0,t,王,-1.1872233634028102
现任,xiàn rèn,"(coll.) current boyfriend (girlfriend, spouse) ; current (president etc) ; incumbent ; to occupy a post currently",7.0,"b,v",王,-0.7594143700514415
现在,xiàn zài,at present ; at the moment ; current ; modern ; now ; nowadays,1.0,t,王,-1.3599708174693237
现场,xiàn chǎng,"(at) the site ; (on) the spot ; the scene (of a crime, accident etc)",3.0,s,王,-1.2381150110996861
现实,xiàn shí,actual ; actuality ; materialistic ; pragmatic ; real ; realistic ; reality ; self-interested,3.0,"n,a",王,-0.5923951803869203
现成,xiàn chéng,readily available ; ready-made,7.0,b,王,0.9128128934947488
现有,xiàn yǒu,currently available ; currently existing,5.0,"v,vn",王,-0.78858823615513
现状,xiàn zhuàng,current situation,5.0,n,王,0.09863001423250596
现行,xiàn xíng,current ; in force ; to be in effect,7.0,b,王,3.9545689292883495
现象,xiàn xiàng,appearance ; phenomenon,3.0,n,王,-0.8163064505894028
现金,xiàn jīn,cash,3.0,n,王,-1.6679952169036847
球员,qiú yuán,(ball sports) player; team member,6.0,n,王,-1.2616790078442428
球场,qiú chǎng,court ; field ; golf course ; pitch ; sports ground ; stadium,2.0,n,王,0.11542424395652752
球拍,qiú pāi,racket,6.0,n,王,1.3797848372999173
球星,qiú xīng,sports star (ball sport),6.0,n,王,2.041766353642973
球迷,qiú mí,fan (ball sports),3.0,n,王,0.467463921808826
球队,qiú duì,"sports team (basketball, soccer, football etc)",2.0,n,王,-0.30544941619361465
球鞋,qiú xié,athletic shoes,2.0,n,王,-0.020870618460949786
理事,lǐ shì,(literary) to take care of matters ; member of council,7.0,n,王,2.683473947277798
理念,lǐ niàn,concept ; idea ; philosophy ; theory,7.0,n,王,-0.5358818705464554
理性,lǐ xìng,rational ; rationality ; reason,7.0,n,王,-0.8540609205116192
理想,lǐ xiǎng,a dream ; an ideal ; ideal ; perfect,2.0,"n,a",王,-0.8959814009080119
理智,lǐ zhì,intellect ; rational ; rationality ; reason,6.0,"n,a",王,-0.5824891127262944
理会,lǐ huì,to pay attention to ; to take notice of ; to understand,7.0,v,王,0.06906558464686427
理由,lǐ yóu,grounds ; justification ; reason,3.0,n,王,-1.168085752787067
理睬,lǐ cǎi,to heed ; to pay attention to,7.0,"v,vn",王,1.2834812234379804
理科,lǐ kē,the sciences (as opposed to the humanities 科),7.0,n,王,-0.16811305115759437
理解,lǐ jiě,to comprehend; to understand,3.0,"v,vn",王,-0.9821775353769778
理论,lǐ lùn,theory ; to argue ; to take notice of,3.0,n,王,-1.0403597014036619
理财,lǐ cái,to manage wealth; to manage finances; money management,6.0,"vn,v",王,-0.2734350034578477
理发,lǐ fà,to cut (sb's) hair; to give (sb) a haircut ; to get a haircut; to have one's hair done,3.0,"v,vn",王,-0.2345206358742277
琢磨,zhuó mó | zuó mo,Taiwan pr. [zhuó mó] ; to carve and polish (jade) ; to mull over ; to polish and refine a literary work ; to ponder ; to think through,7.0,v,王,1.4383693595930123
环保,huán bǎo,abbr. for 环境保护 ; environmental protection ; environmentally friendly,3.0,n,王,-1.0917956859787254
环境,huán jìng,ambient ; circumstances ; environment ; surroundings,3.0,n,王,-0.9142194895169887
环球,huán qiú,around the world ; worldwide,7.0,"n,nz",王,0.7148090009285474
环节,huán jié,"(fig.) a part of an integrated whole: aspect (of a project), element (of a policy), sector (of the economy), stage (of a process) etc ; (zoology) segment (of the body of a worm, centipede etc)",5.0,n,王,-0.25587143955437774
环绕,huán rào,to circle ; to revolve around ; to surround,7.0,"v,vn",王,1.4178114756612268
瓜分,guā fēn,to divide up ; to partition,7.0,v,瓜,2.9375770006335946
瓜子,guā zǐ,"melon seed ; seeds of pumpkin, watermelon or sunflower etc, roasted and flavored, consumed as a snack",7.0,n,瓜,0.13704721607577056
瓶子,píng zi,bottle,2.0,n,瓦,-0.7011020161974412
瓶颈,píng jǐng,(fig.) bottleneck ; neck of a bottle ; problem that impedes progress,7.0,n,瓦,3.155676989744602
瓷器,cí qì,chinaware ; porcelain,7.0,n,瓦,0.7556879787063957
甘心,gān xīn,to be willing to ; to resign oneself to,7.0,v,甘,0.12154307184047186
甚至,shèn zhì,even; so much so that,4.0,"d,c",甘,-0.0745080033159612
甜美,tián měi,happy ; pleasant ; sweet,7.0,"a,an",甘,-0.16565127522301068
甜蜜,tián mì,happy ; sweet,7.0,"a,an",甘,-0.8745004094005441
甜头,tián tou,"benefit ; sweet taste (of power, success etc)",7.0,n,甘,2.347198789315434
生前,shēng qián,(of a deceased) during one's life ; while living,7.0,t,生,0.7586822987347096
生动,shēng dòng,lively ; vivid,3.0,"a,ad",生,-1.052987920653507
生命,shēng mìng,life (as the characteristic of living beings) ; living being; creature,3.0,n,生,-1.6778894917798532
生存,shēng cún,to exist ; to survive,3.0,"v,vn",生,-1.5405413339593743
生平,shēng píng,in one's entire life ; life (a person's whole life),7.0,n,生,0.016221119540219996
生怕,shēng pà,afraid ; extremely nervous ; for fear that ; so as not to ; to avoid ; to fear,7.0,v,生,4.174598150240209
生意,shēng yi | shēng yì,business ; life force ; vitality,3.0,n,生,-1.3930503183925511
生态,shēng tài,ecology,7.0,n,生,0.7968155393544212
生成,shēng chéng,to be born with; to be blessed with ; to generate; to produce; to form; to be formed; to come into being,5.0,"v,vn",生,2.5927330316371595
生效,shēng xiào,to go into effect ; to take effect,7.0,v,生,1.232956553654142
生日,shēng rì,birthday,1.0,n,生,-1.1334439979360236
生机,shēng jī,life force ; opportunity to live ; to reprieve from death ; vitality,7.0,n,生,-0.036493157739107544
生死,shēng sǐ,life or death,7.0,"n,v",生,-0.7010902234129823
生气,shēng qì,angry ; liveliness ; to get angry ; to take offense ; vitality,1.0,"a,n,v,an",生,-1.5615015741575706
生活,shēng huó,life ; livelihood ; to live,2.0,"vn,v",生,-1.1066370982929759
生涯,shēng yá,career ; life (way in which sb lives) ; period of one's life,7.0,n,生,0.3907597059496135
生物,shēng wù,biological ; life form ; living creature ; organism,7.0,n,生,-1.4408174582337954
生理,shēng lǐ,physiology,7.0,n,生,-0.7047472753623445
生产,shēng chǎn,to give birth to a child ; to produce; to manufacture,3.0,"vn,v",生,-1.1993190385589252
生病,shēng bìng,to fall ill,1.0,v,生,0.2340135618587555
生硬,shēng yìng,harsh ; stiff,7.0,a,生,0.49217602343032774
生育,shēng yù,fertility ; to bear ; to bring up (children) ; to give birth ; to grow ; to rear,7.0,"vn,v",生,-0.5713165451458634
生长,shēng zhǎng,to be brought up ; to grow ; to grow up,3.0,"v,vn",生,1.0329762581092528
产值,chǎn zhí,output value ; value of output,7.0,n,亠,3.708916291923762
产品,chǎn pǐn,goods ; merchandise ; product,4.0,n,亠,-0.612964857103163
产地,chǎn dì,manufacturing location ; place of origin ; source (of a product),7.0,n,亠,1.26614265683577
产业,chǎn yè,estate ; industrial ; industry ; property,5.0,n,亠,1.3995733870522513
产物,chǎn wù,product ; result (of),7.0,n,亠,0.4623748037589673
产生,chǎn shēng,to arise; to come into being; to come about ; to give rise to; to bring into being; to bring about; to produce; to engender; to generate,3.0,"v,vn",亠,-0.6979775083418094
产量,chǎn liàng,output,6.0,n,亠,0.7713105179845549
苏醒,sū xǐng,to awaken ; to come to ; to regain consciousness,7.0,"v,vn",艹,0.4198151770104425
用人,yòng rén,servant ; to be in need of staff ; to employ sb for a job ; to manage people,7.0,"vn,v",用,1.4372094619316071
用来,yòng lái,to be used for,5.0,"v,nr",用,0.3859663419077651
用力,yòng lì,to exert oneself physically,7.0,"ad,a,v",用,-0.9433697700517597
用功,yòng gōng,diligent ; industrious (in one's studies) ; to make great effort ; to study hard,7.0,"a,v",用,1.1418132817470914
用品,yòng pǐn,articles for use ; goods ; products,6.0,n,用,-0.22083912122138072
用心,yòng xīn,careful ; intention ; motive ; to be diligent or attentive,6.0,"ad,n,a,v",用,-1.2537375503778454
用意,yòng yì,intention ; purpose,7.0,n,用,-0.2912825285848696
用户,yòng hù,consumer ; customer ; subscriber ; user,5.0,n,用,-0.39777617133098525
用法,yòng fǎ,usage,6.0,"n,v",用,-0.4964349588691051
用处,yòng chu,usefulness,6.0,n,用,-0.2147438789063521
用途,yòng tú,use; application,4.0,n,用,-0.3971134394099371
用餐,yòng cān,to eat a meal,7.0,"v,vn",用,0.3718942637729645
田径,tián jìng,track and field (athletics),6.0,n,田,0.02351163787002666
由来,yóu lái,origin,7.0,n,田,1.5810434255490697
由于,yóu yú,as a result of ; because ; due to ; owing to ; since ; thanks to,3.0,"p,c",田,-0.17644507210594548
由此,yóu cǐ,from this ; hereby,5.0,d,田,-0.23763335094540078
由衷,yóu zhōng,heartfelt ; sincere ; unfeigned,7.0,"d,b",田,2.8408474449363297
申报,shēn bào,to declare (to customs) ; to report (to the authorities),7.0,"v,vn",田,0.7647775410497383
申请,shēn qǐng,application form ; to apply for sth,4.0,"v,n,vn",田,-0.8178922900861347
申办,shēn bàn,to apply for ; to bid for,7.0,,田,1.1047097509614643
男人,nán rén,a male ; a man ; men,1.0,n,田,-1.3765046715387081
男士,nán shì,gentleman ; man,4.0,n,田,-1.132662870972115
男女,nán nǚ,male and female ; male-female,4.0,n,田,-0.5159749257512608
男子,nán zǐ,a man; a male,3.0,n,田,-1.3019070464855003
男性,nán xìng,a male ; the male sex,5.0,n,田,-0.6584004088371412
男生,nán shēng,boy ; guy (young adult male) ; male student ; schoolboy,1.0,n,田,-1.1551853650981272
界定,jiè dìng,definition ; to delimit,7.0,"v,vn",田,0.42959105684375043
界线,jiè xiàn,bounds ; dividing line ; limits,7.0,n,田,0.26801617035766806
界限,jiè xiàn,boundary,7.0,n,田,-0.20325197174899315
畏惧,wèi jù,foreboding ; to dread ; to fear,7.0,v,田,-0.39346818024503377
畏缩,wèi suō,to cower ; to flinch ; to quail ; to recoil,7.0,v,田,-0.1933576968728261
留下,liú xià,not to let (sb) go ; to keep ; to leave behind ; to remain ; to stay behind,2.0,v,田,-0.11004928017377238
留学,liú xué,to study abroad,3.0,"v,vn",田,0.10528138621018206
留心,liú xīn,to be careful; to pay attention to,7.0,v,田,-0.8021159774117416
留念,liú niàn,to keep as a souvenir ; to recall fondly,7.0,v,田,-0.9195453976525687
留意,liú yì,to be mindful ; to pay attention to ; to take note of,7.0,"v,vn",田,-0.17085878831572993
留恋,liú liàn,reluctant to leave ; to hate to have to go ; to recall fondly,7.0,"v,vn",田,-0.6060531094708511
留神,liú shén,to be careful ; to take care,7.0,v,田,0.649715087269553
留言,liú yán,message ; to leave a message ; to leave one's comments,6.0,"n,v,vn",田,-0.7310334236961207
毕业,bì yè,graduation ; to finish school ; to graduate,4.0,"v,vn",比,-1.4837794412487308
毕竟,bì jìng,after all ; all in all ; in the final analysis ; when all is said and done,5.0,d,比,-0.8734589067819997
略微,lu:è wēi,a little bit ; slightly,7.0,d,田,2.7201869145814714
番茄,fān qié,tomato,6.0,n,田,-0.6576192818732325
画册,huà cè,picture album,7.0,n,田,0.2976872022017118
画家,huà jiā,painter,2.0,n,田,-0.474054445354868
画展,huà zhǎn,art exhibition,7.0,n,田,1.5170146000775344
画面,huà miàn,(motion picture) frame ; field of view ; image ; picture ; scene ; screen (displayed by a computer) ; tableau,5.0,n,田,-0.040659168213283824
异常,yì cháng,extremely; exceptionally ; unusual; abnormal,6.0,"a,d,an",廾,-0.23854466573662736
异性,yì xìng,different in nature ; heterosexual ; of the opposite sex ; the opposite sex,7.0,n,廾,-0.7491413244777783
异议,yì yì,dissent ; objection,7.0,n,廾,0.016090931712900654
当下,dāng xià,at once ; at that moment ; at the moment ; immediately,7.0,"t,d",⺌,0.07390611982654571
当中,dāng zhōng,among ; in the center ; in the middle,3.0,f,⺌,-0.28487973947737333
当今,dāng jīn,current ; now ; nowadays ; present,7.0,t,⺌,-0.2843589881681004
当代,dāng dài,the contemporary era ; the present age,5.0,t,⺌,-0.1717583103224977
当作,dàng zuò,to regard as ; to treat as,6.0,v,⺌,0.1210459061001165
当初,dāng chū,at that time ; originally,3.0,t,⺌,-0.7838896815872234
当前,dāng qián,the present time ; to be faced with,5.0,t,⺌,0.7892764381544373
当即,dāng jí,at once ; on the spot,7.0,d,⺌,10.233926733371485
当地,dāng dì,local,3.0,s,⺌,0.1707776561355874
当场,dāng chǎng,at the scene ; on the spot,5.0,d,⺌,0.7086783802601431
当天,dàng tiān | dāng tiān,on that day ; the same day,6.0,t,⺌,0.6817412927897787
当年,dàng nián | dāng nián,during that time ; in those days ; in those years ; that very same year ; then,5.0,t,⺌,-0.6876926699836886
当心,dāng xīn,to look out ; to take care,7.0,v,⺌,0.4886609520927408
当成,dàng chéng,to consider as; to take to be,6.0,v,⺌,2.1629712208760212
当日,dàng rì | dāng rì,on that day ; that very day ; the same day,7.0,t,⺌,-0.4469635844882685
当时,dàng shí | dāng shí,at once ; at that time ; right away ; then ; while,2.0,t,⺌,-0.5688311836423635
当晚,dàng wǎn | dāng wǎn,on that evening ; the same evening,7.0,t,⺌,-0.2998513396189418
当然,dāng rán,as it should be ; certainly ; of course ; only natural ; without doubt,3.0,"d,b",⺌,-1.8704372883831581
当真,dàng zhēn,"No joking, really! ; serious ; to take seriously",7.0,"d,v",⺌,0.9085284879777146
当众,dāng zhòng,in front of everybody ; in public,7.0,d,⺌,-0.251030904374696
当选,dāng xuǎn,to be elected ; to be selected,5.0,"v,vn",⺌,0.6662607341233946
当面,dāng miàn,in sb's presence ; to sb's face,7.0,d,⺌,-0.3412510687060616
畸形,jī xíng,abnormality ; deformity,7.0,"n,v",田,0.5059995186949512
疏导,shū dǎo,persuasion ; to clear the way ; to dredge ; to enlighten ; to open up a path for ; to remove obstructions,7.0,"v,vn",疋,0.3501528966108609
疏忽,shū hu,carelessness ; negligence ; to neglect ; to overlook,7.0,"vn,v",疋,-0.7385843176805631
疏散,shū sàn,scattered ; to disperse ; to evacuate ; to relax ; to scatter,7.0,"v,vn",疋,0.027938023998838702
疏通,shū tōng,to clear the way ; to dredge ; to explicate (a text) ; to facilitate ; to get things flowing ; to lobby ; to mediate ; to unblock,7.0,v,疋,0.248227620605334
疑问,yí wèn,doubt ; interrogation ; question,4.0,n,疋,-0.4490819680787321
疑惑,yí huò,misgivings ; suspicions ; to distrust ; to doubt ; to puzzle over ; unconvincing,7.0,"v,vn",疋,-0.2325560256799994
疑虑,yí lǜ,doubt ; hesitation ; misgivings,7.0,"n,v",疋,-0.4942335585891572
疑点,yí diǎn,a doubtful point,7.0,n,疋,-0.12267749942361617
疫苗,yì miáo,vaccine,7.0,n,疒,-0.29073819170668197
疲倦,pí juàn,tired ; to tire,7.0,"a,an",疒,-0.35141751202132315
疲劳,pí láo,fatigue ; wearily ; weariness ; weary,7.0,"a,an,ad",疒,-0.9729224068529428
疲惫,pí bèi,beaten ; exhausted ; tired,7.0,"a,an,v,ad",疒,0.708571778001741
疼痛,téng tòng,(of a body part) to be painful; to be sore; to hurt ; (of a person) to be in pain ; pain,6.0,"an,a,n",疒,-0.7408093035294272
疾病,jí bìng,disease; sickness; ailment,6.0,n,疒,-0.5065896093999079
病人,bìng rén,invalid ; patient ; sick person,1.0,n,疒,-1.0939970862586734
病床,bìng chuáng,hospital bed ; sickbed,7.0,n,疒,0.42071469901721026
病情,bìng qíng,patient's condition ; state of an illness,6.0,n,疒,0.13652646476649907
病房,bìng fáng,sickroom ; ward (of a hospital),6.0,n,疒,-0.9536664011943391
病毒,bìng dú,virus,5.0,n,疒,-0.6134738156279756
病症,bìng zhèng,disease ; illness,7.0,n,疒,-0.47846903869922125
症状,zhèng zhuàng,symptom (of an illness),6.0,n,疒,0.20773920630943926
痕迹,hén jì,mark ; trace ; vestige,7.0,n,疒,0.11009833582094773
痛心,tòng xīn,grieved ; pained,7.0,a,疒,0.08783621734957116
痛快,tòng kuài,also pr. [tòng kuai] ; delighted ; straightforward ; to one's heart's content,4.0,"a,an",疒,-1.0273527114563203
痛苦,tòng kǔ,pain ; painful ; suffering,3.0,"an,a,ad",疒,-0.6592999308439089
痴心,chī xīn,infatuation,7.0,n,疒,-0.09545645072969879
痴迷,chī mí,infatuated ; obsessed,7.0,"v,vn",疒,4.531052421436862
疯子,fēng zi,lunatic ; madman,7.0,n,疒,-0.48487182780671895
疯狂,fēng kuáng,crazy; frenzied; wild,5.0,"a,ad,an",疒,-1.1521910450698132
瘟疫,wēn yì,plague; pestilence,7.0,n,疒,-0.05263644832653827
疗效,liáo xiào,healing efficacy; healing effect,7.0,n,疒,0.6014271961190375
疗法,liáo fǎ,therapy ; treatment,7.0,n,疒,0.7405743979530494
疗养,liáo yǎng,convalescence ; to convalesce ; to get well ; to heal ; to nurse ; to recuperate,4.0,"v,vn",疒,0.6987958981684345
癌症,ái zhèng,cancer,7.0,n,疒,-0.34347605455492564
症结,zhēng jié,crux of an issue ; deadlock in negotiations ; hard lump in the abdomen (in Chinese medicine) ; main point in an argument ; sticking point,7.0,n,疒,3.2163091389214093
瘫痪,tān huàn,"be paralyzed (body, transportation, etc) ; paralysis",7.0,"v,vn",疒,0.3765928183408696
登山,dēng shān,climbing ; mountaineering ; to climb a mountain,4.0,"vn,v",癶,-1.3378506796097238
登机,dēng jī,to board a plane,7.0,"v,vn",癶,-0.4043921649552864
登记,dēng jì,to register (one's name),4.0,"v,vn",癶,-0.9449320239795757
登录,dēng lù,to log in ; to register,4.0,"v,vn",癶,-0.5839329716112512
登陆,dēng lù,to come ashore ; to land ; to log in (frequently used erroneous variant of 登录) ; to make landfall (of typhoon etc),7.0,"v,vn",癶,-0.6490268852702457
发作,fā zuò,to flare up; to break out,7.0,"v,vn",又,0.30042114657538854
发出,fā chū,"to issue (an order, decree etc); to send out; to dispatch ; to produce (a sound); to let out (a laugh)",3.0,v,又,0.059597251606025435
发动,fā dòng,to arouse ; to launch ; to mobilize ; to start ; to unleash,3.0,v,又,1.8338917717695193
发射,fā shè,emanation ; emission ; to discharge ; to emit (a particle) ; to fire (a rocket) ; to launch ; to shoot (a projectile),5.0,"v,vn",又,-0.11318558081386156
发展,fā zhǎn,development ; growth ; to develop ; to expand ; to grow,3.0,"v,vn",又,-1.098423472387484
发怒,fā nù,to get angry,6.0,v,又,-0.42561278080811854
发愁,fā chóu,to be anxious ; to become sad ; to fret ; to worry,7.0,v,又,-0.04457659581728169
发愣,fā lèng,to stare blankly; to be in a daze,7.0,v,又,0.040199265335645024
发抖,fā dǒu,to shake ; to shiver ; to tremble,7.0,v,又,-0.38253240275032224
发掘,fā jué,(fig.) to unearth ; to excavate ; to explore ; to tap into,7.0,"v,vn",又,-0.6498080122341529
发扬,fā yáng,to develop ; to make full use of,7.0,v,又,1.693265332697176
发挥,fā huī,to bring out implicit or innate qualities ; to develop (an idea) ; to display ; to elaborate (on a theme) ; to exhibit ; to express (a thought or moral),4.0,"v,vn",又,0.000598580262060768
发放,fā fàng,to give ; to grant ; to provide,6.0,"v,vn",又,0.8354931168523226
发明,fā míng,an invention ; to invent,3.0,"v,n,vn",又,-1.0475200319061506
发泄,fā xiè,to give vent to (one's feelings),7.0,v,又,-1.1209459665134962
发火,fā huǒ,to catch fire ; to detonate ; to get angry ; to ignite,7.0,v,又,0.48229354133861924
发炎,fā yán,inflammation ; to become inflamed,6.0,v,又,0.13444345952941167
发热,fā rè,feverish ; to emit heat ; to have a high temperature ; unable to think calmly,7.0,"v,vn",又,0.824699319969388
发烧,fā shāo,to have a fever ; to have a high temperature (from illness),4.0,"v,vn,b",又,-1.1311006170443003
发现,fā xiàn,a discovery ; to discover; to find; to detect ; to notice; to become aware of,2.0,"v,vn",又,-1.6092805067832718
发生,fā shēng,to happen; to occur; to take place; to break out,3.0,"v,vn",又,-0.6596904943258626
发病,fā bìng,(of a person) to get sick; to fall ill ; (of an illness) to occur ; onset (of a medical condition),6.0,"v,vn",又,0.2162132078695656
发票,fā piào,invoice ; receipt or bill for purchase,4.0,n,又,2.219591132974887
发育,fā yù,(sexually) mature ; development ; growth ; to develop ; to mature,7.0,"v,vn",又,-0.7799840467676843
发行,fā xíng,"to distribute (a film) ; to issue (stocks, currency etc) ; to publish ; to release",5.0,"v,vn",又,0.6666277120364325
发表,fā biǎo,to issue ; to publish,3.0,v,又,0.6657399828141232
发觉,fā jué,to become aware ; to detect ; to perceive ; to realize,5.0,v,又,-1.1380005718921535
发言,fā yán,statement ; to make a speech ; utterance,3.0,"v,vn",又,-0.2542856000576457
发誓,fā shì,to pledge ; to swear ; to vow,7.0,v,又,-0.9144680723871658
发财,fā cái,to get rich,7.0,"v,vn",又,-0.9281377942555555
发起,fā qǐ,"to initiate ; to launch (an attack, an initiative etc) ; to originate ; to propose sth (for the first time) ; to start",6.0,"v,vn",又,0.39442855068343413
发送,fā sòng,to dispatch ; to issue (an official document or credential) ; to transmit,3.0,"v,vn",又,0.12115250835851825
发达,fā dá,(literary) to achieve fame and fortune; to prosper ; to develop; to promote; to expand ; well-developed; flourishing,3.0,a,又,-0.38957433820995196
发酵,fā jiào,"(fig.) (of trends, emotions or repercussions etc) to bubble away; to simmer; to develop ; to ferment",7.0,"v,vn",又,-0.07567969376182204
发电,fā diàn,to generate electricity ; to send a telegram,6.0,"v,vn",又,1.1820295276038917
白天,bái tiān,day ; daytime ; during the day,1.0,t,白,-0.2368640167659509
白色,bái sè,anti-communist ; fig. reactionary ; white,2.0,n,白,-0.541740322775764
白菜,bái cài,Chinese cabbage ; pak choi,3.0,n,白,-0.9821775353769778
白酒,bái jiǔ,"(Tw) white wine (abbr. for 酒) ; baijiu, a spirit usually distilled from sorghum",5.0,n,白,1.2863217700700593
白领,bái lǐng,white-collar ; white-collar worker,6.0,"b,n",白,1.8398804118261474
百合,bǎi hé,lily,7.0,"n,nr",白,0.19029403744882836
百货,bǎi huò,general merchandise,4.0,n,白,-0.4309622745126145
的确,dí què,indeed ; really,4.0,d,白,-1.1209459665134962
的话,de huà,if (coming after a conditional clause),2.0,u,白,10.098472429038486
皇上,huáng shang,His imperial majesty ; Your majesty the emperor ; the emperor,7.0,n,白,-1.0794160495990586
皇后,huáng hòu,empress ; imperial consort,7.0,n,白,0.05982224890728659
皇室,huáng shì,imperial household ; member of the royal family ; royal family,7.0,n,白,-0.6257232641803246
皇宫,huáng gōng,imperial palace,7.0,n,白,-0.7890971946799427
皇帝,huáng dì,emperor,6.0,n,白,-0.3177106575304224
皮包,pí bāo,briefcase ; handbag,3.0,n,皮,0.8293507033994596
皮带,pí dài,leather belt ; strap,7.0,n,皮,-0.006822125895065238
皮球,pí qiú,"ball (made of rubber, leather etc)",6.0,n,皮,0.6131441005776562
皮肤,pí fū,skin,5.0,n,皮,-0.8139866552665957
皮鞋,pí xié,leather shoes,5.0,n,皮,-0.7091618687066977
盈利,yíng lì,gain ; profit ; to make profits,7.0,"v,n,vn",皿,0.7115543052455976
益处,yì chu,benefit,7.0,n,皿,-0.3890417941162217
盒子,hé zi,box ; case,5.0,n,皿,-0.3436180351667023
盛大,shèng dà,grand ; magnificent ; majestic,7.0,"b,a",皿,0.22557493865200384
盛会,shèng huì,distinguished meeting ; pageant,7.0,n,皿,2.192926213943617
盛行,shèng xíng,to be in vogue; to be popular; to be prevalent,6.0,v,皿,0.715069376583183
盛开,shèng kāi,blooming ; in full flower,7.0,v,皿,-0.0038278058667512737
盗版,dào bǎn,illegal ; pirated ; see also 版,6.0,"vn,n,v",皿,0.1409410581108523
盗窃,dào qiè,to steal,7.0,"v,vn",皿,-0.5934248902210059
盟友,méng yǒu,ally,7.0,n,皿,-0.13270196212710106
尽力,jìn lì,to spare no effort ; to strive one's hardest,4.0,"d,v",尸,-0.8617537951078382
尽情,jìn qíng,as much as one likes,7.0,d,尸,-0.797299027800976
尽头,jìn tóu,end; extremity; limit,7.0,f,尸,0.3630532842997993
监察,jiān chá,to control ; to supervise,7.0,"vn,v",皿,-0.6509797026800153
监控,jiān kòng,to monitor,7.0,"vn,v",皿,-0.20847127762617118
监测,jiān cè,to monitor,6.0,"vn,v",皿,-0.07163207833050629
监狱,jiān yù,prison,7.0,n,皿,-0.8695532719624605
监督,jiān dū,to control ; to inspect ; to supervise,6.0,"vn,v",皿,-0.15104665299447975
监管,jiān guǎn,supervision ; supervisory ; to administer ; to oversee ; to supervise ; to take charge of,7.0,"vn,v",皿,-0.5228630878146565
监视,jiān shì,surveillance ; to keep a close watch over ; to monitor,7.0,"v,vn",皿,-0.32773512023390733
监护,jiān hù,to act as a guardian,7.0,"vn,v",皿,-0.9824261182471563
盘子,pán zi,dish ; plate ; tray,4.0,n,皿,1.1355406804669117
盘算,pán suàn,to calculate ; to plot ; to scheme,7.0,v,皿,-0.5153121938302127
目光,mù guāng,(lit. and fig.) sight; vision ; expression in one's eyes; look ; gaze; (fig.) attention,5.0,n,目,-0.49475430989842867
目前,mù qián,at the present time ; currently,3.0,t,目,0.2043425300147129
目标,mù biāo,goal ; objective ; target,3.0,n,目,-1.0865763801015473
目的,mù dì,purpose; aim; goal; target; objective,2.0,n,目,-0.6499499928459295
目睹,mù dǔ,to see at first hand ; to see with one's own eyes ; to witness,7.0,v,目,0.18131107736388644
目录,mù lù,catalog ; contents ; directory (on computer hard drive) ; list ; table of contents,7.0,n,目,-1.4964076604985763
盲人,máng rén,blind person,6.0,n,目,-0.16695315349619086
盲目,máng mù,blind ; blindly ; ignorant ; lacking understanding,7.0,"a,ad",目,-0.5138919205141733
直到,zhí dào,until,3.0,v,目,1.6663164524423517
直径,zhí jìng,diameter,7.0,n,目,0.2268886097096414
直接,zhí jiē,direct (opposite: indirect 间接) ; immediate ; straightforward,2.0,"ad,a",目,-0.828934669839248
直播,zhí bō,"(Internet) to livestream ; (TV, radio) to broadcast live ; (agriculture) direct seeding ; live broadcast",3.0,"v,vn",目,-0.2683576781924463
直线,zhí xiàn,sharply (rise or fall) ; straight line,5.0,"n,d",目,-0.6805205466967411
直至,zhí zhì,lasting until ; up till (the present),7.0,v,目,0.29117781083581235
直觉,zhí jué,intuition,7.0,n,目,-0.25118467777092995
直观,zhí guān,audiovisual ; direct observation ; directly perceived through the senses ; intuitive,7.0,a,目,2.7625927679337594
直达,zhí dá,"(of a train, flight etc) direct; nonstop ; (transportation) to reach the destination without changing service or without stopping ; to reach (a place) directly",7.0,"v,vn",目,0.4911463135962418
相互,xiāng hù,each other ; mutual,3.0,"d,b",目,3.0689365183974457
相伴,xiāng bàn,to accompany each other ; to accompany sb,7.0,v,目,-1.0624916320477191
相似,xiāng sì,similar; alike,3.0,a,目,-0.6798814003446091
相信,xiāng xìn,to be convinced (that sth is true); to believe; to accept sth as true,2.0,v,目,-1.4841700047306845
相传,xiāng chuán,according to legend ; to hand down ; to pass on ; tradition has it that ...,7.0,v,目,0.9087770708478918
相反,xiāng fǎn,contrary ; opposite,4.0,"v,vn",目,-0.6302798381364546
相同,xiāng tóng,identical ; same,2.0,a,目,-1.160392878190848
相对,xiāng duì,counterpart ; opposite ; relative ; relatively ; to oppose ; to resist ; vis-a-vis,7.0,"d,v,b",目,0.12115250835851825
相差,xiāng chà,discrepancy between ; to differ,7.0,v,目,0.2555063461506833
相应,xiāng yìng,(modify) accordingly ; answering (one another) ; appropriate ; corresponding ; relevant ; to agree (among the part) ; to correspond,5.0,"v,vn",目,-0.014739997792546627
相机,xiàng jī,as the circumstances allow ; at the opportune moment ; camera (abbr. for 照相机),2.0,n,目,-1.4561796218573173
相比,xiāng bǐ,to compare,3.0,v,目,-0.17579413296935611
相片,xiàng piàn,image ; photograph,4.0,n,目,-0.8509364126559874
相当,xiāng dāng,appropriate ; considerably ; equivalent to ; fairly ; quite ; to a certain extent,3.0,"d,v,vn",目,0.5939946971774541
相等,xiāng děng,equal ; equally ; equivalent,5.0,v,目,1.2668171815412783
相约,xiāng yuē,"to agree (on a meeting place, date etc) ; to make an appointment ; to reach agreement",7.0,v,目,-0.5847023057907011
相继,xiāng jì,following closely ; in succession,7.0,d,目,1.6187030859973428
相声,xiàng sheng,comic dialogue ; crosstalk ; sketch,5.0,n,目,1.7150302854281956
相处,xiāng chǔ,"to associate ; to be in contact (with sb) ; to get along (well, poorly) ; to interact",4.0,"v,vn",目,-0.786505230918041
相识,xiāng shí,acquaintance ; to get to know each other,7.0,v,目,-0.39463987069089457
相通,xiāng tōng,accommodating ; communicating ; connected ; in communication ; interlinked,7.0,v,目,0.6113332637796618
相连,xiāng lián,connection ; link ; to join ; to link,7.0,v,目,0.8720758963286769
相遇,xiāng yù,to come across ; to encounter ; to meet,7.0,"v,vn",目,0.05189258422534757
相关,xiāng guān,(statistics) correlation ; pertinent ; related ; relevant ; to be interrelated,3.0,"vn,v",目,-0.1273524684226066
盼望,pàn wàng,to hope for; to look forward to,6.0,v,目,-0.8629136927692432
省略,shěng lu:è,an omission ; to leave out,7.0,v,目,1.28999061480388
省钱,shěng qián,to save money,6.0,"a,v",目,-0.8060334050157394
眉毛,méi mao,eyebrow,7.0,n,目,-0.7081203660881548
看中,kàn zhòng,to choose after consideration ; to fancy ; to have a preference for ; to settle on,7.0,v,目,0.9018889087844973
看似,kàn sì,to look as if ; to seem,7.0,v,目,-0.3014135935467577
看作,kàn zuò,to look upon as ; to regard as,6.0,v,目,2.221567535953574
看来,kàn lai,apparently ; it seems that,4.0,v,目,0.8046268089935008
看到,kàn dào,to see,1.0,v,目,-1.3382412430916775
看台,kàn tái,spectator's grandstand ; terrace ; viewing platform,7.0,n,目,-0.028409719660934887
看好,kàn hǎo | kān hǎo,to keep an eye on ; to regard as having good prospects,6.0,v,目,0.05320625528298655
看待,kàn dài,to look upon; to regard,5.0,v,目,-0.4036110379913777
看成,kàn chéng,to regard as,5.0,v,目,2.054654948547454
看望,kàn wàng,to pay a visit to; to see (sb),4.0,v,目,8.675081274634804
看法,kàn fǎ,opinion ; view ; way of looking at a thing,2.0,n,目,-1.0809783035268745
看病,kàn bìng,to see a patient ; to visit a doctor,1.0,"v,vn",目,0.37267539073687317
看管,kān guǎn,to look after,6.0,"v,vn",目,1.87955232080476
看见,kàn jiàn,to catch sight of ; to see,1.0,v,目,-1.328335175431053
看护,kān hù,(old) hospital nurse ; to look after ; to nurse ; to watch over,7.0,"v,vn,n",目,0.7215669751646241
看重,kàn zhòng,to regard as important; to value,7.0,v,目,0.6305774766538083
真实,zhēn shí,true; real,3.0,"a,ad,an",目,-1.3582783757141899
真心,zhēn xīn,heartfelt ; sincere,7.0,"d,n",目,-1.5661883359410185
真情,zhēn qíng,real situation ; the truth,7.0,n,目,-1.4154308319067868
真挚,zhēn zhì,sincere ; sincerity,7.0,a,目,0.4286679492680651
真正,zhēn zhèng,genuine; real; true ; really; indeed,2.0,"b,d",目,-0.5349823485396876
真理,zhēn lǐ,truth,5.0,n,目,-0.47898979000849423
真的,zhēn de,"really, truly, indeed",1.0,"d,a",目,-0.8086371615620997
真相,zhēn xiàng,the truth about sth; the actual facts,5.0,n,目,-0.3148347325449675
真空,zhēn kōng,vacuum,7.0,n,目,-0.29217025780718003
真诚,zhēn chéng,sincere; genuine; true,5.0,"a,ad,an",目,0.8293507033994596
眨眼,zhǎ yǎn,in the twinkling of an eye ; to blink ; to wink,7.0,"v,vn",目,-0.4710483325420967
眼光,yǎn guāng,foresight ; gaze ; insight ; vision ; way of looking at things,5.0,n,目,-1.5733486664435072
眼前,yǎn qián,at present ; before one's eyes ; now,3.0,"s,t",目,-0.22996406191809782
眼泪,yǎn lèi,crying ; tears,4.0,n,目,-1.4596946931949029
眼界,yǎn jiè,ken ; scope,7.0,n,目,-1.0114697965235253
眼看,yǎn kàn,in a moment ; soon ; to look on as sth happens,6.0,"v,d",目,1.3115900013542083
眼睛,yǎn jing,eye,2.0,n,目,-1.0334715393402663
眼神,yǎn shén,expression or emotion showing in one's eyes ; eyesight (dialect) ; meaningful glance ; wink,7.0,n,目,-0.518069723772807
眼红,yǎn hóng,envious ; furious ; green with envy ; infuriated ; jealous ; to covet,7.0,v,目,-0.04847043785236346
眼色,yǎn sè,meaningful glance ; signal made with one's eyes,7.0,n,目,-0.44437162072636693
眼镜,yǎn jìng,eyeglasses ; spectacles,4.0,n,目,-0.7039661483984373
众人,zhòng rén,everyone,7.0,n,人,-0.18752283021243357
众多,zhòng duō,numerous,5.0,m,人,-0.26705579991926615
睡眠,shuì mián,(computing) to enter sleep mode ; sleep ; to sleep,5.0,"v,vn",目,-0.6664720541308551
睡着,shuì zháo,to fall asleep,4.0,v,目,-1.3050315543411322
睡袋,shuì dài,sleeping bag,7.0,n,目,-0.6884620041631386
睡觉,shuì jiào,to go to bed ; to sleep,1.0,v,目,-1.5050000571015631
督促,dū cù,to supervise and urge completion of a task ; to urge on,7.0,v,目,0.09577767481596865
瞄准,miáo zhǔn,to take aim at ; to target,7.0,"v,vn",目,-0.44839565058876657
瞬间,shùn jiān,in a flash ; in an instant,7.0,"t,n",目,-0.8915668075636586
瞻仰,zhān yǎng,to admire ; to revere,7.0,v,目,3.6653623336945276
瞩目,zhǔ mù,to focus attention upon,7.0,"v,vn",目,1.5080316399925937
矛盾,máo dùn,conflicting views ; contradiction ; contradictory,5.0,"an,a",矛,-1.0411408283675692
矛头,máo tóu,an attack or criticism ; barb ; spearhead,7.0,n,矛,1.110958766672728
知名,zhī míng,well-known; famous,6.0,a,矢,-0.44970932164640404
知己,zhī jǐ,intimate friend ; to be intimate or close ; to know oneself,7.0,n,矢,-0.020089491497041076
知觉,zhī jué,consciousness ; perception,7.0,n,矢,-0.5894126531430651
知识,zhī shi,intellectual ; knowledge,1.0,n,矢,-0.694971395529038
知足,zhī zú,content with one's situation ; to know contentment (hence happiness),7.0,a,矢,-0.7933933929814369
知道,zhī dào,also pr. [zhī dao] ; to know; to become aware of,1.0,v,矢,-1.6587518811641087
短暂,duǎn zàn,of short duration; brief; momentary,7.0,"a,ad",矢,-0.21576179595597933
短期,duǎn qī,short term ; short-term,3.0,"b,d",矢,-0.8096786641806427
短缺,duǎn quē,shortage,7.0,"v,vn",矢,0.0426610412702287
短处,duǎn chù,defect ; fault ; one's weak points ; shortcoming,3.0,n,矢,-0.31573425455173526
短裤,duǎn kù,short pants ; shorts,3.0,n,矢,-0.6395113810915735
矮小,ǎi xiǎo,low and small ; short and small ; undersized,4.0,a,矢,-0.7428805159820572
矫正,jiǎo zhèng,correction ; rectification ; to correct ; to cure ; to rectify (e.g. a physical defect such as hearing or vision) ; to straighten,7.0,v,矢,-0.1829662562563037
石油,shí yóu,oil ; petroleum,3.0,n,石,-0.6016385161264979
石头,shí tou,stone,3.0,n,石,-0.25977707437391684
砂糖,shā táng,granulated sugar,7.0,n,石,-0.5507232828607059
研究,yán jiū,a study ; research ; to look into ; to research,4.0,"vn,v",石,-1.1758970224261467
研制,yán zhì,to research and manufacture; to research and to develop,4.0,"v,vn",石,0.31358190991896406
研讨,yán tǎo,discussion,7.0,"vn,v",石,0.6442471985221965
破坏,pò huài,damage ; destruction ; to break ; to destroy ; to wreck,3.0,"v,vn",石,-0.564404797513553
破案,pò àn,shabby old table ; to solve a case,7.0,"v,vn",石,1.0862230794823104
破灭,pò miè,"to be annihilated (of hope, illusions etc) ; to be shattered",7.0,v,石,1.555952553230073
破产,pò chǎn,bankruptcy ; to become impoverished ; to go bankrupt,4.0,"v,vn",石,-0.9330967244780963
破碎,pò suì,to shatter ; to smash to pieces,7.0,"a,v,vn",石,0.11349501211567264
破旧,pò jiù,shabby,7.0,a,石,0.1689314409842196
破裂,pò liè,(of a relationship etc) to break down ; to burst; to rupture,7.0,"v,vn",石,-0.5843117423087475
破解,pò jiě,"to break (a bond, constraint etc) ; to crack (software) ; to decipher ; to decode ; to explain ; to unravel",7.0,v,石,0.0709000070137744
破除,pò chú,to do away with ; to eliminate ; to get rid of,7.0,v,石,0.774162857401091
硬币,yìng bì,coin,7.0,n,石,-1.0691312112409364
硬朗,yìng lǎng,healthy ; robust,7.0,a,石,0.3958370312150149
碧绿,bì lǜ,dark green,7.0,z,石,3.8854627785514126
硕士,shuò shì,learned person ; master's degree ; person who has a master's degree,5.0,n,石,-0.17565215235757944
碰上,pèng shàng,to come upon ; to meet ; to run into,7.0,v,石,-0.2064000651735411
碰到,pèng dào,to come across ; to hit ; to meet ; to run into,2.0,v,石,0.5238116654685984
碰巧,pèng qiǎo,by chance ; by coincidence ; to happen to,7.0,d,石,-0.36131178689749016
碰撞,pèng zhuàng,collision ; to collide,7.0,"vn,v",石,0.29782918281348697
碰见,pèng jiàn,to bump into ; to meet (unexpectedly) ; to run into,2.0,v,石,-0.3991964446470245
确保,què bǎo,to ensure; to guarantee,3.0,v,石,-0.37198718873756587
确信,què xìn,definite news ; to be convinced ; to be positive that ; to be sure ; to firmly believe,7.0,v,石,-0.6555362766361451
确切,què qiè,definite ; exact ; precise,7.0,"a,ad",石,0.4751332108361304
确定,què dìng,OK (on computer dialog box) ; certain ; definite ; fixed ; to ascertain ; to be sure ; to clinch ; to confirm ; to determine ; to ensure ; to fix (on sth) ; to make certain ; to recognize,3.0,"v,vn",石,-1.9378745829338766
确实,què shí,indeed ; real ; really ; reliable ; true,3.0,"ad,a,d",石,-0.4468569822298668
确立,què lì,to establish ; to institute,5.0,"v,vn",石,0.8202611410561186
确诊,què zhěn,confirmed (case of a specific disease) ; to make a definite diagnosis,7.0,v,石,-1.2852430045887981
确认,què rèn,confirmation ; to confirm ; to verify,4.0,"v,vn",石,-0.8898743658085249
码头,mǎ tóu,dock ; pier ; wharf,5.0,n,石,-0.8761928511556779
磁带,cí dài,magnetic tape,7.0,n,石,0.12141288401315399
磋商,cuō shāng,consultations ; negotiations ; to confer ; to consult ; to discuss seriously ; to negotiate,7.0,"vn,v",石,4.02347366829294
磨损,mó sǔn,to suffer wear and tear; to deteriorate through use; to wear out,7.0,"v,vn",石,-0.1574376493175201
礁石,jiāo shí,reef,7.0,n,石,3.182472096603191
碍事,ài shì,(usu. in the negative) to be of consequence; to matter ; to be in the way; to be a hindrance,7.0,a,石,0.3621537622930315
示威,shì wēi,a demonstration ; a military show of force ; to demonstrate (as a protest),7.0,"vn,v",示,0.4837020218702
示意,shì yì,to hint ; to indicate (an idea to sb),7.0,v,示,-1.2529564234139365
示范,shì fàn,a model example ; demonstration ; to demonstrate ; to show how to do sth,5.0,"vn,v",示,-0.6721885257483899
社交,shè jiāo,interaction ; social contact,7.0,n,礻,-1.1361779423097018
社区,shè qū,community ; neighborhood,5.0,n,礻,-1.0009245825107689
社团,shè tuán,association ; club ; group ; organization ; society ; union,7.0,n,礻,-0.44058438094968694
社会,shè huì,society,3.0,n,礻,-0.4278613522258999
社论,shè lùn,editorial (in a newspaper),7.0,n,礻,0.7741746501855495
祈祷,qí dǎo,prayer ; to pray ; to say one's prayers,7.0,"v,vn",礻,-0.685988435444096
祖传,zǔ chuán,handed down from generation to generation ; passed on from ancestors,7.0,vn,礻,0.8163437134521195
祖先,zǔ xiān,(biology) ancestral species; ancient species from which present-day species evolved ; ancestors; forebears,7.0,n,礻,-0.5572444670110627
祖国,zǔ guó,motherland,6.0,n,礻,-0.6281968328993672
祖宗,zǔ zōng,ancestor ; forebear,7.0,n,礻,-0.02543898520153702
祖母,zǔ mǔ,father's mother ; paternal grandmother,6.0,n,礻,-1.0317790975851324
祖父,zǔ fù,father's father ; paternal grandfather,6.0,n,礻,-1.0419219553314778
祖籍,zǔ jí,ancestral hometown ; original domicile (and civil registration),7.0,n,礻,1.2366018128190455
祝福,zhù fú,blessings ; to wish sb well,4.0,"v,vn",礻,-0.8053824658791501
祝贺,zhù hè,congratulations ; to congratulate,5.0,"v,vn",礻,-0.5476105677895314
祝愿,zhù yuàn,to wish,6.0,"v,vn",礻,0.42982784692947007
神仙,shén xiān,"(in modern fiction) fairy, elf, leprechaun etc ; Daoist immortal ; fig. lighthearted person ; supernatural entity",7.0,n,礻,-1.051686042380327
神奇,shén qí,magical ; miraculous ; mystical,5.0,"a,an",礻,-1.069143004025395
神情,shén qíng,look; expression,5.0,n,礻,1.8191805472825868
神态,shén tài,appearance ; bearing ; deportment ; expression ; look ; manner ; mien,7.0,n,礻,-0.47419642596664474
神气,shén qì,expression ; impressive ; lofty ; manner ; pretentious ; vigorous,7.0,"a,n",礻,-0.49475430989842867
神秘,shén mì,mysterious ; mystery,4.0,"a,an,ad",礻,-0.9553588429494728
神经,shén jīng,(coll.) unhinged ; mental state ; nerve ; nutjob,5.0,n,礻,-0.866038200624875
神圣,shén shèng,divine ; hallow ; holy ; sacred,7.0,"a,ad",礻,-0.9936340641809622
神话,shén huà,fairy tale ; legend ; myth ; mythology,4.0,n,礻,-0.7629412341734858
祥和,xiáng hé,auspicious and peaceful,7.0,"a,an",礻,2.179268284859686
票价,piào jià,ticket price; fare; admission fee,3.0,n,示,0.06856841890650855
票房,piào fáng,box office,7.0,n,示,0.44870508189057756
祭祀,jì sì,to offer sacrifices to the gods or ancestors,7.0,"vn,v",示,-0.1369863676441379
禁区,jìn qū,forbidden region ; restricted area,7.0,n,示,0.12311711855274658
禁忌,jìn jì,contraindication (medicine) ; taboo ; to abstain from,7.0,n,示,-0.5387577955319088
禁止,jìn zhǐ,to ban ; to forbid ; to prohibit,4.0,v,示,-1.520882972034358
祸害,huò hài,bad person ; disaster ; harm ; scourge ; to damage ; to harm ; to wreck,7.0,"n,v",礻,-0.7319447384873458
福利,fú lì,(social) welfare ; benefit in kind ; material benefit,5.0,n,礻,-1.3250804797481035
福气,fú qi,a blessing ; good fortune,7.0,"n,a",礻,-0.9962260279428639
礼仪,lǐ yí,ceremony ; etiquette,7.0,n,礻,-0.604621043370353
礼品,lǐ pǐn,gift ; present,7.0,n,礻,-0.7020251237731251
礼堂,lǐ táng,assembly hall ; auditorium,6.0,n,礻,-1.1387816988560606
礼拜,lǐ bài,(coll.) Sunday ; (coll.) week ; to attend a religious service,5.0,n,礻,-1.132662870972115
礼服,lǐ fú,"ceremonial robe ; formal attire (dinner suit, evening gown etc)",7.0,n,礻,0.9539640397116927
礼物,lǐ wù,gift; present,2.0,n,礻,-1.069273191852713
礼貌,lǐ mào,courteous; polite ; courtesy; politeness; manners,5.0,"an,a,ad",礻,-0.7182986021878737
禾苗,hé miáo,seedling (of rice or other grain),7.0,,禾,2.7105530153599404
私下,sī xià,in private,7.0,d,禾,-0.0029046982910673922
私事,sī shì,personal matters,7.0,n,禾,-0.2215018531424289
私人,sī rén,a member of one's clique ; interpersonal ; personal ; private ; sb with whom one has a close personal relationship,5.0,n,禾,-0.6067158413918993
私有,sī yǒu,private ; privately-owned,7.0,"vn,v",禾,-0.33293084054216926
私营,sī yíng,private ; privately-owned,7.0,b,禾,0.7252240271139859
私立,sī lì,"private (company, school etc)",7.0,b,禾,1.0858443087848153
私自,sī zì,private; personal ; secretly; without explicit approval,7.0,d,禾,2.648181253290165
秉承,bǐng chéng,to carry on (a tradition) ; to receive commands ; to take orders,7.0,v,禾,2.6538265010026714
秋天,qiū tiān,autumn,2.0,t,禾,-0.5099980784790916
秋季,qiū jì,autumn ; fall,4.0,t,禾,-0.4675332612045113
科学,kē xué,rational ; science ; scientific ; scientific knowledge,2.0,"n,a,ad",禾,-0.5623335850609229
科技,kē jì,science and technology,3.0,n,禾,-1.5102075701942823
科目,kē mù,academic subject ; field of study,7.0,n,禾,0.2738746225869766
科研,kē yán,(scientific) research,6.0,n,禾,1.6391307821018077
秘密,mì mì,a secret ; secret; private; confidential; clandestine,4.0,"n,a,ad",禾,-1.1213483227799086
秘书,mì shū,secretary,4.0,n,禾,-0.9954449009789552
秘诀,mì jué,key (to longevity) ; recipe (for success) ; secret (of happiness) ; secret know-how,7.0,n,禾,-0.11787234259730933
租赁,zū lìn,to rent; to lease; to hire,7.0,"vn,v",禾,6.083648864462279
租金,zū jīn,rent,6.0,n,禾,-1.0506445397617825
秩序,zhì xù,order (orderly) ; order (sequence) ; social order ; the state (of society),7.0,n,禾,-1.0798066130810122
移交,yí jiāo,to hand over ; to transfer,7.0,"v,vn",禾,2.1086711040999604
移动,yí dòng,migration ; mobile ; movement ; portable ; to move,4.0,"vn,v",禾,-1.4520136113831426
移植,yí zhí,to transplant,7.0,"vn,v",禾,0.0041372371685623075
移民,yí mín,emigrant ; immigrant ; to immigrate ; to migrate,4.0,"n,vn,v",禾,-0.34594962327396817
稀奇,xī qí,rare ; strange,7.0,a,禾,-0.7831085546233162
稀少,xī shǎo,rare ; sparse,7.0,a,禾,-0.056944439412489764
稀罕,xī han,Taiwan pr. [xī hǎn] ; rare thing; rarity ; rare; uncommon ; to value as a rarity; to cherish,7.0,"a,v",禾,1.0655114221542912
税务,shuì wù,state revenue service ; taxation services,7.0,n,禾,-0.4778180995626319
税收,shuì shōu,taxation,7.0,n,禾,0.6118540150889348
程序,chéng xù,computer program ; order ; procedures ; sequence,4.0,n,禾,-1.2566016825788413
程度,chéng dù,degree; level; extent,3.0,n,禾,-1.2710643241955957
稍候,shāo hòu,to wait a moment,7.0,v,禾,-0.08349096340090166
稍后,shāo hòu,in a little while ; in a moment ; later on,7.0,"d,f",禾,-0.7164641798209632
稍微,shāo wēi,a little bit,5.0,d,禾,-0.06669673367688159
稍稍,shāo shāo,a little ; slightly ; somewhat,7.0,d,禾,2.5428828865588278
棱角,léng jiǎo,craggy ; edge and corner ; protrusion ; ridge corner ; sharpness (of a protrusion),7.0,n,木,2.1340813159958865
稠密,chóu mì,dense,7.0,a,禾,1.7586667931486395
种子,zhǒng zi,seed,3.0,n,禾,-0.725849496172316
种族,zhǒng zú,ethnicity ; race,7.0,n,禾,0.1751922494799421
种植,zhòng zhí,to plant; to grow (a crop); to cultivate,4.0,"v,vn",禾,-1.0924348323308575
种类,zhǒng lèi,category ; class ; genus ; kind ; sort ; species ; type ; variety,4.0,n,禾,-1.0561124285091374
称呼,chēng hu,form of address; appellation ; to call; to address as,7.0,"v,n",禾,-1.2310848684245153
称为,chēng wéi,"to be called; to be known as; to call it ""...""",3.0,v,禾,0.34299256610837064
称号,chēng hào,name ; term of address ; title,5.0,n,禾,-0.28515190791646644
称赞,chēng zàn,to acclaim ; to commend ; to compliment ; to praise,4.0,"v,vn",禾,0.20278027608689697
稻草,dào cǎo,rice straw,7.0,n,禾,-0.4976184420994248
稿子,gǎo zi,draft of a document ; manuscript ; mental plan ; precedent ; script,6.0,n,禾,0.8556722300866103
积极,jī jí,active ; energetic ; positive (outlook) ; proactive ; vigorous,3.0,"a,ad",禾,-0.6824733641065106
积蓄,jī xù,savings ; to save; to put aside,7.0,"n,v",禾,-0.14480943006767485
稳健,wěn jiàn,firm ; stable and steady,7.0,a,禾,0.8524175344036606
稳固,wěn gù,firm ; stable ; steady ; to stabilize,7.0,"a,v",禾,0.030032822020384882
稳妥,wěn tuǒ,dependable,7.0,a,禾,0.1878322615142447
稳定,wěn dìng,stability ; stable ; steady ; to pacify ; to stabilize,4.0,"a,an,v,ad",禾,-1.1790097374973196
稳重,wěn zhòng,earnest ; staid ; steady,7.0,"a,an",禾,-0.010337197232650721
穴位,xué wèi,acupuncture point ; location of a grave,7.0,n,穴,2.108682896884419
究竟,jiū jìng,(in an interrogative sentence) finally ; after all ; outcome ; result ; to go to the bottom of a matter ; when all is said and done,4.0,"d,n",穴,-0.6991374060032128
空中,kōng zhōng,in the air ; in the sky,5.0,s,穴,-0.055370392700216514
空地,kòng dì | kōng dì,air-to-surface (missile) ; open space ; vacant land,7.0,n,穴,0.39545826051752125
空想,kōng xiǎng,daydream ; fantasy ; to fantasize,7.0,"n,v",穴,0.39116206221602706
空气,kōng qì,air ; atmosphere,2.0,n,穴,-0.879329151795767
空白,kòng bái,blank space,7.0,n,穴,-0.653311290787281
空虚,kōng xū,emptiness ; hollow ; meaningless,7.0,a,穴,0.10019226816032188
空调,kōng tiáo,air conditioner (including units that have a heating mode) ; air conditioning,3.0,n,穴,-0.4118246638968697
空军,kōng jūn,air force,6.0,n,穴,1.2885349631344645
空间,kōng jiān,"(astronomy) outer space ; (fig.) scope; leeway ; (physics, math.) space ; space; room",4.0,n,穴,-0.4577691741556621
空隙,kòng xì,crack ; gap between two objects ; gap in time between two events,7.0,n,穴,-0.7484785925567301
空难,kōng nàn,air crash ; aviation accident or incident,7.0,n,穴,2.4466740821708344
穿上,chuān shang,to put on (clothes etc),4.0,,穴,-1.1318817440082076
穿着,chuān zhuó,attire; clothes; dress,7.0,"n,v",穴,-0.05591472957840526
穿越,chuān yuè,to cross ; to pass through ; to traverse,7.0,"v,vn",穴,-0.6207643339577839
穿过,chuān guò,to pass through,7.0,v,穴,-0.16603004592050696
突出,tū chū,outstanding ; prominent ; to give prominence to ; to project ; to protrude,3.0,"a,v,ad",穴,-0.2950343900081761
突击,tū jī,assault ; concentrated effort to finish a job quickly ; fig. rushed job ; sudden and violent attack,7.0,"v,vn",穴,-0.1905053574562888
突然,tū rán,sudden; abrupt; unexpected,3.0,"ad,a",穴,-1.5090358797484216
突发,tū fā,to occur suddenly,7.0,"vn,v",穴,-0.4202868726725387
突破,tū pò,(sports) to break through the opponent's defense ; to break through ; to make a breakthrough ; to surmount (an obstacle),5.0,"v,vn",穴,-1.2237943500947068
窒息,zhì xī,to choke ; to stifle ; to suffocate,7.0,"v,vn",穴,0.30824420899892546
窗口,chuāng kǒu,computer operating system window ; fig. medium ; intermediary ; opening providing restricted access (e.g. customer service window) ; showpiece ; testing ground ; window,6.0,s,穴,-0.13192083516319383
窗子,chuāng zi,window,4.0,n,穴,0.188850178563873
窗户,chuāng hu,window,4.0,n,穴,-0.027131426956670795
窗帘,chuāng lián,window curtains,5.0,n,穴,-0.34541707918023784
窘迫,jiǒng pò,embarrassed ; hard-pressed ; in a predicament ; poverty-stricken ; very poor,7.0,"a,an",穴,3.315133492640222
穷人,qióng rén,poor people ; the poor,4.0,n,穴,-0.5429120132216263
窍门,qiào mén,a trick ; an ingenious method ; know-how ; the knack (of doing sth),7.0,n,穴,0.21880517163146865
窃取,qiè qǔ,"to steal (usu. private information, intellectual property etc)",7.0,v,穴,1.4168883680855429
立刻,lì kè,at once ; forthwith ; immediate ; prompt ; promptly ; straightway ; thereupon,3.0,d,立,-0.38659181096609657
立功,lì gōng,to distinguish oneself ; to make worthy contributions ; to render meritorious service (one the three imperishables 朽),7.0,v,立,-0.5216913973687942
立即,lì jí,immediately,4.0,d,立,-0.4178133039534977
立场,lì chǎng,position ; standpoint,5.0,n,立,-1.0591185413219102
立方,lì fāng,abbr. for 立方体 ; abbr. for 米 ; cube (math.),7.0,q,立,2.56108559681443
立足,lì zú,to base oneself on ; to be established ; to have a footing ; to stand,7.0,v,立,0.6811021464376467
立体,lì tǐ,solid ; stereoscopic ; three-dimensional,7.0,"b,d",立,0.11803979328734521
站住,zhàn zhù,to stand,2.0,v,立,-1.1283784654550795
站立,zhàn lì,on one's feet ; standing ; to stand,7.0,v,立,-1.183175747971496
竟敢,jìng gǎn,to have the cheek to ; to have the impertinence,7.0,v,立,0.7099802585333217
竟然,jìng rán,actually ; in spite of everything ; in that crazy way ; to go as far as to ; to one's surprise ; unexpectedly,4.0,d,立,-1.0612015465589977
竣工,jùn gōng,to complete a project,7.0,v,立,4.157543544861552
童年,tóng nián,childhood,4.0,t,立,-1.1540136746522662
童话,tóng huà,children's fairy tales,4.0,n,立,-1.3256012310573748
竭力,jié lì,to do one's utmost,7.0,d,立,0.18963130552778024
端正,duān zhèng,correct ; proper ; regular ; upright,7.0,"v,a",立,-0.19986708823872557
竞技,jìng jì,athletics tournament ; competition of skill (e.g. sports),7.0,"n,vn,v",立,0.019499400792085876
竞争,jìng zhēng,competition ; to compete,5.0,"vn,v",立,-1.07863492263515
竞赛,jìng sài,contest; competition; match; race ; to compete; to race,5.0,"vn,v",立,-0.8880399434416144
竞选,jìng xuǎn,to run for office ; to take part in an election,7.0,"vn,v",立,-0.18191296085330194
竹子,zhú zi,bamboo,5.0,n,竹,0.7947561196862496
竹竿,zhú gān,bamboo ; bamboo pole,7.0,n,竹,1.6507292915175684
笑容,xiào róng,smile ; smiling expression,6.0,n,⺮,-1.652242489798209
笑声,xiào shēng,laughter,6.0,n,⺮,-0.7730840919198313
笑脸,xiào liǎn,smiley :) ☺ ; smiling face,6.0,n,⺮,-0.9328363488234606
笑话,xiào hua,joke; jest ; to laugh at; to mock,2.0,n,⺮,-0.8918389760027517
笛子,dí zi,bamboo flute,7.0,n,⺮,0.2877929273255433
符合,fú hé,in accordance with ; in keeping with ; in line with ; tallying with ; to accord with ; to agree with ; to conform to ; to correspond with ; to handle ; to manage,4.0,v,⺮,-0.7152806965906435
符号,fú hào,symbol; mark; sign,4.0,n,⺮,-0.8837437451401218
笨蛋,bèn dàn,fool ; idiot,7.0,n,⺮,-1.1437288362941442
笨重,bèn zhòng,cumbersome ; heavy ; unwieldy,7.0,a,⺮,1.0811575470013677
第二,dì èr,next ; number two ; second ; secondary,1.0,m,⺮,0.2555063461506833
笔记,bǐ jì,a type of literature consisting mainly of short sketches ; notes ; to take down (in writing),2.0,n,⺮,-1.6621367646743763
笔试,bǐ shì,paper test (for an applicant) ; written examination,6.0,n,⺮,-0.5314672772021022
等候,děng hòu,to wait ; to wait for,5.0,"v,vn",⺮,-0.934126434312182
等到,děng dào,by the time when (sth is ready etc) ; to wait until,2.0,v,⺮,0.3737051005709577
等待,děng dài,to wait; to wait for,3.0,"v,vn",⺮,-0.4832859883099869
等于,děng yú,to be tantamount to ; to equal,2.0,v,⺮,-1.4068384353038
等级,děng jí,grade ; rank ; status,5.0,n,⺮,-0.931652865593141
答应,dā ying,to answer positively; to agree; to accept; to promise ; to answer; to respond,2.0,v,⺮,-1.2458078856959052
答案,dá àn,answer ; solution,4.0,n,⺮,-1.3646575792527715
答辩,dá biàn,to defend one's dissertation ; to reply (to an accusation),7.0,"vn,v",⺮,0.7619487872021167
策划,cè huà,planner ; planning ; producer ; to bring about ; to engineer ; to plot ; to scheme,6.0,"v,vn",⺮,-0.4468451894454094
策略,cè lu:è,crafty; adroit ; strategy; tactics,6.0,n,⺮,-0.938552820440994
筷子,kuài zi,chopsticks,2.0,n,⺮,-1.2498319155583046
算是,suàn shì,at last ; considered to be,6.0,v,⺮,-0.09235552844298303
算盘,suàn pán,abacus ; plan ; scheme,7.0,n,⺮,0.4060270600991937
算账,suàn zhàng,(accounting) to balance the books; to do the accounts ; (fig.) to settle an account; to get one's revenge,7.0,v,⺮,0.8189474699984785
管子,Guǎn zǐ | guǎn zi,"Guanzi or Guan Zhong 管仲 (-645 BC), famous politician of Qi 齐国 of Spring and Autumn period ; Guanzi, classical book containing writings of Guan Zhong and his school ; drinking straw ; pipe ; tube",7.0,"n,nr",⺮,3.7683055267496814
管家,guǎn jiā,(old) butler; steward ; manager; administrator; housekeeper ; to manage a household,7.0,n,⺮,0.03771390383214517
管教,guǎn jiào,to discipline ; to guarantee ; to teach,7.0,"vn,v",⺮,0.4493560210271684
管理,guǎn lǐ,administration ; management ; to administer ; to manage ; to supervise,3.0,"vn,v",⺮,-0.9271198772059271
管用,guǎn yòng,efficacious ; useful,7.0,"a,v",⺮,0.7439710742477769
管辖,guǎn xiá,to administer ; to have jurisdiction (over),7.0,"v,vn",⺮,1.125042637591987
管道,guǎn dào,(fig.) channel ; means ; pipeline ; tubing,6.0,n,⺮,1.8139494486209515
箱子,xiāng zi,box ; case ; chest ; suitcase ; trunk,4.0,n,⺮,-0.025427192417079678
节俭,jié jiǎn,economical ; frugal,7.0,"a,ad",艹,0.00880041338309399
节奏,jié zòu,beat ; cadence ; musical pulse ; rhythm ; tempo,6.0,n,艹,0.16308478153936834
节日,jié rì,festival ; holiday,2.0,n,艹,-1.3046409908591785
节气,jié qi,solar term,7.0,n,艹,1.2930915370905944
节目,jié mù,item (on a program) ; program,2.0,n,艹,-1.3723386610645332
节省,jié shěng,saving ; to cut down on ; to save ; to use sparingly,4.0,v,艹,-1.2053076786155532
节约,jié yuē,economy ; frugal ; to conserve (resources) ; to economize,3.0,"v,vn",艹,-0.21382077133066715
范围,fàn wéi,extent ; limit ; range ; scope,3.0,n,艹,-0.5106372248312236
范畴,fàn chóu,category,7.0,n,艹,-0.012278221857961463
篇幅,piān fu,length (of a piece of writing) ; space occupied on a printed page,7.0,n,⺮,2.547439460514958
筛选,shāi xuǎn,to filter,7.0,"v,vn",⺮,-0.30884609248834105
简介,jiǎn jiè,brief introduction ; summary,6.0,n,⺮,-0.7147717380658294
简化,jiǎn huà,to simplify,7.0,v,⺮,-0.15262069970675446
简单,jiǎn dān,not complicated ; simple,3.0,"a,ad",⺮,-0.501393889091646
简易,jiǎn yì,simple and easy ; simplicity ; simplistic,7.0,"a,nr",⺮,-0.35219863898523035
简历,jiǎn lì,biographical notes ; curriculum vitae (CV) ; résumé,4.0,n,⺮,0.7802816852850368
简洁,jiǎn jié,concise ; pithy ; succinct,7.0,a,⺮,-0.8263427060773464
简直,jiǎn zhí,simply; really,3.0,d,⺮,0.45794841763015526
简短,jiǎn duǎn,"brevity ; brief (statement, summary etc) ; briefly",7.0,"a,ad",⺮,-0.2647006262430842
简称,jiǎn chēng,abbreviation; short form ; to be abbreviated to,7.0,"v,n",⺮,-0.11719781789180238
简要,jiǎn yào,brief ; concise,7.0,"ad,a",⺮,1.6331539348296398
简陋,jiǎn lòu,simple and crude,7.0,a,⺮,0.3355600671667861
签名,qiān míng,signature ; to autograph ; to sign (one's name with a pen etc),5.0,"v,vn,n",⺮,-1.2403282041640928
签字,qiān zì,signature ; to sign (one's name),5.0,"v,vn",⺮,0.06531372322355886
签约,qiān yuē,to sign a contract or agreement,5.0,"v,vn",⺮,-1.1035007976528868
签署,qiān shǔ,to sign (an agreement),7.0,"v,vn",⺮,-0.850285473519398
签订,qiān dìng,to agree to and sign (a treaty etc),5.0,v,⺮,-0.6995279694851664
签证,qiān zhèng,to issue a visa ; visa,5.0,n,⺮,-0.22447258760182523
篮球,lán qiú,basketball,2.0,n,⺮,-0.988828907354654
筹备,chóu bèi,preparations ; to get ready for sth,7.0,"v,vn",⺮,0.5963380780691773
筹划,chóu huà,to plan and prepare,7.0,"v,vn",⺮,-0.585873996236562
筹措,chóu cuò,to raise (money),7.0,v,⺮,7.936786105914489
筹码,chóu mǎ,bargaining chip; gaming chip; casino token,7.0,n,⺮,-0.1033979081960963
筹办,chóu bàn,to arrange; to make preparations,7.0,v,⺮,1.604122049337728
筹集,chóu jí,to collect money; to raise funds,7.0,"v,vn",⺮,0.7916434046150767
笼子,lóng zi,basket ; cage ; container,7.0,n,⺮,-0.11680725440984879
笼统,lǒng tǒng,broad ; general ; lacking in detail ; sweeping ; vague,7.0,"a,ad",⺮,3.23570712519179
笼罩,lǒng zhào,to envelop ; to shroud,7.0,"v,vn",⺮,1.0721863797008846
米饭,mǐ fàn,(cooked) rice,1.0,n,米,-0.1311397081992866
粉碎,fěn suì,to crush; to smash; to shatter,7.0,"v,z",米,0.15487115563387777
粉丝,fěn sī,Chinese vermicelli ; bean vermicelli ; cellophane noodles ; enthusiast for sb or sth ; fan (loanword) ; mung bean starch noodles,7.0,n,米,-0.19818643926805055
粗暴,cū bào,cruel ; rough,7.0,"a,ad",米,-0.7596865384905361
粗略,cū lu:è,cursory ; rough (not precise or accurate),7.0,"a,ad",米,0.6417854225876128
粗糙,cū cāo,coarse ; crude ; gruff ; rough,7.0,a,米,-0.020480054978996156
粗鲁,cū lǔ,boorish ; coarse ; crude (in one's manner),7.0,a,米,0.5860532397110566
粽子,zòng zi,glutinous rice and choice of filling wrapped in leaves and steamed or boiled,7.0,n,米,0.5810943094885131
精力,jīng lì,energy,4.0,n,米,-0.38044939751323487
精品,jīng pǐn,fine work (of art) ; premium product ; quality goods,6.0,n,米,-0.8312780507309712
精妙,jīng miào,exquisite ; fine and delicate (usu. of works of art),7.0,"a,an",米,1.4456716707072763
精彩,jīng cǎi,brilliant ; marvelous ; wonderful,3.0,a,米,-1.1204252152042247
精心,jīng xīn,detailed ; fine ; meticulous ; with utmost care,7.0,"ad,a",米,-0.6689338300654403
精明,jīng míng,astute; shrewd; smart,7.0,"a,an",米,-1.0617105050838118
精确,jīng què,accurate; precise,7.0,"a,ad",米,-0.7152924893751008
精神,jīng shen | jīng shén,consciousness ; drive ; essence ; gist ; mental ; mind ; psychological ; spirit ; spiritual ; thought ; vigor ; vitality,3.0,n,米,-1.6858309492462493
精简,jīng jiǎn,to reduce ; to simplify,7.0,"v,vn",米,-0.21809338406324366
精细,jīng xì,careful ; fine ; meticulous,7.0,a,米,0.653620722089092
精练,jīng liàn,(textiles) to scour ; to degum (silk) ; variant of 精炼,7.0,a,米,0.8151956085751745
精致,jīng zhì,delicate ; exquisite ; fine ; refined,7.0,"a,ad",米,-0.601756911169357
精美,jīng měi,delicate ; fine ; refinement,6.0,a,米,-0.838189798363283
精英,jīng yīng,cream ; elite ; essence ; quintessence,7.0,n,米,-0.8488534074188999
精华,jīng huá,best feature ; essence ; most important part of an object ; quintessence ; soul,7.0,n,米,-0.8396100716793223
精通,jīng tōng,to be proficient in ; to master (a subject),7.0,"v,a",米,-0.4602545356591619
精髓,jīng suǐ,essence ; marrow ; pith ; quintessence,7.0,n,米,1.0470601290285118
糊涂,hú tu,confused ; muddled ; silly,7.0,a,米,-0.19570107776455073
糖果,táng guǒ,candy,7.0,n,米,-0.9281377942555555
粪便,fèn biàn,excrement ; feces ; night soil,7.0,n,米,0.4030209472864224
糟糕,zāo gāo,bad ; how terrible ; terrible ; too bad ; what bad luck,5.0,a,米,-0.6621758558293624
粮食,liáng shi,cereals ; foodstuff,4.0,n,米,-1.3026881734494091
系列,xì liè,series ; set,4.0,"q,n",糸,-0.5495633851993024
系统,xì tǒng,system,4.0,"n,ad,a",糸,-1.3166182709724343
纠正,jiū zhèng,to correct ; to make right,6.0,"v,vn",纟,0.34714678379808694
纠纷,jiū fēn,dispute,6.0,n,纟,-0.4077888412500128
纠缠,jiū chán,to be in a tangle ; to nag,7.0,"v,vn",纟,-0.29659664393599205
纪律,jì lǜ,discipline,4.0,n,纟,-0.7945650834272991
纪念,jì niàn,memento; keepsake; souvenir ; to commemorate; to honor the memory of,3.0,"v,vn",纟,-0.6151780501675683
纪录,jì lù,"variant of 记录 (but in Taiwan, not for the verb sense ""to record"")",3.0,"n,v",纟,-0.6039701042337637
约定,yuē dìng,"a deal ; an arrangement ; appointment ; commitment ; engagement ; stipulated (time, amount, quality etc) ; stipulation ; to agree on sth (after discussion) ; to arrange ; to conclude a bargain ; to make an appointment ; to promise ; to stipulate ; understanding ; undertaking",6.0,"v,vn",纟,-1.0308559900094485
约会,yuē huì,appointment ; date ; engagement ; to arrange to meet,4.0,"v,n,vn",纟,-1.1108031087671522
约束,yuē shù,constraint ; restriction ; to constrain ; to limit to ; to restrict,5.0,"vn,v",纟,-0.41090155632118586
红包,hóng bāo,bonus payment ; bribe ; kickback ; money wrapped in red as a gift,4.0,n,纟,-0.9934920835691856
红润,hóng rùn,florid ; rosy ; ruddy,7.0,a,纟,1.2804869034096664
红灯,hóng dēng,red light,7.0,n,纟,-0.3167757571702797
红色,hóng sè,red (color) ; revolutionary,2.0,n,纟,-1.3650481427347252
红茶,hóng chá,black tea,3.0,n,纟,-0.12386098265393726
紊乱,wěn luàn,chaos ; disorder,7.0,"a,an",糸,2.9451278946180386
纳入,nà rù,to bring into ; to channel into ; to incorporate ; to integrate into,7.0,v,纟,0.19068460093078202
纳税,nà shuì,to pay taxes,7.0,"v,vn",纟,0.21932592294074013
纽扣,niǔ kòu,button,7.0,n,纟,8.52600441957125
纯朴,chún pǔ,variant of 淳朴,7.0,"a,an",纟,1.1398840499062393
纯洁,chún jié,clean and honest ; pure ; to purify,7.0,"a,v,an",纟,-0.6668626176128102
纯粹,chún cuì,completely ; pure ; purely ; unadulterated,7.0,"d,a,b",纟,0.024434745445710563
级别,jí bié,(military) rank ; grade ; level,7.0,n,纟,0.504058494069639
素描,sù miáo,sketch,7.0,n,糸,-0.3706735176799269
素材,sù cái,source material (in literature and art),7.0,n,糸,0.9540824347545507
素质,sù zhì,basic essence ; inner quality,6.0,n,糸,-0.38733755957662913
素食,sù shí,to eat a vegetarian diet ; vegetarian food,7.0,n,糸,0.21086371416507113
素养,sù yǎng,(personal) accomplishment ; attainment in self-cultivation,7.0,n,糸,4.384591115704125
纺织,fǎng zhī,spinning and weaving,7.0,"vn,n",纟,-0.2561082296400974
索取,suǒ qǔ,to ask ; to demand,7.0,"v,vn",糸,1.3908508026219453
索性,suǒ xìng,just ; simply ; you might as well (do it),7.0,d,糸,0.8418605276064443
索赔,suǒ péi,claim for damages ; to ask for compensation ; to claim damages,7.0,"v,vn",糸,3.587072278338583
累积,lěi jī,to accumulate,7.0,"v,vn",糸,0.1602088565539149
累计,lěi jì,cumulative ; in total ; to calculate the running total ; total,7.0,v,糸,1.556579906797745
细微,xì wēi,fine ; minute ; sensitive (instruments) ; subtle ; tiny,7.0,a,纟,0.6161148350370529
细心,xì xīn,attentive ; careful,7.0,"a,ad,an",纟,-0.5914956583801524
细节,xì jié,details ; particulars,4.0,n,纟,-0.5114183517951308
细致,xì zhì,careful ; delicate ; fine ; meticulous ; painstaking,4.0,a,纟,-0.36690986347216303
细胞,xì bāo,cell (biology),6.0,n,纟,-1.1525816085517684
细腻,xì nì,exquisite ; meticulous,7.0,"a,an",纟,0.07819052534358253
细菌,xì jūn,bacterium ; germ,6.0,n,纟,0.7189868041871809
绅士,shēn shì,gentleman,7.0,n,纟,-0.8027787093327897
终于,zhōng yú,at last ; eventually ; finally ; in the end,3.0,d,纟,-1.634146381801009
终止,zhōng zhǐ,to stop; to terminate,5.0,"v,vn",纟,-0.7712614623373781
终生,zhōng shēng,lifetime; lifelong ; throughout one's life,7.0,"m,d,b",纟,-0.5985022154864073
终究,zhōng jiū,after all is said and done ; in the end,7.0,d,纟,0.41447747609040536
终结,zhōng jié,end; conclusion ; to come to an end; to terminate (sth),7.0,"v,vn",纟,-0.2050746013314448
终身,zhōng shēn,all one's life ; lifelong ; marriage,5.0,n,纟,-0.8707367551927802
终点,zhōng diǎn,destination ; end point ; finishing line (in a race) ; terminus ; the end,5.0,n,纟,-0.930090611665325
组合,zǔ hé,(math.) combinatorial ; association ; combination ; compilation ; set ; to assemble ; to combine ; to compose,3.0,"v,n,vn",纟,-1.3796291793943398
组成,zǔ chéng,to constitute ; to form ; to make up,2.0,"v,vn",纟,-0.6576192818732325
组织,zǔ zhī,(biology) tissue ; (textiles) weave ; organization ; to organize,5.0,"n,v",纟,-0.8239993251856218
组装,zǔ zhuāng,to assemble; to put together,7.0,"v,vn",纟,2.488843145437406
组长,zǔ zhǎng,group leader,2.0,n,纟,-0.7663261176837534
结冰,jié bīng,to freeze,7.0,v,纟,0.12375626490487862
结合,jié hé,binding ; to combine ; to integrate ; to link,3.0,"v,vn",纟,0.04630630043513348
结婚,jié hūn,to get married ; to marry,3.0,"v,vn",纟,-1.6703385977954095
结实,jiē shi | jiē shí,buff (physique) ; durable ; rugged ; strong ; sturdy ; to bear fruit,3.0,a,纟,-0.6099587442903902
结尾,jié wěi,coda ; ending ; to wind up,7.0,"n,v",纟,-0.6784611270285684
结局,jié jú,conclusion ; ending,7.0,n,纟,-1.587929703103122
结晶,jié jīng,(fig.) the fruit (of labor etc) ; crystal ; crystalline ; crystallization ; to crystallize,7.0,n,纟,2.0293037005738204
结束,jié shù,termination ; to close ; to conclude ; to end ; to finish,3.0,"v,vn",纟,-1.4589135662309956
结果,jié guǒ | jiē guǒ,as a result ; conclusion ; in the end ; outcome ; result ; to bear fruit ; to dispatch ; to kill,2.0,"n,d",纟,-1.3275540484671444
结构,jié gòu,architecture ; composition ; makeup ; structure,4.0,n,纟,-1.1137856360110074
结论,jié lùn,conclusion ; to conclude ; to reach a verdict ; verdict,4.0,n,纟,-1.1135252603563717
结识,jié shí,to get to know sb ; to meet sb for the first time,7.0,v,纟,-0.5529364759251112
绝对,jué duì,absolute ; unconditional,3.0,"d,a",纟,-1.6108427607110878
绝技,jué jì,consummate skill ; stunt ; supreme feat ; tour-de-force,7.0,n,纟,-0.47898979000849423
绝招,jué zhāo,finishing blow ; masterstroke ; unexpected tricky move (as a last resort) ; unique skill,7.0,n,纟,0.3673258970323761
绝望,jué wàng,desperate ; desperation ; to despair ; to give up all hope,5.0,"a,an,ad",纟,-1.3532010504487886
绝缘,jué yuán,(electricity) to insulate ; to be cut off from ; to have no contact with,7.0,"vn,v",纟,0.823776212393704
给予,jǐ yǔ,(literary) to give; to accord; to render,6.0,v,纟,1.40164459950488
絮叨,xù dao,garrulous ; long-winded ; to talk endlessly without getting to the point,7.0,v,糸,3.7910883965303297
统一,tǒng yī,to unify; to integrate ; unified; integrated,4.0,"v,vn,a,ad",纟,-0.4596153893070299
统治,tǒng zhì,regime ; rule ; to govern ; to rule (a country),7.0,"vn,v",纟,-0.7721727771286047
统筹,tǒng chóu,an overall plan ; to plan an entire project as a whole,7.0,"v,vn",纟,0.001142917140248343
统计,tǒng jì,statistics ; to add up ; to count,4.0,"v,vn",纟,-0.8393614888091453
丝毫,sī háo,a bit ; the slightest amount or degree,7.0,"m,a,n",一,1.1306289213822027
丝绸,sī chóu,silk ; silk cloth,7.0,n,一,0.6043031211044909
绑架,bǎng jià,a kidnapping ; abduction ; staking ; to abduct ; to hijack ; to kidnap,7.0,"v,vn",纟,-0.35805709121454043
经典,jīng diǎn,"classic (example, case etc) ; classical ; scriptures ; the classics ; typical",4.0,n,纟,-1.2171547709014896
经商,jīng shāng,in business ; to carry out commercial activities ; to trade,7.0,"v,vn",纟,2.3539331779825927
经常,jīng cháng,day-to-day; everyday; daily ; frequently; constantly; regularly; often,2.0,"d,b",纟,-1.433408544861128
经历,jīng lì,experience ; to experience ; to go through,3.0,"v,n",纟,-0.007851835729150892
经济,jīng jì,economic ; economy,3.0,n,纟,-1.3935710697018229
经营,jīng yíng,to engage in (business etc); to run; to operate,3.0,"v,vn",纟,-0.38746774740394846
经理,jīng lǐ,director ; manager,2.0,n,纟,-1.0826825380664655
经费,jīng fèi,expenditure ; funds,5.0,n,纟,-0.15873952759069881
经贸,jīng mào,trade,7.0,b,纟,4.414652711030123
经过,jīng guò,course ; process ; to go through ; to pass,2.0,"p,v,n",纟,-0.6900360508754119
经验,jīng yàn,experience ; to experience,3.0,"n,v",纟,-0.5499657414657133
综合,zōng hé,composite ; comprehensive ; mixed ; synthesized ; to integrate ; to sum up ; to synthesize,4.0,"vn,v,a",纟,-0.5701330619155437
绿化,lǜ huà,(Internet slang) Islamization ; to make green with plants ; to reforest,6.0,"v,vn",纟,-0.13270196212710106
绿灯,lǜ dēng,(fig.) permission to proceed ; green light (traffic signal),7.0,n,纟,0.8233856489117505
绿色,lǜ sè,green,2.0,n,纟,-1.2404583919914107
绿茶,lǜ chá,(slang) (of a girl) seemingly innocent and charming but actually calculating and manipulative ; a girl who has these qualities ; green tea,3.0,n,纟,-0.15157919708821002
维修,wéi xiū,maintenance (of equipment) ; to protect and maintain,4.0,"vn,v",纟,-0.48927462836661484
维持,wéi chí,to keep ; to maintain ; to preserve,4.0,"v,vn",纟,-0.7051260460598407
维护,wéi hù,to defend ; to maintain ; to protect ; to safeguard ; to uphold,4.0,"v,vn",纟,-0.08192870947308574
纲要,gāng yào,essential points ; outline,7.0,n,纟,5.437929033749513
纲领,gāng lǐng,guiding principle ; program (i.e. plan of action),7.0,n,纟,2.4884643747399093
网球,wǎng qiú,tennis ; tennis ball,2.0,n,网,-0.3027272646043952
网络,Wǎng luò | wǎng luò,"Internet ; network (computing, telecommunications, transport etc)",4.0,n,网,-0.2956971219292243
绽放,zhàn fàng,to blossom,7.0,"v,vn",纟,0.7908504848667105
绰号,chuò hào,nickname,7.0,n,纟,0.5971309978175433
紧密,jǐn mì,inseparably close,4.0,"a,ad",糸,0.04423508798250344
紧张,jǐn zhāng,in short supply ; intense ; keyed up ; nervous ; scarce ; strained ; tense,3.0,"a,ad,an",糸,-1.572046788170327
紧急,jǐn jí,emergency ; urgent,3.0,"a,ad",糸,-1.4317043103215354
紧凑,jǐn còu,compact ; terse ; tight (schedule),7.0,a,糸,0.7514035731893602
紧缩,jǐn suō,(economics) to reduce ; austerity ; crunch ; tightening ; to curtail ; to cut back ; to tighten,7.0,"v,vn",糸,1.0365149150157553
紧迫,jǐn pò,pressing ; urgent,7.0,a,糸,-0.08101739468186064
绯闻,fēi wén,sex scandal,7.0,n,纟,-0.09533805568683971
线条,xiàn tiáo,"line (in drawing, calligraphy etc) ; the lines or contours of a three-dimensional object (hairstyle, clothing, car etc)",7.0,n,纟,0.001533480622201932
线索,xiàn suǒ,clues ; thread (of a story) ; trail,5.0,n,纟,-0.6448490820116121
线路,xiàn lù,(electricity) line; circuit; wire ; (traffic) road; track; route,6.0,n,纟,4.573635633754302
缘分,yuán fèn,(Budd.) destiny ; fate or chance that brings people together ; predestined affinity or relationship,7.0,n,纟,-0.7542186497431796
缘故,yuán gù,cause ; reason,6.0,n,纟,-0.49148782143102016
编剧,biān jù,dramatist ; scenario ; screenwriter ; to write a play,7.0,"n,v",纟,-0.8131819427337709
编写,biān xiě,to compile,7.0,v,纟,0.32907426136980394
编排,biān pái,to arrange ; to lay out,7.0,"v,vn",纟,1.626904919118376
编号,biān hào,numbering ; serial number ; to number,7.0,"n,v",纟,-1.2303037414606064
编辑,biān jí,compiler ; editor ; to compile ; to edit,5.0,"n,v,vn",纟,-0.1079662749366835
编造,biān zào,to compile ; to concoct ; to cook up ; to draw up ; to fabricate ; to invent ; to make up,7.0,v,纟,-0.8814003642483972
缓和,huǎn hé,to allay ; to alleviate ; to ease (tension) ; to make more mild ; to moderate,7.0,"v,a,vn",纟,0.18754830029069283
缓慢,huǎn màn,slow,7.0,"a,ad",纟,-0.6291081476905938
缓缓,huǎn huǎn,little by little ; slowly ; unhurriedly,7.0,d,纟,0.7296504132427979
缓解,huǎn jiě,to alleviate (a crisis) ; to bring relief ; to dull (a pain),4.0,"v,vn",纟,1.0004410940642139
缅怀,miǎn huái,to commemorate ; to recall fondly ; to think of the past,7.0,"v,vn",纟,0.7624577457269308
纬度,wěi dù,latitude,7.0,n,纟,0.6369684729768471
练习,liàn xí,drill ; exercise ; practice ; to practice,2.0,"v,vn",纟,-0.5633750876794673
缝合,féng hé,suture (in surgery) ; to sew together ; to sew up (a wound),7.0,"v,vn",纟,-0.11485443700007919
缩小,suō xiǎo,to decrease ; to reduce ; to shrink,4.0,"v,vn",纟,-0.5563213594353787
缩影,suō yǐng,(Tw) to microfilm ; epitome ; microcosm ; miniature version of sth,7.0,n,纟,0.1443377344055787
缩水,suō shuǐ,fig. to shrink (of profits etc) ; to shrink (in the wash),7.0,v,纟,1.5971985089209577
缩短,suō duǎn,to curtail ; to cut down,4.0,v,纟,-0.6904148215729081
纵容,zòng róng,to connive at ; to indulge,7.0,v,纟,-0.571304752361406
纵然,zòng rán,even if ; even though,7.0,c,纟,0.28533115139095955
总之,zǒng zhī,in a word ; in brief ; in short,4.0,c,心,-1.2437130876743605
总共,zǒng gòng,altogether; in sum; in all; in total,4.0,d,心,0.24028616313893647
总数,zǒng shù,aggregate ; sum ; total,5.0,n,心,0.512236741621756
总是,zǒng shì,always,3.0,"d,v",心,-1.1390420745106964
总理,zǒng lǐ,premier ; prime minister,4.0,n,心,-0.521312626671298
总监,zǒng jiān,(police) commissioner ; director (of an organizational unit) ; head ; inspector-general ; rank of local governor in Tang dynasty administration,6.0,n,心,0.5205569697856487
总算,zǒng suàn,at long last ; finally ; on the whole,5.0,"d,v",心,0.20981041876206938
总结,zǒng jié,résumé ; summary ; to conclude ; to sum up,3.0,"v,vn",心,-1.1282482776277616
总统,zǒng tǒng,president (of a country),4.0,n,心,-1.2746977905760417
总裁,zǒng cái,chairman ; director-general (of a company etc),5.0,n,心,-0.4381108122306459
总计,zǒng jì,(grand) total,7.0,v,心,-0.4636394191694295
总部,zǒng bù,general headquarters,6.0,n,心,-0.3283860593704967
总额,zǒng é,total (amount or value),7.0,n,心,1.284499140487606
总体,zǒng tǐ,completely ; entire ; overall ; population (statistics) ; total ; totally,5.0,n,心,0.41667887637035333
繁忙,fán máng,bustling ; busy,7.0,"a,an",糸,-0.6412038228467072
繁荣,fán róng,prosperous; booming (economy),5.0,"an,a,v",糸,-0.3829229662322759
繁殖,fán zhí,to breed ; to propagate ; to reproduce,6.0,"v,vn",糸,-0.18127381450116994
繁华,fán huá,bustling ; flourishing,7.0,a,糸,-0.22227118732187875
繁重,fán zhòng,arduous ; burdensome ; heavy ; heavy-duty ; onerous,7.0,a,糸,-0.2925726140735924
绷带,bēng dài,bandage (loanword),7.0,n,纟,-0.09469890933470766
绕行,rào xíng,(of a planet) to orbit ; (of a sailor) to circumnavigate ; to bypass ; to do a circuit ; to take a circular (or circuitous) route ; to take a detour,7.0,"v,vn",纟,1.0311654213112595
绳子,shéng zi,cord; string; rope,7.0,n,纟,-0.3658565680691613
绘画,huì huà,drawing ; painting,6.0,"n,v",纟,-0.40048653013574737
缴纳,jiǎo nà,to pay (taxes etc),7.0,v,纟,0.9296307087876862
缴费,jiǎo fèi,to pay a fee,7.0,"vn,v",纟,-1.097121594114305
继承,jì chéng,to carry on (a tradition etc) ; to inherit ; to succeed to (the throne etc),5.0,"v,vn",纟,-0.3309662303479409
继母,jì mǔ,stepmother,7.0,n,纟,-0.984248747829608
继父,jì fù,stepfather,7.0,n,纟,0.5895329326952662
继续,jì xù,to continue ; to go on with ; to proceed with,3.0,v,纟,-1.0574143067823176
继而,jì ér,afterwards ; then,7.0,c,纟,1.7245222040379502
缤纷,bīn fēn,rich and diverse ; vast and various,7.0,z,纟,0.3038296156545722
纤维,xiān wéi,fiber,7.0,n,纟,0.8557906251294698
缆车,lǎn chē,cable car,7.0,n,纟,-0.32290637783868287
缺乏,quē fá,to lack; to be short of,5.0,"v,vn",缶,0.04499262937749452
缺口,quē kǒu,gap ; jag ; nick ; shortfall,7.0,n,缶,0.3974228707117481
缺失,quē shī,lack; deficiency ; shortcoming; flaw; defect ; to be deficient; to lack,7.0,n,缶,-0.0029046982910673922
缺少,quē shǎo,lack ; shortage of ; shortfall ; to be short (of) ; to lack,3.0,v,缶,-0.15471549772829918
缺席,quē xí,to be absent,7.0,"v,vn",缶,-0.4187246187447228
缺陷,quē xiàn,defect; flaw,6.0,n,缶,-0.26497279468217877
缺点,quē diǎn,disadvantage ; fault ; shortcoming ; weak point,3.0,n,缶,-0.437980624403328
罐头,guàn tou,can ; tin,7.0,n,缶,-0.05159494570799531
罕见,hǎn jiàn,rare ; rarely seen,7.0,a,⺳,-0.30076265441016686
罪恶,zuì è,crime ; evil ; sin,6.0,n,罒,-0.5061990459179543
罪犯,zuì fàn,criminal,7.0,n,罒,-1.014322135940064
罚款,fá kuǎn,fine (monetary) ; penalty ; to fine,5.0,"v,n",罒,-1.049354454273061
罢休,bà xiū,forget it ; let the matter drop ; to abandon (a goal etc) ; to give up ; to let sth go,7.0,v,罒,0.6340925479913937
罢免,bà miǎn,to dismiss ; to remove sb from their post,7.0,v,罒,0.40653601862400796
罢工,bà gōng,a strike ; to go on strike,6.0,"vn,v",罒,-0.636789229502354
美人,měi rén,beauty ; belle,7.0,n,羊,-1.2816095382083519
美元,Měi yuán,American dollar ; US dollar,3.0,"q,n",羊,-0.24429651570753533
美化,měi huà,embellishment ; to decorate ; to make more beautiful,7.0,"v,vn",羊,-0.31053853424347483
美味,měi wèi,delicacy ; delicious ; delicious food,7.0,n,羊,-1.1243308500237637
美女,měi nǚ,beautiful woman,4.0,n,羊,-0.9346589784059123
美好,měi hǎo,beautiful ; fine,3.0,a,羊,-1.3247017090506072
美妙,měi miào,beautiful ; splendid ; wonderful,7.0,"a,an",羊,-1.014322135940064
美容,měi róng,to beautify ; to improve one's appearance (using cosmetics or cosmetic surgery) ; to make oneself more attractive,6.0,"vn,v",羊,-1.1149691192413271
美德,Měi Dé | měi dé,USA and Germany ; virtue,7.0,n,羊,-0.5627005629739603
美景,měi jǐng,beautiful scenery,7.0,n,羊,0.3798475140238193
美满,měi mǎn,blissful ; happy,7.0,"a,an",羊,-0.05863688116762354
美术,měi shù,art ; fine arts ; painting,3.0,n,羊,-0.5785952706912126
美观,měi guān,artistic ; beautiful ; pleasing to the eye,7.0,a,羊,-0.32927378859280715
美金,Měi jīn,US dollar ; USD,4.0,"q,n,nr",羊,0.39599080461125
美食,měi shí,culinary delicacy ; fine food ; gourmet food,3.0,n,羊,-0.5908329264591043
美丽,měi lì,beautiful,3.0,"a,an",羊,-1.1745833513685076
羞愧,xiū kuì,ashamed,7.0,"v,vn",羊,-0.3829229662322759
群众,qún zhòng,mass ; multitude ; the masses,5.0,n,羊,0.2980777656836654
群体,qún tǐ,colony ; community,5.0,n,羊,-0.400356342308428
羡慕,xiàn mù,to admire ; to envy,7.0,"v,vn",羊,-0.4845996593676259
义务,yì wù,duty ; obligation ; volunteer (work etc),4.0,"n,d",丿,-0.2714703932636194
义工,yì gōng,volunteer work ; volunteer worker,7.0,nr,丿,-1.1279761091886686
翅膀,chì bǎng,wing,7.0,n,羽,0.19159591572200857
习俗,xí sú,convention ; custom ; local tradition ; tradition,7.0,n,冫,0.02910971444469953
习惯,xí guàn,custom ; habit ; to be used to ; usual practice,2.0,"n,v",冫,-0.6039701042337637
翠绿,cuì lǜ,emerald green ; greenish-blue,7.0,z,羽,3.834796128155799
翻译,fān yì,interpretation ; interpreter ; to interpret ; to translate ; translation ; translator,4.0,,羽,-1.443941966089427
耀眼,yào yǎn,dazzling ; to dazzle,7.0,a,羽,0.48256570977771374
老人,lǎo rén,old man or woman ; one's aged parents or grandparents ; the elderly,1.0,n,老,-1.2348603154167364
老公,lǎo gong | lǎo gōng,(coll.) eunuch ; (coll.) husband ; see also 公,4.0,n,老,-1.8467431038112843
老化,lǎo huà,"(of a person, population or material) to age ; (of knowledge) to become outdated",7.0,"v,vn",老,0.6572541884695369
老大,lǎo dà,boss ; captain of a boat ; eldest child in a family ; leader of a criminal gang ; leader of a group ; old age ; very,7.0,n,老,-0.6552641081970505
老婆,lǎo pó,(coll.) wife,4.0,n,老,-1.7467588524310689
老家,lǎo jiā,home state or region ; native place ; place of origin,4.0,n,老,1.325378118265456
老实,lǎo shi,honest; sincere ; naive; gullible ; well-behaved,4.0,"ad,a",老,-0.8230880103943967
老师,lǎo shī,teacher,1.0,n,老,-2.0254909907188825
老年,lǎo nián,autumn of one's years ; elderly ; old age,2.0,"t,n",老,-0.43602780699355703
老是,lǎo shi,always,2.0,d,老,3.037170688531857
老远,lǎo yuǎn,very far away,7.0,d,老,1.0915607804023477
考场,kǎo chǎng,exam room,6.0,n,耂,0.2777684646220584
考察,kǎo chá,on-the-spot investigation ; to inspect ; to observe and study,4.0,"v,vn",耂,-0.8833531816581667
考虑,kǎo lǜ,consideration ; to consider ; to think over,4.0,"v,vn",耂,-1.1038913611348404
考核,kǎo hé,appraisal ; evaluation ; review ; to assess ; to check up on ; to examine ; to review,5.0,"vn,v",耂,-0.20260103261240378
考生,kǎo shēng,exam candidate ; student whose name has been put forward for an exam,2.0,n,耂,0.48137043376293415
考试,kǎo shì,exam ; to take an exam,1.0,"vn,v",耂,-1.6644801455660994
考量,kǎo liáng,consideration ; to consider ; to give serious consideration to sth,7.0,v,耂,0.9180321993719279
考验,kǎo yàn,ordeal ; to put to the test ; to test ; trial,3.0,"vn,v",耂,-0.5854834327546083
而且,ér qiě,(not only ...) but also ; furthermore ; in addition ; moreover,2.0,c,而,-1.2335584371435562
而已,ér yǐ,nothing more ; that's all,7.0,"y,u",而,1.4894147806861207
而是,ér shì,rather,4.0,c,而,0.5377535557760823
耍赖,shuǎ lài,"to act as if sth never happened ; to act dumb ; to act shamelessly ; to refuse to acknowledge that one has lost the game, or made a promise etc",7.0,v,而,0.9223401904578795
耐心,nài xīn,patience ; to be patient,5.0,"a,ad,an",而,-1.2588148756432467
耐性,nài xìng,patience,7.0,n,而,-0.647452838557971
耕地,gēng dì,arable land ; to plow land,7.0,n,耒,-0.5042462285081832
耗时,hào shí,time-consuming ; to take a period of (x amount of time),7.0,v,耒,0.6598815305848146
耗费,hào fèi,to consume ; to spend ; to squander ; to waste,7.0,v,耒,0.07037925570450293
耳朵,ěr duo,ear ; handle (on a cup),5.0,n,耳,-1.4021516735203523
耳机,ěr jī,earphones ; headphones ; telephone receiver,4.0,n,耳,-0.5598364307729643
耽误,dān wu,to delay ; to hold up ; to interfere with ; to waste time,7.0,v,耳,-0.8475515291457197
耿直,gěng zhí,candid ; frank ; honest,7.0,a,耳,2.734614177844851
圣贤,shèng xián,Buddhist lama ; a sage ; virtuous ruler ; wine ; wise and holy man,7.0,n,土,1.7479678057396464
聘任,pìn rèn,appointed ; to appoint (to a position),7.0,"vn,v",耳,0.8261313860698859
聘用,pìn yòng,to employ ; to hire,7.0,"v,vn",耳,-0.9748752242627139
聘请,pìn qǐng,to engage ; to hire (a lawyer etc),6.0,v,耳,-0.3829347590167347
聚会,jù huì,gathering ; party ; to get together ; to meet,4.0,"v,vn",耳,-0.3943794950362588
聚集,jù jí,to assemble ; to gather,7.0,"v,vn",耳,-0.13815805808999876
闻名,wén míng,eminent ; famous ; renowned ; well-known,7.0,v,门,0.4640790382985584
联合,lián hé,alliance ; to combine ; to join ; unite,3.0,"v,vn",耳,0.12543691387555247
联想,Lián xiǎng | lián xiǎng,Lenovo ; mental association ; to associate (cognitively) ; to make an associative connection ; word prediction and auto-complete functions of input method editing programs,5.0,"v,nz,vn",耳,-0.6123021251821148
联手,lián shǒu,lit. to join hands ; to act together,6.0,v,耳,1.0728255260530164
联欢,lián huān,celebration ; party ; to have a get-together,7.0,"v,vn",耳,2.228112305672849
联盟,lián méng,alliance ; coalition ; union,6.0,"n,v",耳,-0.207169399352991
联络,lián luò,(math.) connection ; liaison ; to contact ; to get in touch with ; to stay in contact (with),5.0,"v,vn",耳,-0.8316686142129263
联赛,lián sài,(sports) league ; league tournament,6.0,n,耳,1.7922316670277625
联邦,lián bāng,commonwealth ; federal ; federal state ; federal union ; federation ; union,7.0,n,耳,0.8379784783558226
聪明,cōng ming,acute (of sight and hearing) ; bright ; clever ; intelligent ; smart,5.0,"a,an",耳,-0.7494134929168728
声明,shēng míng,declaration ; statement ; to declare ; to state,3.0,"n,v",士,-1.4410778338884311
声望,shēng wàng,popularity ; prestige,7.0,n,士,0.8081536731155448
声称,shēng chēng,to assert ; to claim ; to proclaim ; to state,7.0,v,士,-0.21470850055297608
声誉,shēng yù,fame ; reputation,7.0,n,士,-0.3355345970885281
声音,shēng yīn,sound ; voice,2.0,n,士,-1.5488733549077254
耸立,sǒng lì,to stand tall ; to tower aloft,7.0,v,耳,3.219054876079546
职位,zhí wèi,position; post; job,5.0,n,耳,-0.38500597146936477
职务,zhí wù,duties ; job ; position ; post,5.0,n,耳,-0.8272540208685715
职员,zhí yuán,office worker ; staff member,7.0,n,耳,-1.5883202665850757
职工,zhí gōng,workers; staff,3.0,n,耳,1.6885903636981856
职业,zhí yè,occupation; profession; vocation ; professional,3.0,n,耳,-0.7914405755716672
职权,zhí quán,authority ; power over others,7.0,n,耳,-0.020752223418089237
职能,zhí néng,function ; role,5.0,n,耳,1.988412930011515
职责,zhí zé,duty ; obligation ; responsibility,6.0,n,耳,-0.5050391482565493
听到,tīng dào,to hear,1.0,v,口,-1.3601010052966416
听力,tīng lì,hearing ; listening ability,3.0,n,口,-0.09859275136978943
听取,tīng qǔ,to hear (news); to listen to,6.0,v,口,0.2497898745331499
听写,tīng xiě,(music) to transcribe by ear ; (of a pupil) to write down (in a dictation exercise) ; dictation,1.0,"v,vn",口,-0.45179232688349297
听从,tīng cóng,to comply with ; to hearken ; to heed ; to listen and obey,7.0,v,口,-1.2046567394789638
听众,tīng zhòng,audience ; listeners,3.0,n,口,-0.7354598098249312
听见,tīng jiàn,to hear,1.0,v,口,-0.6706380646050313
听话,tīng huà,obedient ; to do what one is told,7.0,a,口,-0.49683731513551604
听说,tīng shuō,hearsay ; listening and speaking ; one hears (that) ; to hear (sth said),2.0,v,口,-0.4174109476870853
听讲,tīng jiǎng,to attend a lecture ; to listen to a talk,2.0,v,口,0.42710569534025067
肇事,zhào shì,to be responsible for an incident ; to cause an accident ; to provoke a disturbance,7.0,"vn,v",聿,3.1675004964616225
肌肉,jī ròu,flesh ; muscle,5.0,n,⺼,-0.41730434542868355
肌肤,jī fū,fig. close physical relationship ; flesh ; skin,7.0,n,⺼,-0.28201560727637726
肖像,xiào xiàng,"(in a general sense) representation of a person ; likeness ; portrait (painting, photo etc)",7.0,n,⺼,-0.34557085257647185
肚子,dù zi,abdomen ; belly ; stomach,4.0,"n,q",⺼,-1.6108427607110878
肝脏,gān zàng,liver,7.0,n,⺼,0.3206002598096777
股份,gǔ fèn,a share (in a company) ; stock,7.0,n,⺼,-0.2100217387695298
股市,gǔ shì,stock market,7.0,n,⺼,-1.0119787550483395
股东,gǔ dōng,shareholder ; stockholder,6.0,n,⺼,-0.2591143424528687
股票,gǔ piào,share certificate ; stock (finance),6.0,n,⺼,0.12622983362391965
肢体,zhī tǐ,body ; limb ; limbs and trunk,7.0,n,⺼,-0.7587752236993095
肥料,féi liào,fertilizer ; manure,7.0,n,⺼,0.573815583943165
肥沃,féi wò,fertile,7.0,a,⺼,0.7502200899590407
肥皂,féi zào,soap,7.0,n,⺼,-0.056281707491443074
肥胖,féi pàng,fat; obese,7.0,"a,an",⺼,-0.031309230215305586
肩膀,jiān bǎng,shoulder,7.0,n,⺼,0.13288120560159572
肩负,jiān fù,to bear ; to shoulder (a burden) ; to suffer (a disadvantage),7.0,v,⺼,0.8434345743187202
肯定,kěn dìng,affirmative (answer) ; assuredly ; definitely ; to affirm ; to be certain ; to be positive ; to give recognition,5.0,"d,v,vn,a",⺼,-1.7382966436554
胃口,wèi kǒu,appetite ; liking,7.0,n,⺼,0.8788338705647536
背包,bēi bāo,blanket roll ; field pack ; infantry pack ; knapsack ; rucksack,5.0,n,⺼,-1.0631543639687673
背叛,bèi pàn,to betray,7.0,"v,vn",⺼,0.09369466957888124
背后,bèi hòu,at the back ; behind ; behind sb's back ; in the rear,3.0,f,⺼,-0.49435195363201623
背心,bèi xīn,"sleeveless garment (vest, waistcoat, singlet, tank top etc)",6.0,n,⺼,0.6688526978852977
背景,bèi jǐng,(fig.) powerful backer ; background; backdrop; context,4.0,n,⺼,-1.5189301546245886
背诵,bèi sòng,to recite ; to repeat from memory,7.0,v,⺼,-0.6848167449982338
背面,bèi miàn,the back ; the reverse side ; the wrong side,7.0,f,⺼,-0.12491427805694023
胎儿,tāi ér,embryo ; fetus ; unborn child,7.0,n,⺼,-0.7397560081264254
胖子,pàng zi,fat person ; fatty,4.0,n,⺼,-0.10538610395924186
胚胎,pēi tāi,embryo,7.0,n,⺼,0.7653218779279269
胡说,hú shuō,drivel ; to talk nonsense,7.0,"v,vn",⺼,-0.22134807974619342
胡闹,hú nào,to act willfully and make a scene ; to make trouble,7.0,v,⺼,-0.5401780688479481
胳膊,gē bo,arm,7.0,n,⺼,0.5652349801246354
胸膛,xiōng táng,chest,7.0,n,⺼,-0.7211391488199537
胸部,xiōng bù,bosom ; chest,4.0,"n,s",⺼,-0.9610753145670062
能力,néng lì,ability ; capability,3.0,n,⺼,-1.0907423905757236
能否,néng fǒu,can it or can't it ; is it possible? ; whether or not,6.0,v,⺼,1.6317218687291417
能够,néng gòu,can ; to be able to ; to be capable of,2.0,v,⺼,-0.8530194178930762
能干,néng gàn,capable ; competent,4.0,"a,an",⺼,-0.3982733370713406
能源,néng yuán,energy ; power source,7.0,n,⺼,-1.0706934651687523
能耐,néng nài,ability ; capability,7.0,n,⺼,1.6935375011362692
能量,néng liàng,capabilities ; energy,5.0,n,⺼,-0.4445136013381436
脂肪,zhī fáng,"fat (in the body, in a plant, or in food)",7.0,n,⺼,-0.8056310487493284
脆弱,cuì ruò,frail ; weak,7.0,"a,an",⺼,-1.0576746824369534
脉搏,mài bó,pulse (both medical and figurative),7.0,n,⺼,0.2818160800533741
脉络,mài luò,"(fig.) fabric (i.e. underlying structure, as in ""social fabric"") ; arteries and veins ; network of blood vessels ; overall context ; vascular system (of a plant or animal)",7.0,n,⺼,0.48178458281380504
脖子,bó zi,neck,7.0,n,⺼,-0.18477709305429657
脱节,tuō jié,to come apart,7.0,v,⺼,-0.46831438816841847
脱落,tuō luò,to come off ; to drop off ; to lose (hair etc) ; to omit (a character when writing),7.0,"v,vn",⺼,-0.6975751520753969
脱身,tuō shēn,to disengage ; to escape (from obligations) ; to free oneself ; to get away,7.0,v,⺼,0.1969454094265045
脱离,tuō lí,abjunction (botany) ; abscission ; diastasis (medicine) ; to break away from ; to separate oneself from,5.0,v,⺼,-0.011508887678511567
脾气,pí qi,bad temper ; character ; disposition ; temperament,5.0,n,⺼,-0.7819368641774539
腐化,fǔ huà,to become corrupt ; to decay ; to rot,7.0,"v,a",肉,-0.16679938009995687
腐败,fǔ bài,corruption ; rotten ; to corrupt ; to rot,7.0,"an,a",肉,1.2935056861414655
腐朽,fǔ xiǔ,decadent ; decayed ; degenerate ; rotten,7.0,a,肉,1.2446380797593863
腐烂,fǔ làn,(fig.) corrupt ; to putrefy ; to rot,7.0,"v,vn",肉,0.8404520470748651
腐蚀,fǔ shí,corrosion ; corruption ; to corrode (degrade chemically) ; to rot,7.0,"v,vn",肉,1.6008319753014038
脑海,nǎo hǎi,the brain ; the mind,7.0,n,⺼,0.01597253667004158
脑筋,nǎo jīn,brains ; head ; mind ; way of thinking,7.0,n,⺼,-0.6979657155573505
脑袋,nǎo dai,brains ; head ; mental capability ; skull,4.0,n,⺼,-1.238765950236277
肿瘤,zhǒng liú,tumor,7.0,n,⺼,-0.5117971224926271
脚印,jiǎo yìn,footprint,6.0,n,⺼,-0.21406935420084405
脚步,jiǎo bù,footstep ; step,5.0,n,⺼,-0.9476659683532538
腹泻,fù xiè,diarrhea ; to have the runs,7.0,"v,vn",⺼,-0.3076744020424787
腹部,fù bù,abdomen ; belly ; flank,7.0,n,⺼,-0.053015219024034554
膝盖,xī gài,(Internet slang) to kneel down (in admiration) ; knee,7.0,n,⺼,0.9773978486289302
胶囊,jiāo náng,(pharm.) capsule,7.0,n,⺼,0.690736045659178
胶带,jiāo dài,adhesive tape ; magnetic tape,5.0,n,⺼,0.2529143823887802
胶水,jiāo shuǐ,glue,5.0,n,⺼,0.028991319401840472
胶片,jiāo piàn,(photographic) film,7.0,n,⺼,0.4824119363814786
膨胀,péng zhàng,to expand ; to inflate ; to swell,7.0,"v,vn",⺼,-0.31287012235074063
膳食,shàn shí,meals; food,7.0,n,⺼,-0.9683776256812718
胆子,dǎn zi,courage ; guts ; nerve,7.0,n,⺼,0.2534233409135944
胆小,dǎn xiǎo,cowardice ; timid,5.0,a,⺼,0.3714801147220937
胆怯,dǎn qiè,cowardly ; timid ; timidity,7.0,"a,an",⺼,-0.25714973225864035
脸盆,liǎn pén,basin for washing hands and face ; washbowl,5.0,"q,n",⺼,2.4068366070115306
脸色,liǎn sè,complexion ; look,5.0,n,⺼,-0.4832859883099869
脸颊,liǎn jiá,cheek,7.0,n,⺼,0.826249781112745
临床,lín chuáng,clinical,7.0,"vn,v,b",丨,0.06739672846064626
临时,lín shí,ad hoc ; as the time draws near ; at the last moment ; interim ; temporary,4.0,"b,d",丨,-0.8215139636821219
临近,lín jìn,approaching ; close to,7.0,"v,vn",丨,-0.05784396141925753
自主,zì zhǔ,autonomous ; independent ; to act for oneself,3.0,"v,vn",自,0.24926912322387695
自信,zì xìn,self-confidence ; to have confidence in oneself,4.0,"v,an,a,vn",自,-1.4268873607107697
自助,zì zhù,self-service,7.0,"b,d",自,0.3687579631328742
自动,zì dòng,automatic ; voluntarily,3.0,"d,b",自,-1.086718360713324
自卑,zì bēi,to abase oneself ; to have low self-esteem,7.0,a,自,-0.5429238060060851
自在,zì zai,comfortable; at ease,6.0,"a,ad",自,0.2621341325594406
自学,zì xué,self-study ; to study on one's own,6.0,"v,vn",自,-0.8892116338874767
自尊,zì zūn,ego ; pride ; self-esteem ; self-respect,7.0,"v,vn",自,-1.1035007976528868
自己,zì jǐ,one's own ; oneself,2.0,"r,v",自,-1.4344382546952137
自从,zì cóng,ever since ; since (a time),3.0,p,自,-0.45959180373811376
自我,zì wǒ,ego (psychology) ; self-,6.0,r,自,-0.9937524592238214
自杀,zì shā,to attempt suicide ; to commit suicide ; to kill oneself,5.0,"v,vn",自,-0.8979342183177815
自然,zì rán,natural ; naturally ; nature,3.0,"n,d,a",自,-1.6273766147804722
自由,zì yóu,free; unrestricted ; freedom; liberty,2.0,"a,an,ad",自,-1.896344666019438
自私,zì sī,selfish ; selfishness,7.0,"a,an",自,-1.4033233639662146
自称,zì chēng,to call oneself ; to claim a title ; to claim to be ; to profess,7.0,v,自,0.23088905400312365
自立,zì lì,independent ; self-reliant ; self-sustaining ; to stand on one's own feet ; to support oneself,7.0,"v,vn",自,-0.11758838137375746
自行,zì xíng,autonomous ; by oneself ; self- ; voluntary,7.0,"d,b",自,0.24613282258378777
自卫,zì wèi,self-defense ; to defend oneself,7.0,"v,vn",自,-0.14753158165689428
自觉,zì jué,aware ; conscientious ; conscious ; on one's own initiative,3.0,"a,ad,v,an",自,-0.6971845885934432
自豪,zì háo,proud (of one's achievements etc),5.0,"a,an",自,-0.8357044368597831
自负,zì fù,conceited ; to take responsibility,7.0,"v,a",自,0.12883359017028
自费,zì fèi,at one's own expense ; self-funded,7.0,d,自,-0.4219675216432152
自身,zì shēn,itself ; one's own ; oneself,3.0,r,自,0.13536656710509554
自愿,zì yuàn,voluntary,5.0,"v,vn",自,-0.2891995233477822
至今,zhì jīn,so far ; to this day ; until now,3.0,d,至,-1.0269621479743667
至少,zhì shǎo,(to say the) least ; at least,3.0,d,至,-0.9448136289367165
至于,zhì yú,as for ; as to ; to go so far as to,6.0,p,至,0.03990351132763462
至此,zhì cǐ,so far ; up until now,7.0,d,至,0.3397496632098797
致使,zhì shǐ,to cause ; to result in,7.0,v,至,4.2381298099713876
致命,zhì mìng,deadly ; fatal ; mortal ; to sacrifice one's life,7.0,"v,vn,a",至,-0.8845366648884864
致富,zhì fù,to become rich,7.0,"v,vn",至,0.6502358385788245
致敬,zhì jìng,to pay homage to ; to pay one's respects to ; to pay tribute to ; to salute,7.0,v,至,0.14876412053438925
致辞,zhì cí,"same as 致词 ; to address (an audience) ; to express in words or writing ; to make a speech (esp. short introduction, vote of thanks, afterword, funeral homily etc)",7.0,v,至,1.377334854149792
舅舅,jiù jiu,maternal uncle (informal) ; mother's brother,7.0,n,臼,0.9215118923561375
与其,yǔ qí,"rather than... ; 与其 A 如 B (rather than A, better to B)",7.0,c,一,3.6039966958899208
兴奋,xīng fèn,(physiology) excitation ; excited ; excitement,4.0,"v,a,an",八,-1.1502500204445025
兴建,xīng jiàn,to build ; to construct,7.0,v,八,-0.09480551159310942
兴旺,xīng wàng,prosperous ; thriving ; to flourish ; to prosper,6.0,"a,an",八,2.405795104392986
兴致,xìng zhì,interest ; mood ; spirits,7.0,n,八,0.009735313743236646
兴起,xīng qǐ,to be aroused ; to burgeon ; to come into vogue ; to rise ; to spring up,7.0,"v,vn",八,1.5778123154350359
兴趣,xìng qù,interest (desire to know about sth) ; interest (thing in which one is interested); hobby,4.0,n,八,-1.508645316266468
举例,jǔ lì,to give an example,7.0,v,丶,-0.514921630348259
举动,jǔ dòng,act ; action ; activity ; move ; movement,5.0,n,丶,-1.0910145590148166
举报,jǔ bào,to denounce ; to report (malefactors to the police),7.0,"v,vn",丶,-0.7525262079880458
举手,jǔ shǒu,to put up one's hand (as signal) ; to raise a hand,2.0,"v,vn",丶,-1.0830731015484192
举止,jǔ zhǐ,bearing ; manner ; mien,7.0,n,丶,-0.21901649163892906
举行,jǔ xíng,"to hold (a meeting, ceremony etc)",2.0,v,丶,-0.04457659581728169
举办,jǔ bàn,to conduct ; to hold,3.0,"v,vn",丶,0.3398680582527388
举重,jǔ zhòng,to lift weights ; weight-lifting (sports),7.0,"vn,v",丶,-0.6277944766329547
舌头,shé tou,enemy soldier captured for the purpose of extracting information ; tongue,6.0,n,舌,0.8615306823159204
舒畅,shū chàng,happy; entirely free from worry,7.0,"a,an",舌,0.027949816783296024
舒服,shū fu,comfortable ; feeling well,2.0,a,舌,-1.4386042651693887
舒适,shū shì,cozy ; snug,4.0,"a,an",舌,-0.5306743574537361
舞厅,wǔ tīng,ballroom ; dance hall,7.0,n,舛,1.1458491043939485
舞蹈,wǔ dǎo,dance (performance art) ; dancing,6.0,n,舛,-1.092825395812811
航天,háng tiān,space flight,7.0,n,舟,3.1590382876859535
航海,háng hǎi,maritime navigation ; to sail the seas ; voyage,7.0,"vn,v",舟,0.7515219682322194
航班,háng bān,(scheduled) flight; (scheduled) sailing,4.0,n,舟,0.8534472442377466
航空,háng kōng,aviation,4.0,n,舟,-0.4219793144276725
航行,háng xíng,to fly ; to navigate ; to sail,7.0,"v,vn",舟,0.45417297063793405
航运,háng yùn,shipping ; transport,7.0,n,舟,0.5929649873433669
舵手,duò shǒu,helmsman,7.0,n,舟,2.6695084714013975
船员,chuán yuán,crew member ; sailor,6.0,n,舟,0.2781708208884708
船桨,chuán jiǎng,oar,7.0,n,舟,1.2993405528018582
船舶,chuán bó,boats ; shipping,7.0,n,舟,4.462987773318471
船长,chuán zhǎng,captain (of a boat) ; skipper,6.0,n,舟,-0.18400775887484663
船只,chuán zhī,boat ; ship ; vessel,6.0,n,舟,-0.253504473093737
良好,liáng hǎo,favorable ; fine ; good ; well,4.0,a,艮,-1.002865607136081
良心,liáng xīn,conscience,7.0,n,艮,-1.1425571458482833
良性,liáng xìng,(medicine) benign (tumor etc) ; leading to good consequences ; positive (in its effect) ; virtuous,7.0,b,艮,0.18248276780974873
艰巨,jiān jù,arduous ; formidable ; terrible (task) ; very difficult,7.0,a,又,2.09738014147667
艰苦,jiān kǔ,arduous ; difficult ; hard,5.0,"a,ad,an",又,0.9811732956211529
艰辛,jiān xīn,arduous ; difficult ; hardships,7.0,"a,an",又,0.06988208996414608
艰险,jiān xiǎn,difficult and dangerous ; hardships and perils,7.0,"an,a",又,0.5130178685856648
艰难,jiān nán,challenging ; difficult ; hard,5.0,"a,an,ad",又,-0.3873493523610879
色彩,sè cǎi,(fig.) flavor; character ; tint; coloring; coloration,4.0,n,色,-1.0032679634024921
艳丽,yàn lì,garish and beautiful ; gorgeous,7.0,a,色,0.5165447327077075
芝麻,zhī ma,sesame (seed),7.0,n,艹,-0.2283900152058231
芬芳,fēn fāng,fragrant ; perfume,7.0,n,艹,3.306292513167057
花卉,huā huì,flowers and plants,7.0,n,艹,2.189162559735853
花园,huā yuán,garden,2.0,n,艹,-1.1286388411097152
花样,huā yàng,fancy-style (as in 花样滑冰 figure skating) ; pattern ; ruse ; trick ; way of doing sth,7.0,n,艹,0.1021568783545502
花瓣,huā bàn,petal,7.0,n,艹,2.5582450501823515
花瓶,huā píng,(fig.) female employee considered to be just a pretty face (attractive but not very competent) ; flower vase,6.0,n,艹,-0.865529242100061
花生,huā shēng,groundnut ; peanut,6.0,n,艹,-0.320302621292324
花纹,huā wén,decorative design,7.0,n,艹,-0.09650974613270054
花费,huā fèi,cost ; expenditure ; expense ; to spend (time or money),6.0,"v,n",艹,-0.6324812384164025
苗条,miáo tiao,(of a woman) slim ; graceful ; slender,7.0,a,艹,1.0699496010675618
苛刻,kē kè,demanding ; harsh ; severe,7.0,a,艹,-0.3215927067810454
若干,ruò gān,a certain number or amount ; how many? ; how much?,7.0,m,艹,4.957524158161676
苦力,kǔ lì,"(loanword) coolie, unskilled Chinese laborer in colonial times ; bitter work ; hard toil",7.0,n,艹,-0.5659670514413688
苦心,kǔ xīn,laborious at pains ; painstaking effort ; to take a lot of trouble,7.0,n,艹,-0.7563016549802686
苦恼,kǔ nǎo,distressed ; vexed,7.0,"a,an",艹,-0.38617766191522557
苦笑,kǔ xiào,a bitter laugh ; to force a smile,7.0,"v,n",艹,0.3256893778595364
苦练,kǔ liàn,"blood, sweat, and tears ; hard work ; to practice diligently ; to train hard",7.0,"v,vn",艹,0.02599699937352647
苦难,kǔ nàn,suffering,7.0,n,艹,0.37907817984436937
英俊,yīng jùn,handsome,7.0,a,艹,-1.0900914514391329
英勇,yīng yǒng,gallant ; heroic ; valiant,4.0,"a,ad,an",艹,-0.6962850665866755
英文,Yīng wén,English (language),2.0,nz,艹,-1.0751198512975644
英语,Yīng yǔ,English (language),2.0,nz,艹,-1.097251781941623
英镑,Yīng bàng,pound sterling,7.0,"q,n",艹,0.3093923138758705
英雄,yīng xióng,hero,6.0,n,艹,-1.2276999849142476
茂密,mào mì,dense (of plant growth) ; lush,7.0,"a,ad",艹,-0.008372587038422391
茂盛,mào shèng,lush,7.0,a,艹,1.0143593988027795
茄子,qié zi,"Guinea squash ; aubergine ; brinjal ; eggplant (Solanum melongena L.) ; equivalent of ""say cheese"" ; phonetic ""cheese"" (when being photographed)",6.0,n,艹,-0.16070413778492715
茫然,máng rán,at a loss ; blankly ; vacantly,7.0,"a,an,ad",艹,0.5283918249936456
茶叶,chá yè,tea ; tea leaves,4.0,n,艹,0.16736918705640366
茶道,chá dào,Japanese tea ceremony ; sado,7.0,n,艹,1.647214220179983
草原,cǎo yuán,grassland ; prairie,5.0,n,艹,-0.5499421558967972
草地,cǎo dì,lawn ; meadow ; sod ; turf,2.0,n,艹,-0.8215257564665808
草坪,cǎo píng,lawn,7.0,n,艹,-0.07113491259015095
草案,cǎo àn,"draft (legislation, proposal etc)",7.0,n,艹,3.8456370961765662
荆棘,jīng jí,brambles ; thistles and thorns ; thorny undergrowth,7.0,n,刂,0.9718115648387146
荒凉,huāng liáng,desolate,7.0,"a,an",艹,-0.3040291428775754
荒诞,huāng dàn,beyond belief ; fantastic ; incredible ; preposterous,7.0,"a,an",艹,1.2459635436014824
荒谬,huāng miù,absurd ; ridiculous,7.0,"a,an",艹,-0.7965179008370686
荷花,hé huā,lotus,7.0,n,艹,-1.493673716124898
庄严,zhuāng yán,solemn; dignified; stately,7.0,"a,ad",广,-0.14453726162858033
庄园,zhuāng yuán,feudal land ; manor ; villa and park,7.0,n,广,0.3457500960509651
莫非,mò fēi,can it be possible that ; could it be,7.0,"d,v",艹,-0.4227604413915812
菊花,jú huā,(slang) anus ; chrysanthemum,7.0,n,艹,-0.7147717380658294
菜单,cài dān,menu,2.0,n,艹,-0.44396926445995455
菩萨,Pú sà,Bodhisattva (Buddhism),7.0,n,艹,0.049182225420586916
华人,Huá rén,ethnic Chinese person or people,3.0,n,十,-0.5443440793221244
华侨,Huá qiáo,(in a restricted sense) Chinese emigrant who still retains Chinese nationality ; overseas Chinese,7.0,n,十,-0.24269888342634488
华裔,Huá yì,ethnic Chinese ; non-Chinese citizen of Chinese ancestry,7.0,n,十,2.2339353795487833
华语,Huá yǔ,Chinese language,5.0,,十,0.3560113488401695
华丽,huá lì,gorgeous,7.0,a,十,-1.0834518722459154
萌发,méng fā,to bud ; to shoot ; to sprout,7.0,v,艹,1.053557727609954
萌芽,méng yá,bud ; germ ; seed ; to bud ; to germinate ; to sprout (lit. or fig.),7.0,"vn,v",艹,0.18701575619696137
萎缩,wěi suō,"to atrophy (of muscle, social custom etc) ; to dry up (of a plant) ; to wither",7.0,"v,vn",艹,0.5915093356739531
万一,wàn yī,contingency ; if by any chance ; just in case,4.0,"c,d,t",一,-0.5224843171171601
万能,wàn néng,all-purpose ; omnipotent ; universal,7.0,b,一,-0.6927582024646313
落地,luò dì,(of a plane) to land ; to be born ; to be set on the ground ; to fall to the ground ; to reach to the ground,7.0,"v,vn",艹,0.018576293216400464
落实,luò shí,practical ; to carry out ; to decide ; to implement ; workable,5.0,v,艹,0.2952254262671266
落差,luò chā,"(fig.) gap (in wages, expectations etc) ; disparity ; drop in elevation",7.0,n,艹,0.5963498708536361
落后,luò hòu,backward ; to fall behind ; to lag (in technology etc) ; to retrogress,3.0,"a,an",艹,-0.40259312094175087
落户,luò hù,to set up home ; to settle,7.0,v,艹,5.791483794391795
叶子,yè zi,(slang) marijuana ; leaf,4.0,"n,nr",口,-0.07853203317836085
著作,zhù zuò,article ; book ; literary work ; to write ; writings,4.0,,艹,-0.9200779417462975
著名,zhù míng,celebrated ; famous ; noted ; well-known,4.0,,艹,0.15293013100856556
着实,zhuó shí,harshly ; indeed ; severely ; truly,7.0,d,目,6.303796480456998
着急,zháo jí,Taiwan pr. [zhāo jí] ; to feel a sense of urgency; to be in a hurry ; to worry; to feel anxious,4.0,"a,ad",目,-0.23631967988776328
着想,zhuó xiǎng,also pr. [zháo xiǎng] ; to consider (other people's needs) ; to give thought (to others),7.0,v,目,-0.3052008333234362
着手,zhuó shǒu,to put one's hand to it ; to set out ; to start out on a task,7.0,v,目,1.4998298068715605
着火,zháo huǒ,to catch fire,4.0,v,目,-0.2014293421665415
着眼,zhuó yǎn,having sth in mind ; to concentrate ; to have one's eyes on (a goal),7.0,v,目,2.3930366973158232
着落,zhuó luò,(of responsibility for a matter) to rest with sb ; place to settle ; reliable source (of funds etc) ; settlement ; solution ; whereabouts,7.0,"n,v",目,2.7942637883254067
着迷,zháo mí,to be captivated ; to be fascinated,7.0,v,目,0.009084374606645866
着重,zhuó zhòng,to put emphasis on; to stress,7.0,v,目,1.9658668503165864
葡萄,pú tao,grape,5.0,n,艹,-0.6268949546261869
董事,dǒng shì,board member,7.0,n,艹,1.6993841605811204
葬礼,zàng lǐ,burial ; funeral,7.0,n,艹,-1.025778664744047
苍蝇,cāng ying,housefly,7.0,n,艹,-0.8178687045172186
盖子,gài zi,cover ; lid ; shell,7.0,n,皿,0.5685844852815285
蓬勃,péng bó,vigorous; flourishing; full of vitality,7.0,"ad,a",艹,0.7106665760232872
莲子,lián zǐ,lotus seed,7.0,,艹,0.6502476313632832
蔓延,màn yán,to extend ; to spread,7.0,"v,vn",艹,0.5161423764412966
蔬菜,shū cài,vegetables,5.0,n,艹,-0.7617695437276235
萧条,xiāo tiáo,(economics) in a slump; sluggish; depressed ; bleak; desolate,7.0,"a,an",艹,4.401373552643687
薄弱,bó ruò,weak; frail,5.0,a,艹,-0.5268989104615134
薪水,xīn shuǐ,salary ; wage,6.0,n,艹,-1.2494413520763512
薯条,shǔ tiáo,chips ; french fried potatoes ; french fries,6.0,n,艹,0.56379112123968
熏陶,xūn táo,influence ; to influence ; to nurture ; to seep in ; training,7.0,"vn,v",灬,3.283237474947314
蓝图,lán tú,blueprint,7.0,n,艹,2.531935316279659
蓝天,lán tiān,blue sky,6.0,n,艹,-0.821904527164077
蓝色,lán sè,blue (color),2.0,n,艹,-1.0101561254658877
蓝领,lán lǐng,blue-collar ; blue-collar worker,6.0,b,艹,3.0296315873318718
藏身,cáng shēn,to go into hiding ; to hide ; to take refuge,7.0,"v,vn",艹,0.6020663424711695
艺人,yì rén,actor ; performing artist,6.0,n,艹,-0.8584873066404312
艺术,yì shù,art,3.0,n,艹,-0.7105939348071958
藤椅,téng yǐ,rattan chair,7.0,n,艹,1.566225598803735
药品,yào pǐn,drug ; medicaments ; medicine,6.0,n,艹,-0.2215018531424289
药方,yào fāng,prescription,7.0,n,艹,-0.9669337667963164
药材,yào cái,medicinal ingredient,7.0,n,艹,-0.5929159316961917
药水,Yào shuǐ | yào shuǐ,"Yaksu in North Korea, near the border with Liaoning and Jiling province ; bottled medicine ; lotion ; medicine in liquid form",2.0,n,艹,-0.48018506602327116
药片,yào piàn,a (medicine) pill or tablet,2.0,n,艹,0.7451427646936377
药物,yào wù,drug ; medicaments ; medication ; medicine ; pharmaceuticals,4.0,n,艹,-1.0339804978650804
蕴藏,yùn cáng,to contain (untapped reserves etc) ; to hold in store,7.0,v,艹,0.6870789937098158
苹果,píng guǒ,apple,3.0,n,艹,-1.6617462011924227
萝卜,luó bo,"radish (Raphanus sativus), esp. white radish 白萝卜",7.0,n,艹,0.07948061083230279
虐待,nu:è dài,maltreatment ; mistreatment ; to abuse ; to maltreat ; to mistreat,7.0,"v,vn",虍,-0.3247172146366772
虔诚,qián chéng,devout ; pious ; sincere,7.0,"a,an",虍,0.5714722030514418
处分,chǔ fèn,disciplinary action ; to deal with (a matter) ; to discipline sb ; to punish,5.0,"n,v,vn",夂,-0.02359277005016922
处境,chǔ jìng,situation (of a person),7.0,n,夂,-0.3089644875312001
处方,chǔ fāng,(fig.) recommendation ; advice ; medical prescription ; to write out a prescription,7.0,"n,v",夂,0.4847671100576602
处于,chǔ yú,"to be in (some state, position, or condition)",4.0,v,夂,-0.8245082837104359
处理,chǔ lǐ,to handle; to deal with ; to punish ; to sell at reduced prices ; to treat sth by a special process; to process,3.0,"v,vn",夂,-1.289799578544928
处置,chǔ zhì,to handle ; to punish ; to take care of,7.0,"v,vn",夂,-0.4821142978641261
处罚,chǔ fá,to penalize ; to punish,5.0,"vn,v",夂,-1.038276696166573
处处,chù chù,everywhere ; in all respects,6.0,"d,q",夂,1.8328620619354348
处长,chù zhǎng,department head ; section chief,6.0,n,夂,2.899503191134452
虚假,xū jiǎ,false ; phony ; pretense,7.0,"a,ad",虍,-0.18268229503275185
虚伪,xū wěi,artificial ; false ; hypocritical ; sham,7.0,"a,an",虍,-0.48590153764080607
虚幻,xū huàn,illusory ; imaginary,7.0,"a,n",虍,0.8375761220894101
虚弱,xū ruò,in poor health ; weak,7.0,a,虍,-0.583400427517521
虚心,xū xīn,humble ; open-minded,5.0,"a,ad",虍,0.7062166043255604
虚拟,xū nǐ,(computing) to emulate ; (computing) virtual ; fictitious; theoretical; hypothetical ; to imagine; to make up,7.0,"vn,v",虍,1.216517509058701
虚构,xū gòu,fabrication ; fictional ; imaginary ; to make up,7.0,"v,vn",虍,0.4419353148700424
号召,hào zhào,to appeal ; to call,5.0,"v,vn",口,0.5783839506837521
号码,hào mǎ,number,4.0,n,口,-0.24660451824588395
号称,hào chēng,to be known as ; to be nicknamed ; to be purportedly ; to claim (often exaggeratedly or falsely),7.0,v,口,0.3065517672437917
亏损,kuī sǔn,(financial) loss ; deficit,7.0,"v,vn",二,0.7042755797002483
亏本,kuī běn,to make a loss,7.0,v,二,-0.7100849762823817
蚊子,wén zi,mosquito,7.0,n,虫,-0.9419494967357205
蚊帐,wén zhàng,mosquito net,7.0,n,虫,4.789723841533248
蛋糕,dàn gāo,cake,5.0,n,虫,-1.1303194900803917
蜂蜜,fēng mì,honey,7.0,n,虫,-0.04939354542804736
蜜月,mì yuè,honeymoon,7.0,n,虫,0.13289299838605306
蜜蜂,mì fēng,bee ; honeybee,7.0,n,虫,-0.9951963181087768
融入,róng rù,to assimilate ; to blend into ; to integrate ; to merge,6.0,"v,vn",鬲,-0.9858110017574239
融化,róng huà,to blend into ; to combine ; to dissolve ; to fuse ; to melt ; to thaw,7.0,v,鬲,-0.698237883996445
融合,róng hé,a mixture ; an amalgam ; fusion ; to be in harmony with (nature) ; to fit in ; to harmonize with ; welding together,6.0,"v,vn",鬲,-0.009272109045190175
融洽,róng qià,friendly relations ; harmonious ; on good terms with one another,7.0,"a,v,ad,an",鬲,-0.6715375866117992
螺丝,luó sī,screw,7.0,n,虫,0.2755670643421104
虫子,chóng zi,bug ; insect ; worm,4.0,n,虫,0.1964128653327742
蜡烛,là zhú,candle,7.0,n,虫,-0.27500905017012095
血压,xuè yā,blood pressure,7.0,n,血,-0.835195478334969
血液,xuè yè,blood,6.0,n,血,-0.24661631103034123
血管,xuè guǎn,artery ; vein,6.0,n,血,-0.5496935730266204
血缘,xuè yuán,bloodline,7.0,n,血,0.28973395195085433
血脉,xuè mài,blood vessels,7.0,n,血,-0.7049958582325229
行人,xíng rén,official responsible for arranging audiences with the emperor ; passer-by ; pedestrian ; traveler on foot,2.0,n,行,-0.9795619860461602
行使,xíng shǐ,to exercise (a right etc),7.0,"v,vn",行,1.845466695616363
行列,háng liè,"(fig.) ranks (as in ""join the ranks of ..."") ; array ; formation",7.0,n,行,1.5053094884033755
行动,xíng dòng,action ; mobile ; operation ; to move about,2.0,"vn,v",行,-0.4165114256803175
行家,háng jiā,connoisseur ; expert ; veteran,7.0,n,行,0.2728331199684336
行情,háng qíng,market price ; quotation of market price ; the current market situation,7.0,n,行,1.526257935817112
行政,xíng zhèng,(attributive) administrative; executive ; administration,7.0,n,行,-0.49527506120770015
行李,xíng li,luggage,3.0,n,行,-0.2924660118151919
行业,háng yè,trade; profession; industry; business,4.0,n,行,-0.3186101795371902
行为,xíng wéi,action ; activity ; behavior ; conduct,2.0,n,行,-1.0124995063576125
行程,xíng chéng,(Tw) (computing) process ; course (of history) ; course of a journey ; distance traveled ; itinerary ; journey ; route ; stroke (of a piston) ; trajectory,6.0,"n,v",行,-1.2980014116659613
行走,xíng zǒu,to walk,7.0,"v,vn",行,0.48608078111529923
行驶,xíng shǐ,to travel along a route (of vehicles etc),5.0,"v,vn",行,0.28064438960751326
衍生,yǎn shēng,derivation ; derivative ; to derive ; to give rise to,7.0,"v,vn",行,1.1529858493275227
街道,jiē dào,residential district ; street ; subdistrict,4.0,n,行,-0.44723575292736306
街头,jiē tóu,street,6.0,s,行,-0.6785677292869701
卫星,wèi xīng,moon ; satellite,5.0,n,乛,-0.4161208621983639
卫生,wèi shēng,health ; hygiene ; sanitation,3.0,"an,a",乛,-0.5705354181819562
冲刺,chōng cì,(sports) to sprint; to spurt; to dash ; to put in a big effort to achieve a goal as the deadline approaches,7.0,"v,vn",冫,0.6219968728352787
冲动,chōng dòng,impulse ; to be impetuous ; to have an urge ; urge,5.0,"an,a",冫,-1.147374095459049
冲撞,chōng zhuàng,jerking motion ; to collide ; to impinge ; to offend ; to provoke,7.0,"v,vn",冫,0.31293097078237325
冲浪,chōng làng,surfing ; to surf,7.0,v,冫,0.07558676879722219
冲突,chōng tū,clash of opposing forces ; collision (of interests) ; conflict ; contention ; to conflict,5.0,"vn,v",冫,-0.586548520942069
衡量,héng liáng,to consider ; to examine ; to weigh,6.0,"v,vn",行,0.048259117844903034
衣服,yī fu,clothes,1.0,n,衣,-0.7113868545555618
衣架,yī jià,clothes hanger ; clothes rack,3.0,n,衣,-0.5175371796790768
表彰,biǎo zhāng,to cite (in dispatches) ; to commend ; to honor,7.0,"v,vn",衣,4.530519877343132
表情,biǎo qíng,(facial) expression ; to express one's feelings,4.0,n,衣,-1.2659752061457354
表态,biǎo tài,to declare one's position ; to say where one stands,7.0,"v,vn",衣,-0.8125310035971816
表扬,biǎo yáng,to commend ; to praise,4.0,"v,vn",衣,-0.08101739468186064
表明,biǎo míng,known ; to indicate ; to make clear ; to make known ; to state clearly,3.0,v,衣,-0.28761368385105013
表格,biǎo gé,form ; table,3.0,n,衣,-0.5336804702665074
表决,biǎo jué,to decide by vote ; to vote,7.0,"v,vn",衣,1.1113611229391416
表演,biǎo yǎn,exhibition ; performance ; play ; show ; to act ; to demonstrate ; to perform,3.0,"vn,v",衣,-1.6594028203006979
表现,biǎo xiàn,behavior ; display ; expression ; manifestation ; performance (at work etc) ; show ; to display ; to manifest ; to show ; to show off,3.0,"v,vn",衣,-1.0997253506606641
表白,biǎo bái,confession ; declaration ; to explain oneself ; to express ; to reveal one's thoughts or feelings,7.0,v,衣,-1.2206698422390767
表述,biǎo shù,enunciation ; to explain sth precisely ; to formulate,7.0,"vn,v",衣,0.8393987516718618
表达,biǎo dá,to express; to convey,3.0,"v,vn",衣,-1.2655846426637818
表面,biǎo miàn,appearance ; face ; outside ; surface,3.0,n,衣,-0.5887499212220169
衰弱,shuāi ruò,feeble ; weak,7.0,"a,an",衣,0.051253437873217
衰竭,shuāi jié,exhaustion ; organ failure ; prostration (medicine),7.0,v,衣,1.1868818555680318
衰老,shuāi lǎo,old and weak ; to age ; to deteriorate with age,7.0,"a,an",衣,0.4286679492680651
衰退,shuāi tuì,a decline ; recession (in economics) ; to decline ; to drop ; to fall ; to falter,7.0,"v,vn",衣,0.05437794572884736
衷心,zhōng xīn,cordial ; heartfelt ; wholehearted,7.0,"d,b",衣,-0.33254027706021416
袖珍,xiù zhēn,pocket (book etc) ; pocket-sized,6.0,b,衤,3.628744175864797
被动,bèi dòng,passive,5.0,"a,ad",衤,-0.6680225152742136
被告,bèi gào,defendant,6.0,n,衤,-0.7258259106034
被子,bèi zi,quilt,3.0,n,衤,-0.1291986835739744
被捕,bèi bǔ,to be arrested ; under arrest,7.0,"v,vn",衤,-0.02775878052434552
被迫,bèi pò,to be compelled ; to be forced,4.0,d,衤,-0.5792344170433447
裁判,cái pàn,judge ; judgment ; referee ; to referee ; umpire,5.0,"n,v",衣,-0.7131976913535562
裁定,cái dìng,ruling,7.0,"v,vn",衣,0.848121336102168
裁决,cái jué,adjudication ; ruling,7.0,"vn,v",衣,-0.1625149745829215
裂痕,liè hén,crack ; gap ; split,7.0,n,衣,0.3188960252700839
裂缝,liè fèng,crack ; crevice,7.0,n,衣,0.28441983659973447
裙子,qún zi,skirt,3.0,n,衤,-0.49605618817160885
补偿,bǔ cháng,to compensate ; to make up,5.0,"vn,v",衤,-0.8017254139297879
补充,bǔ chōng,additional ; supplementary ; to complement ; to replenish ; to supplement,3.0,"v,vn",衤,-0.9321854096868714
补助,bǔ zhù,allowance ; subsidy ; to subsidize,6.0,"n,vn,v",衤,0.5490798967527474
补救,bǔ jiù,to remedy,7.0,"v,vn",衤,-0.9536546084098803
补给,bǔ jǐ,replenishment ; supply ; to replenish,7.0,vn,衤,0.83118512576637
补习,bǔ xí,to take extra lessons in a cram school or with a private tutor,6.0,"v,vn",衤,-1.0197900246874192
补考,bǔ kǎo,makeup exam ; resit ; to resit an exam ; to sit for a makeup exam,6.0,"v,vn",衤,-0.8446873969447252
补课,bǔ kè,to make up missed lesson ; to reschedule a class,6.0,"v,vn",衤,-0.3127635200923389
补贴,bǔ tiē,allowance ; benefit ; subsidy ; to subsidize ; to supplement (one's salary etc),5.0,"n,vn,v",衤,-0.5641326290744584
装修,zhuāng xiū,interior decoration ; to decorate ; to fit up ; to renovate,4.0,"v,vn",衣,-0.8698136476170963
装备,zhuāng bèi,equipment ; to equip ; to outfit,6.0,"n,v",衣,-1.0352823761382606
装扮,zhuāng bàn,to adorn ; to decorate ; to disguise oneself ; to dress up,7.0,"v,vn",衣,-0.37171502029847137
装置,zhuāng zhì,device ; equipment ; installation ; system ; to install ; unit,4.0,"n,v",衣,1.0581143015660839
装饰,zhuāng shì,decoration ; decorative ; ornamental ; to decorate,5.0,"n,v,vn",衣,-0.10028519312492322
里面,lǐ miàn,also pr. [lǐ mian] ; inside ; interior,3.0,f,里,-0.670756459647892
里头,lǐ tou,inside ; interior,2.0,f,里,4.003531345144371
裸露,luǒ lù,naked; bare; uncovered; exposed,7.0,"v,vn",衤,0.08939847127738709
制作,zhì zuò,to make; to manufacture,3.0,"v,vn",刂,-1.0627638004868136
制品,zhì pǐn,goods ; products,7.0,n,刂,0.02625737502816223
制成,zhì chéng,to manufacture ; to turn out (a product),5.0,v,刂,-0.19571287054900804
制造,zhì zào,to manufacture; to make,3.0,"v,vn",刂,-0.6929001830764079
复印,fù yìn,to duplicate a document ; to photocopy,3.0,"v,vn",夊,1.057842133126988
复制,fù zhì,to clone ; to copy ; to duplicate ; to make a copy of ; to reproduce,4.0,"v,vn",夊,-1.0355545445773535
复杂,fù zá,complicated; complex,3.0,a,夊,-0.8072050954616017
袜子,wà zi,socks ; stockings,4.0,n,衤,-0.7596747457060773
衬托,chèn tuō,to set off,7.0,"v,vn",衤,0.46354649420482813
衬衣,chèn yī,shirt,3.0,n,衤,0.8284511813926918
衬衫,chèn shān,blouse ; shirt,3.0,n,衤,-0.05888546403780196
袭击,xí jī,attack (esp. surprise attack) ; raid ; to attack,7.0,"v,vn",龙,0.144716505103075
西北,Xī běi | xī běi,"Northwest China (Shaanxi, Gansu, Qinghai, Ningxia, Xinjiang) ; northwest",2.0,"s,ns,f",西,1.8763212106907263
西方,Xī fāng,Western countries ; the Occident ; the West,2.0,"s,f",西,-0.8377992348813293
西瓜,xī guā,watermelon,4.0,n,西,-1.04102243332471
西装,xī zhuāng,Western-style clothes ; suit,5.0,n,西,-0.7710128794672012
西边,xī biān,to the west of ; west ; west side ; western part,1.0,"f,nr",西,0.4600432156517015
西部,xī bù,western part,3.0,f,西,1.6574636801847291
西医,xī yī,Western medicine ; a doctor trained in Western medicine,2.0,n,西,-0.6352151827900807
西餐,xī cān,Western-style food,2.0,n,西,-0.6245515737344638
要命,yào mìng,(used in complaining about sth) to be a nuisance ; extremely; terribly ; to cause sb's death,7.0,"v,a",覀,0.41682085698212856
要好,yào hǎo,striving for self-improvement ; to be close friends ; to be on good terms,6.0,a,覀,3.785490319955655
要害,yào hài,(fig.) key point ; crucial ; vital part,7.0,n,覀,1.4436004582546489
要是,yào shi,(coll.) if,3.0,"c,v",覀,0.5399667488404876
要求,yāo qiú,requirement ; to ask ; to demand ; to request ; to require ; to stake a claim,2.0,"v,n",覀,-1.0376257570299836
要素,yào sù,essential factor ; key constituent,6.0,n,覀,1.6530726724092917
要紧,yào jǐn,important ; urgent,7.0,a,覀,2.1209205526523105
要么,yào me,either one or the other ; or,6.0,c,覀,5.885349217888066
要点,yào diǎn,essential ; main point,7.0,n,覀,1.6900224297986837
覆盖,fù gài,to cover,7.0,"v,vn",覀,0.34455482003618654
见到,jiàn dào,to see,2.0,v,见,0.08729188047138242
见外,jiàn wài,to treat sb with the formal courtesy accorded to a host or a guest,7.0,v,见,0.9484961509643364
见效,jiàn xiào,to have the desired effect,7.0,"a,v,an",见,0.36644996059452556
见解,jiàn jiě,opinion ; understanding ; view,7.0,n,见,-0.36508723388971137
见证,jiàn zhèng,evidence ; to be witness to ; witness,7.0,"n,v",见,-1.1131346968744165
见识,jiàn shi,experience ; insight ; knowledge ; to experience for oneself ; to gain first-hand knowledge of sth,7.0,"n,v",见,-0.11657046432412915
见面,jiàn miàn,to meet; to see each other,1.0,v,见,-0.9186340828613421
规则,guī zé,regulation ; rule ; rules and regulations,4.0,"n,a",见,-1.1046724880987475
规划,guī huà,a plan; a program ; to draw up a plan; to map out a program,5.0,"n,v,vn",见,-1.119644088240316
规定,guī dìng,regulations; rules; provisions; stipulations ; to stipulate; to specify; to prescribe; to fix (a price); to set (a quota),3.0,"n,v",见,-0.35727596425063174
规律,guī lǜ,discipline ; law of behavior ; regular pattern ; rhythm ; rule (e.g. of science),4.0,n,见,-0.36339479213457754
规格,guī gé,norm ; specification ; standard,7.0,n,见,0.47643508910930915
规模,guī mó,extent ; scale ; scope,4.0,"n,d",见,0.29848012195007634
规矩,guī ju,customs ; fig. established standard ; fig. upright and honest ; lit. compass and set square ; practices ; rule ; well-behaved,7.0,"n,a",见,-0.12515106814265867
规范,guī fàn,norm ; regulation ; rule ; specification ; standard ; to fix rules ; to regulate ; to specify ; within the rules,3.0,"v,n,a,vn",见,-0.23892343643412214
视力,shì lì,eyesight ; vision,7.0,n,见,-0.6924978268099955
视察,shì chá,an investigation ; to inspect,7.0,"v,vn",见,0.1422547291684898
视为,shì wéi,to consider to be ; to deem ; to see as ; to view as,5.0,v,见,-0.12552983884015498
视线,shì xiàn,line of sight,7.0,n,见,-0.7844222256809537
视觉,shì jué,sight ; vision ; visual,7.0,n,见,-1.3149258292172992
视角,shì jiǎo,(cinematography) camera angle ; (fig.) perspective; viewpoint; frame of reference ; (photography) angle of view ; (visual perception) visual angle (the angle a viewed object subtends at the eye) ; angle from which one observes an object,7.0,n,见,0.687220974321591
视野,shì yě,(fig.) outlook ; field of view ; perspective,7.0,n,见,-0.4477447114521772
亲人,qīn rén,one's close relatives,3.0,n,立,-0.9527432936186552
亲切,qīn qiè,amiable ; close and dear ; cordial ; familiar,3.0,"a,ad",立,-1.7388173949646712
亲友,qīn yǒu,friends and relatives,7.0,n,立,-1.1976501823727081
亲密,qīn mì,close ; intimate,4.0,"a,ad",立,-1.0718651556146146
亲属,qīn shǔ,kin ; kindred ; relatives,6.0,n,立,-0.9381622569590404
亲情,qīn qíng,"affection ; family love ; love, esp. within a married couple or between parents and children",7.0,n,立,-1.073948160851702
亲爱,qīn ài,beloved ; darling ; dear,4.0,a,立,-0.8194427512294918
亲戚,qīn qi,a relative (i.e. family relation),7.0,n,立,-0.8987153452816902
亲手,qīn shǒu,personally ; with one's own hands,7.0,d,立,0.14434952719003602
亲热,qīn rè,(coll.) to get intimate with sb ; affectionate; intimate; warmhearted ; to show affection for,7.0,"a,an",立,-0.9101718740856731
亲生,qīn shēng,biological (parents) ; birth (parents) ; one's own (child) (i.e. one's child by birth),7.0,b,立,-0.5573628620539233
亲眼,qīn yǎn,personally ; with one's own eyes,6.0,d,立,0.8135031668200408
亲自,qīn zì,in person ; oneself ; personally,3.0,d,立,-0.00159102723342843
亲身,qīn shēn,oneself ; personal,7.0,"d,b",立,-0.54916102893289
亲近,qīn jìn,intimate ; to get close to,7.0,"v,a",立,-0.5412313642509513
觉得,jué de,to feel (uncomfortable etc) ; to think that ...; to feel that ...,1.0,v,见,-0.9655134934802756
觉悟,jué wù,Buddhist enlightenment (Sanskrit: cittotpāda) ; awareness ; consciousness ; to come to understand ; to realize,6.0,"n,v",见,-0.7627992535617092
觉醒,jué xǐng,awakened to the truth ; scales fall from the eyes ; the truth dawns upon one ; to awaken ; to become aware ; to come to realize,7.0,"v,vn",见,0.32451768741367404
观光,guān guāng,sightseeing ; to tour ; tourism,6.0,"v,vn",见,-0.49463591485556807
观察,guān chá,to observe; to watch; to survey,3.0,"v,vn",见,-1.3343238154876795
观念,guān niàn,concept ; general impressions ; ideology ; notion ; sense ; thought ; views,3.0,n,见,-0.5322366113815521
观感,guān gǎn,observations ; one's impressions,7.0,n,见,0.5489615017098869
观摩,guān mó,to observe and emulate ; to study (esp. following sb's example),7.0,"v,vn",见,0.5593883206797842
观望,guān wàng,to look around ; to survey ; to wait and see ; to watch from the sidelines,7.0,"v,vn",见,0.11203936044625845
观测,guān cè,observation (scientific etc) ; to observe ; to survey,7.0,"vn,v",见,0.776648218904592
观看,guān kàn,to watch; to view,3.0,v,见,-0.92255151046534
观众,guān zhòng,audience ; spectators ; visitors (to an exhibition etc),3.0,n,见,-0.4620889580260709
观赏,guān shǎng,ornamental ; to look at sth with pleasure; to watch (sth marvelous),7.0,"v,vn",见,-1.2662355818003728
观点,guān diǎn,point of view ; standpoint ; viewpoint,2.0,n,见,-0.5710443767067702
角度,jiǎo dù,angle ; point of view,2.0,n,角,-0.961856441530915
角色,jué sè,also pr. [jiǎo sè] ; character in a novel ; persona ; role,4.0,n,角,-1.7118685147098471
角落,jiǎo luò,nook; corner,7.0,n,角,-0.2824179635427882
角逐,jué zhú,to contend ; to contest ; to tussle,7.0,"vn,v",角,0.7285023083658517
解雇,jiě gù,to dismiss ; to fire ; to sack ; to terminate employment,7.0,"v,vn",角,0.30954608727210564
解剖,jiě pōu,anatomy ; to analyze ; to dissect (an animal),7.0,"v,vn",角,0.4547055147316628
解围,jiě wéi,to help sb out of trouble or embarrassment ; to lift a siege,7.0,v,角,-0.8364855638236904
解放,jiě fàng,liberation ; refers to the Communists' victory over the Nationalists in 1949 ; to emancipate ; to liberate,5.0,"v,vn,nz",角,-0.7393654446444717
解救,jiě jiù,to help out of difficulties ; to rescue ; to save the situation,7.0,"v,vn",角,-0.6005852207234962
解散,jiě sàn,to disband ; to dissolve,7.0,"v,vn",角,-0.7137184426628276
解析,jiě xī,(math.) analysis ; analytic ; to analyze ; to resolve,7.0,v,角,0.9866411843685078
解决,jiě jué,"to eliminate; to wipe out (an enemy, bandits etc) ; to solve; to resolve; to settle (a problem)",3.0,"v,vn",角,-0.7981037403338007
解答,jiě dá,answer ; resolution ; solution ; to provide an answer ; to resolve (a difficulty) ; to solve (a problem),7.0,"v,vn",角,-0.9626375684948222
解脱,jiě tuō,(Buddhism) to free oneself of worldly worries ; to absolve of ; to extirpate oneself ; to free ; to get free of ; to untie,7.0,"v,vn",角,0.023795599093578496
解说,jiě shuō,to explain (verbally); to give a running commentary,6.0,"v,vn",角,-0.23319517203213141
解释,jiě shì,explanation ; to explain ; to interpret ; to resolve,4.0,"v,vn",角,-1.4651743747267165
解开,jiě kāi,to solve (a mystery) ; to undo ; to untie,3.0,v,角,-0.8028971043756502
解除,jiě chú,to free ; to get rid of ; to lift (an embargo) ; to relieve (sb of their duties) ; to remove ; to rescind (an agreement) ; to sack,5.0,v,角,-0.7828481789686804
解体,jiě tǐ,to break up into components ; to collapse ; to crumble ; to disintegrate,7.0,"v,vn",角,3.113590943167517
触动,chù dòng,to move (sb's emotions or worry) ; to stir up (trouble or emotions) ; to touch,7.0,"v,vn",角,0.09747011657110247
触摸,chù mō,to touch,7.0,"v,vn",角,0.025618228676030204
触犯,chù fàn,to offend ; to violate,7.0,v,角,0.6645564995838035
触觉,chù jué,sense of touch; tactile sensation,7.0,n,角,-0.354021268567682
言语,yán yu | yán yǔ,(spoken) language ; speech ; to speak ; to tell ; words,5.0,"n,v,vn",言,-0.1416731294275857
言论,yán lùn,arguments ; expression of opinion ; remarks ; views,7.0,n,言,-0.3585778425238119
言辞,yán cí,expression ; what one says ; words,7.0,n,言,0.45846916893942674
订单,dìng dān,(purchase) order,7.0,n,讠,-0.6552641081970505
订婚,dìng hūn,to get engaged,7.0,"v,vn",讠,-1.0722557190965682
订立,dìng lì,"to conclude (treaty, contract, agreement etc) ; to set up (a rule etc)",7.0,v,讠,0.07312499286263849
订购,dìng gòu,to place an order ; to subscribe,7.0,"v,vn",讠,-0.4426673861867743
计划,jì huà,plan ; program ; project ; to map out ; to plan,2.0,"n,v",讠,-0.7296131503800799
计时,jì shí,to measure time ; to reckon by time ; to time,7.0,"v,vn",讠,-0.4888958576691186
计策,jì cè,stratagem,7.0,n,讠,-0.29805229560540625
计算,jì suàn,to calculate ; to compute ; to count,3.0,"v,vn",讠,-0.654873544715097
计较,jì jiào,plan ; stratagem ; to argue ; to bicker ; to bother about ; to haggle,7.0,v,讠,-1.1674230208660188
讨厌,tǎo yàn,annoying ; disagreeable ; to dislike ; to loathe ; troublesome,5.0,v,讠,-1.306593808268948
讨好,tǎo hǎo,a fruitful outcome to reward one's labor ; to curry favor with ; to get the desired outcome ; to win favor by fawning on sb,7.0,v,讠,-0.07657921576859127
讨论,tǎo lùn,to discuss; to talk over,2.0,"v,vn",讠,-1.235641442380645
训练,xùn liàn,to drill ; to train ; training,3.0,"vn,v",讠,-1.1290294045916704
记住,jì zhu,to bear in mind ; to learn by heart ; to remember,1.0,v,讠,-1.0518280229921022
记得,jì de,to remember,1.0,v,讠,-1.277834091216131
记忆,jì yì,memory ; to recall ; to remember,5.0,"n,v",讠,-1.1567476190259431
记者,jì zhě,reporter; journalist,3.0,n,讠,-1.1973662211491558
记号,jì hao,mark ; notation ; seal ; symbol,7.0,n,讠,1.244010726191713
记载,jì zǎi,to record ; to write down ; written account,4.0,"v,n,vn",讠,-0.6176516188866092
记录,jì lù,note-taker ; record (in sports etc) ; record (written account) ; to record,3.0,"n,v",讠,-1.285763755898071
诀别,jué bié,to bid farewell ; to part (usually with little hope of meeting again),7.0,"v,vn",讠,4.023982626817753
访问,fǎng wèn,to call on ; to interview ; to visit,3.0,"v,vn",讠,-1.7349117601451323
设备,shè bèi,equipment; facilities; installations,3.0,n,讠,-0.12293787507825191
设定,shè dìng,preferences ; setting ; to install ; to set ; to set up,7.0,"v,vn",讠,-1.2317358075611045
设想,shè xiǎng,tentative plan ; to assume ; to envisage ; to have consideration for ; to imagine,5.0,"v,vn",讠,0.27452556172356746
设施,shè shī,facilities ; installation,4.0,n,讠,-0.7365131052279345
设法,shè fǎ,to make an attempt ; to think of a way (to accomplish sth) ; to try,7.0,v,讠,-0.20352414018808768
设立,shè lì,to set up; to establish,3.0,v,讠,0.6926770702844887
设置,shè zhì,to set up; to install,4.0,"v,vn",讠,-0.4895467968057094
设计,shè jì,design; plan ; to design; to plan,3.0,"v,vn",讠,-0.6114026031753471
许可,xǔ kě,to allow ; to permit,5.0,"vn,v",讠,0.6805696023439164
许多,xǔ duō,a lot of ; many ; much,2.0,m,讠,-0.02036165993613561
诉苦,sù kǔ,grievance ; to complain ; to grumble,7.0,v,讠,-0.16979370012827086
诉讼,sù sòng,lawsuit,7.0,"vn,v",讠,0.3251568337658061
诉说,sù shuō,(fig.) (of a thing) to stand as testament to (some past history) ; to recount ; to relate ; to tell of,7.0,"v,vn",讠,0.8438251378006738
诊所,zhěn suǒ,clinic,7.0,n,讠,-1.030205050872859
诊断,zhěn duàn,to diagnose,5.0,"v,vn",讠,-0.08063862398436436
注册,zhù cè,to enroll ; to register,5.0,"v,vn",氵,-1.0764217295707446
注定,zhù dìng,inevitably ; to be bound to ; to be destined to ; to be doomed to ; to foreordain,7.0,v,氵,-0.31418379340837815
诈骗,zhà piàn,to blackmail ; to defraud ; to swindle,7.0,"vn,v",讠,-0.1574376493175201
评估,píng gū,assessment ; evaluation ; to assess ; to evaluate,5.0,"vn,v",讠,-0.2553271026761887
评价,píng jià,to assess ; to evaluate,3.0,"v,vn",讠,-1.1917799373589402
评判,píng pàn,to appraise ; to judge (a competition),7.0,"v,vn",讠,-0.1952039120241939
评委,píng wěi,evaluation committee; judging panel ; judging panel member; adjudicator (abbr. for 评选委员会委员),7.0,n,讠,-0.06473212348265321
评定,píng dìng,to evaluate ; to make one's judgment,7.0,"v,vn",讠,-0.4727407742972305
评审,píng shěn,to appraise ; to evaluate ; to judge,7.0,"v,vn",讠,-0.6929001830764079
评论,píng lùn,comment ; commentary ; to comment on ; to discuss,5.0,"n,v,vn",讠,-0.2790448728169794
评选,píng xuǎn,to select on the basis of a vote or consensus,6.0,"v,vn",讠,0.46668279484491876
词典,cí diǎn,also written 辞典 ; dictionary,2.0,n,讠,-0.7514729125850441
词语,cí yǔ,expression ; term (e.g. technical term) ; word (general term including monosyllables through to short phrases),2.0,n,讠,-1.7505342994232902
询问,xún wèn,to inquire,5.0,"v,vn",讠,-0.7628228391306253
试卷,shì juàn,examination paper ; test paper,4.0,n,讠,-0.6370496051569897
试图,shì tú,to attempt ; to try,5.0,v,讠,1.4927996641963883
试探,shì tàn,to feel out ; to probe ; to sound out ; to try out,7.0,"v,vn",讠,-0.3976341907192086
试用,shì yòng,to be on probation ; to try sth out,7.0,"v,vn",讠,-0.5305441696264168
试行,shì xíng,to test ; to try out,7.0,"v,vn",讠,4.719185624695814
试题,shì tí,exam question ; test topic,3.0,n,讠,-0.6582584282253645
试验,shì yàn,experiment ; experimental ; test ; to experiment,3.0,"vn,v",讠,-0.7189377485400057
诗人,shī rén,bard ; poet,4.0,n,讠,0.22919661224798987
诗歌,shī gē,poem,5.0,n,讠,-0.31301210296251586
诧异,chà yì,astonished ; flabbergasted,7.0,a,讠,0.6730187083594725
话剧,huà jù,modern drama ; stage play,3.0,n,讠,-0.4277075788296647
话语,huà yǔ,discourse ; speech ; utterance ; words,7.0,n,讠,1.2144698821749882
话题,huà tí,subject (of a talk or conversation) ; topic,3.0,n,讠,-0.24179936141957709
详尽,xiáng jìn,exhaustive ; the tedious details in full ; thorough and detailed,7.0,"a,ad",讠,-0.4323825478286537
详细,xiáng xì,detailed ; in detail ; minute,5.0,"a,ad",讠,-1.3762442958840724
夸大,kuā dà,to exaggerate,7.0,v,大,-0.5425214497396726
夸张,kuā zhāng,(coll.) excessive ; exaggerated ; hyperbole ; outrageous ; overstated ; ridiculous ; to exaggerate,7.0,"v,n,vn",大,-0.9549682794675193
夸奖,kuā jiǎng,to applaud ; to compliment ; to praise,7.0,"vn,v",大,0.9671130102708095
认出,rèn chū,recognition ; to recognize,3.0,v,讠,-1.2628506982901038
认可,rèn kě,OK ; acknowledgment ; approval ; to approve,3.0,"v,vn",讠,-0.26055820133782553
认同,rèn tóng,to acknowledge ; to approve of ; to endorse ; to identify oneself with ; to recognize,6.0,"v,vn",讠,-1.4207685328268254
认定,rèn dìng,determination (of an amount) ; of the firm opinion ; to believe firmly ; to determine (a fact) ; to identify with ; to maintain (that sth is true) ; to set one's mind on,5.0,"v,vn",讠,0.29197073058417683
认得,rèn de,to know ; to recognize ; to remember sth (or sb) on seeing it,3.0,v,讠,-0.8200936903660827
认为,rèn wéi,to believe; to think; to consider; to feel,2.0,v,讠,-1.384055565523152
认真,rèn zhēn,conscientious ; earnest ; serious ; to take seriously ; to take to heart,1.0,"a,ad",讠,-1.2128703653844544
认知,rèn zhī,awareness ; cognition ; cognitive ; perception ; to be cognizant of ; to realize ; to recognize ; understanding,7.0,"vn,v",讠,-0.1111143683612326
认证,rèn zhèng,to approve ; to authenticate,7.0,"vn,v",讠,0.4747426473541753
认识,rèn shi,awareness ; cognition ; knowledge ; to be familiar with ; to get acquainted with sb ; to know ; to recognize ; understanding,1.0,"v,n,vn",讠,-0.9745082463496749
认错,rèn cuò,to acknowledge one's mistake ; to admit an error,7.0,v,讠,-0.2148622739492101
诞生,dàn shēng,to be born,6.0,"v,vn",讠,-0.4178133039534977
诞辰,dàn chén,birthday,7.0,n,讠,2.7190152241356094
诱人,yòu rén,attractive; alluring; captivating,7.0,"a,v",讠,-0.32081157981713815
诱惑,yòu huò,to attract ; to entice ; to induce ; to lure,7.0,"vn,v",讠,-0.7197188755039129
诱发,yòu fā,to cause ; to elicit ; to induce ; to trigger,7.0,v,讠,2.292010943317064
诱饵,yòu ěr,bait,7.0,n,讠,1.8856947342576205
语气,yǔ qì,manner of speaking ; mood ; tone,7.0,n,讠,-1.0952989645318534
语法,yǔ fǎ,grammar,4.0,n,讠,-0.7624086900797555
语言,yǔ yán,language,2.0,n,讠,-1.1902058906466668
语音,yǔ yīn,(Internet) to voice chat ; audio ; colloquial (rather than literary) pronunciation of a Chinese character ; phonetic ; pronunciation ; speech sounds ; voice ; voice message,4.0,n,讠,0.4570371028389287
诚信,chéng xìn,genuine ; honest ; honesty ; in good faith ; integrity,4.0,"a,ad,v",讠,-0.358329259653635
诚实,chéng shí,honest,4.0,"a,ad,an",讠,-1.0695217747228916
诚意,chéng yì,sincerity; good faith,7.0,n,讠,-1.0331993709011715
诚恳,chéng kěn,cordial ; honest ; sincere,7.0,"a,ad,an",讠,-0.12073647479830542
误导,wù dǎo,misleading ; to misguide ; to mislead,7.0,"v,vn",讠,-0.6165983234836075
误差,wù chā,difference ; error ; inaccuracy,7.0,n,讠,0.395197884862884
误会,wù huì,misunderstanding ; to mistake ; to misunderstand,4.0,"v,vn",讠,-0.6679159130158119
误解,wù jiě,misunderstanding ; to misunderstand,5.0,"v,n,vn",讠,-0.27264208370948173
说明,shuō míng,caption ; directions ; explanation ; to explain ; to illustrate ; to indicate ; to prove ; to show,2.0,"v,vn,n",讠,-0.8336214316226958
说服,shuō fú,Taiwan pr. [shuì fú] ; to convince ; to persuade ; to talk sb over,4.0,"v,vn",讠,-1.0317673048006737
说法,shuō fa | shuō fǎ,formulation ; hypothesis ; interpretation ; one's version (of events) ; statement ; theory ; to expound Buddhist teachings ; way of speaking ; wording,5.0,n,讠,-0.4671426977225577
说话,shuō huà,talk ; to gossip ; to say ; to speak ; to talk ; to tell stories ; word,1.0,"v,vn",讠,-1.8649811924202604
说谎,shuō huǎng,to lie ; to tell an untruth,7.0,v,讠,-0.7061675486783837
说道,shuō dao | shuō dào,reason (behind sth) ; to discuss ; to say (the quoted words) ; to state,7.0,v,讠,2.9498028636170273
课堂,kè táng,classroom,2.0,n,讠,-1.5615015741575706
课文,kè wén,text,1.0,n,讠,-1.1417760188843746
课本,kè běn,textbook,1.0,n,讠,-0.9981906381370906
课程,kè chéng,academic program ; course,3.0,n,讠,-0.7893575703345799
课题,kè tí,issue ; problem ; task,5.0,n,讠,-0.38123052447714206
诽谤,fěi bàng,to libel ; to slander,7.0,"v,vn",讠,-0.4095996780480057
调动,diào dòng,movement of personnel ; to bring into play ; to maneuver (troops etc) ; to mobilize ; to transfer,5.0,v,讠,-0.29426505582872625
调控,tiáo kòng,to control ; to regulate,7.0,"vn,v",讠,2.574778904251736
调整,tiáo zhěng,adjustment ; revision ; to adjust,3.0,"v,vn",讠,-0.8034178556849217
调查,diào chá,(opinion) poll ; inquiry ; investigation ; survey ; to investigate ; to survey,3.0,"v,vn",讠,-0.43018114754870573
调皮,tiáo pí,mischievous ; naughty ; unruly,4.0,a,讠,-0.3036385793956218
调节,tiáo jié,to adjust ; to harmonize ; to reconcile (accountancy etc) ; to regulate,5.0,"v,vn",讠,-0.055891144009488
调解,tiáo jiě,to bring parties to an agreement ; to mediate,5.0,"v,vn",讠,-0.06863775830219382
谈判,tán pàn,conference ; negotiation ; talks ; to negotiate,3.0,"vn,v",讠,-0.04847043785236346
谈到,tán dào,to refer to ; to speak about ; to talk about,7.0,v,讠,0.6477740626442408
谈话,tán huà,conversation ; talk ; to have a conversation ; to talk (with sb),3.0,"vn,v,n",讠,-0.7319565312718046
谈论,tán lùn,to discuss; to talk about,7.0,"v,vn",讠,-0.49396139015006263
请假,qǐng jià,to request leave of absence,1.0,v,讠,-1.3192220275187934
请问,qǐng wèn,"Excuse me, may I ask...?",1.0,v,讠,-0.4454249161293687
请坐,qǐng zuò,"please, have a seat",1.0,,讠,0.1680201261929945
请客,qǐng kè,to entertain guests ; to give a dinner party ; to invite to dinner,2.0,v,讠,-1.2534771747232096
请帖,qǐng tiě,invitation card ; written invitation,7.0,n,讠,1.5024217706334622
请教,qǐng jiào,to ask for guidance ; to consult,3.0,v,讠,0.053999175031352584
请柬,qǐng jiǎn,invitation card ; written invitation,7.0,n,讠,1.1608207045355168
请求,qǐng qiú,request ; to request; to ask,2.0,"v,n",讠,-0.675455014215797
请进,qǐng jìn,"""please come in""",1.0,,讠,-0.6126926886640685
谅解,liàng jiě,to make allowances for ; to understand ; understanding,7.0,"vn,v",讠,0.09408523306083487
论坛,lùn tán,forum (for discussion),7.0,n,讠,-0.7354598098249312
论文,lùn wén,paper ; thesis ; to discuss a paper or thesis (old) ; treatise,4.0,n,讠,-1.1502500204445025
论证,lùn zhèng,proof ; to demonstrate or prove (through argument) ; to expound on ; to prove a point,7.0,"v,vn",讠,-0.30481026984148263
论述,lùn shù,discourse ; exposition ; treatise,7.0,"vn,v",讠,1.2100317032617176
讽刺,fěng cì,irony ; sarcasm ; satire ; to mock ; to satirize,7.0,"v,vn",讠,-0.9902373878862359
诸多,zhū duō,"(used for abstract things) a good deal, a lot of",7.0,m,讠,2.6891904188953313
诺言,nuò yán,promise,7.0,n,讠,3.0806770084249817
谋害,móu hài,to conspire to murder ; to plot against sb's life,7.0,v,讠,-0.3544118320496371
谋求,móu qiú,to seek; to strive for,7.0,v,讠,1.9812290139401085
谋生,móu shēng,to earn a living ; to seek one's livelihood ; to work to support oneself,7.0,"v,vn",讠,-0.41702038420513166
谎言,huǎng yán,lie,7.0,n,讠,-0.5431959744451782
谎话,huǎng huà,lie,7.0,n,讠,-0.8299879652422497
谜团,mí tuán,elusive matters ; enigma ; riddle ; unpredictable situation,7.0,n,讠,0.6721073935682473
谜底,mí dǐ,answer to a riddle,7.0,n,讠,-0.12659492702761405
谜语,mí yǔ,conundrum ; riddle,7.0,n,讠,-0.8241177202284824
谦虚,qiān xū,modest ; self-effacing ; to make modest remarks,6.0,"a,ad",讠,-0.7312937993507564
谦逊,qiān xùn,humble ; modest ; modesty ; unpretentious,7.0,"a,an",讠,0.34873262329482013
讲学,jiǎng xué,to lecture (on branch of learning),7.0,v,讠,4.803523751228956
讲座,jiǎng zuò,a course of lectures,4.0,n,讠,-0.8786664198747188
讲究,jiǎng jiu,carefully selected for quality ; tastefully chosen ; to pay particular attention to,4.0,"v,a,vn",讠,-0.40140963771143123
讲解,jiǎng jiě,to explain,7.0,"v,vn",讠,-0.32393608767277
讲话,jiǎng huà,a speech ; to address ; to speak ; to talk,2.0,"n,v",讠,-0.9362094395492708
讲课,jiǎng kè,lecture ; teach,6.0,"v,vn",讠,0.02716868981938879
讲述,jiǎng shù,to give an account ; to narrate ; to talk about,7.0,"v,vn",讠,-0.2593865108919632
谢谢,xiè xie,thank you ; thanks ; to thank,1.0,v,讠,-0.5155843622693072
谣言,yáo yán,rumor,7.0,n,讠,-0.5127084372838537
谨慎,jǐn shèn,cautious ; prudent,7.0,"a,ad",讠,-1.0308559900094485
证人,zhèng rén,witness,7.0,n,讠,-1.1618249442913444
证件,zhèng jiàn,certificate; papers; credentials; document; ID,3.0,n,讠,-0.4553073982210784
证实,zhèng shí,to confirm (sth to be true) ; to verify,5.0,"v,vn",讠,-0.8780154807381295
证据,zhèng jù,evidence ; proof ; testimony,3.0,n,讠,-0.9321854096868714
证明,zhèng míng,certificate ; identification ; proof ; testimonial ; to confirm the truth of ; to prove ; to testify,3.0,"v,n,vn",讠,-1.0714745921326612
证书,zhèng shū,certificate ; credentials,5.0,n,讠,-0.5920164096894239
讥笑,jī xiào,to sneer,7.0,"v,vn",讠,2.6462520214493117
识别,shí bié,to distinguish; to discern; to identify; to recognize,7.0,"vn,v",讠,-0.6306704016184081
识字,shí zì,to learn to read,6.0,"v,vn",讠,-1.1510193546239524
警告,jǐng gào,to admonish ; to warn,5.0,"v,vn",言,-0.9416773282966259
警官,jǐng guān,constable; police officer,7.0,n,言,-0.36782117826338956
警察,jǐng chá,police; police officer,3.0,n,言,-1.3203937179646557
警惕,jǐng tì,alert ; on guard ; to be on the alert ; to warn ; vigilant,7.0,"v,an,vn",言,0.2672350433937593
警车,jǐng chē,police car,7.0,n,言,-1.0118485672210216
警钟,jǐng zhōng,alarm bell,7.0,n,言,-0.6119115617001597
譬如,pì rú,for example ; for instance ; such as,7.0,v,言,-0.33423271881534794
议员,yì yuán,member (of a legislative body) ; representative,7.0,n,讠,-0.4516621390561736
议会,yì huì,legislative assembly ; parliament,7.0,n,讠,0.19237704268591577
议程,yì chéng,agenda ; agenda item,7.0,n,讠,0.9810431077938334
议论,yì lùn,discussion ; to comment ; to discuss ; to talk about,4.0,"v,vn",讠,-0.02606633876921021
议题,yì tí,issue (under discussion) ; subject ; topic ; topic of discussion,6.0,n,讠,-0.43993344181309757
谴责,qiǎn zé,condemnation ; criticism ; to condemn ; to criticize ; to denounce,7.0,"v,vn",讠,0.03340591274619368
护士,hù shi,nurse,4.0,n,扌,-1.215852892628311
护照,hù zhào,passport,2.0,n,扌,-0.8787966077020368
护理,hù lǐ,to nurse ; to tend and protect,7.0,"vn,v",扌,0.068805208992227
读书,dú shū,to attend school ; to read a book ; to study,1.0,"v,vn",讠,-1.5043491179649737
读者,dú zhě,reader,3.0,n,讠,-0.39959880091343686
读音,dú yīn,literary (rather than colloquial) pronunciation of a Chinese character ; pronunciation,2.0,n,讠,-0.19700295603773094
变动,biàn dòng,change ; fluctuation ; to change ; to fluctuate,5.0,"vn,v",又,0.2875561372398236
变化,biàn huà,(intransitive) to change; to vary ; change; variation,3.0,"vn,v",又,-1.075510414779518
变形,biàn xíng,to become deformed; to change shape; to morph,6.0,"v,vn",又,1.1892134436752977
变成,biàn chéng,to become ; to change into ; to turn into,2.0,v,又,-1.3302879928408227
变换,biàn huàn,a transformation ; to alternate ; to convert ; to transform ; to vary,6.0,"v,vn",又,0.9960147079354034
变更,biàn gēng,to alter ; to change ; to modify,6.0,"v,vn",又,0.08952865910470494
变为,biàn wéi,to change into,3.0,v,又,0.4227859114698392
变异,biàn yì,variation,7.0,"n,v",又,0.36708910694665764
变质,biàn zhì,(geology) metamorphism ; (of food) to go bad; to go off ; to degenerate; to deteriorate,7.0,"v,vn",又,-0.2988216297848561
变迁,biàn qiān,changes ; vicissitudes,7.0,"vn,v",又,0.8796267903131207
变革,biàn gé,to change ; to transform,7.0,"vn,v",又,0.40835864820645956
让座,ràng zuò,to give up one's seat for sb,6.0,v,讠,-0.9724016555436713
让步,ràng bù,(linguistics) concessive ; a concession ; to concede ; to give in ; to yield,7.0,"v,vn",讠,-0.6172610554046557
赞叹,zàn tàn,to exclaim in admiration,7.0,"v,vn",贝,-0.9050945488202717
赞扬,zàn yáng,to approve of ; to praise ; to show approval,7.0,"v,vn",贝,-0.3464703745832396
赞美,zàn měi,to admire ; to eulogize ; to praise,7.0,"v,vn",贝,-1.092316437287997
赞许,zàn xǔ,to laud ; to praise,7.0,"v,vn",贝,1.003814184790023
赞赏,zàn shǎng,to admire ; to appreciate ; to praise,4.0,"v,vn",贝,-1.1760154174690056
豁达,huò dá,generous ; magnanimous ; open-minded ; optimistic ; sanguine,7.0,a,谷,-0.5939456415302774
豆浆,dòu jiāng,soy milk,7.0,n,豆,-0.7792147125882344
豆腐,dòu fu,bean curd ; tofu,4.0,n,豆,0.32929925867106513
丰厚,fēng hòu,generous; ample,7.0,a,丨,-0.34945290182709476
丰富,fēng fù,abundant ; plentiful ; rich ; to enrich,3.0,"a,v",丨,-0.3956931660938979
丰收,fēng shōu,bumper harvest,5.0,"v,vn",丨,0.7623393506840717
丰满,Fēng mǎn | fēng mǎn,"Fengman district of Jilin city 吉林市, Jilin province ; ample ; fully rounded ; well developed",7.0,"a,ns",丨,-0.5822287370716587
丰盛,fēng shèng,rich ; sumptuous,7.0,a,丨,0.11815818833020428
丰硕,fēng shuò,plentiful; substantial; rich (in resources etc),7.0,a,丨,3.59792503914381
象征,xiàng zhēng,badge ; emblem ; symbol ; to signify ; to stand for ; to symbolize ; token,5.0,"n,v,vn",豕,-0.5676594931965027
豪华,háo huá,luxurious,7.0,"a,an",豕,-0.8173479532079472
贝壳,bèi ké,also pr. [bèi qiào] ; conch ; cowry ; hard outer skin ; mother of pearl ; shell,7.0,n,贝,0.28570992208845586
负担,fù dān,"burden ; to bear (an expense, a responsibility etc)",4.0,"n,v",贝,-0.4710483325420967
负责,fù zé,conscientious ; to be in charge of ; to be to blame ; to take responsibility for,3.0,"v,vn,a",贝,-0.4549168347391233
财力,cái lì,financial resources,7.0,n,贝,-0.14480943006767485
财务,cái wù,financial affairs,7.0,n,贝,-0.6490150924857868
财富,cái fù,riches ; wealth,4.0,n,贝,-0.2256796564010636
财政,cái zhèng,finances (public) ; financial,7.0,n,贝,-1.1192535247583624
财物,cái wù,belongings ; property,7.0,n,贝,-0.3690046614937092
财产,cái chǎn,assets ; estate ; property,4.0,n,贝,-1.061450129429176
财经,cái jīng,finance and economics,7.0,n,贝,0.02312107438807305
贡献,gòng xiàn,contribution ; to contribute ; to dedicate ; to devote,6.0,"n,v",贝,0.01960600305048759
贫困,pín kùn,impoverished ; poverty,6.0,"a,an",贝,1.2274768721223273
贫穷,pín qióng,impoverished ; poor,7.0,"a,an",贝,-0.6406830715374358
货币,huò bì,currency ; monetary ; money,7.0,n,贝,0.1581376441012848
货物,huò wù,commodity ; goods ; merchandise,7.0,n,贝,-0.42626371994470785
货车,huò chē,freight wagon ; truck ; van,7.0,n,贝,0.9457739993751169
货运,huò yùn,cargo ; freight transport ; transported goods,7.0,n,贝,3.058367718815773
贩卖,fàn mài,to peddle ; to sell ; to traffic,7.0,"v,vn",贝,-0.44228861548927956
贪婪,tān lán,avaricious ; avid ; greedy ; insatiable ; rapacious,7.0,"a,an",贝,0.16645787226517858
贪污,tān wū,corruption ; to be corrupt ; to embezzle,7.0,"v,vn",贝,-0.8126611914244994
贯彻,guàn chè,to carry out ; to implement ; to put into practice,7.0,v,贝,1.5532068160719363
贯穿,guàn chuān,a connecting thread from beginning to end ; to link ; to run through,7.0,v,贝,0.7644223559211591
贯通,guàn tōng,to link up ; to thread together,7.0,v,贝,0.1098497529507693
责任,zé rèn,blame ; duty ; responsibility,3.0,n,贝,-0.46220735306893146
责备,zé bèi,condemnation ; reproach ; to blame ; to criticize,7.0,"v,vn",贝,-0.3939771387698479
责怪,zé guài,to blame ; to rebuke,7.0,v,贝,0.16411449137345396
贮藏,zhù cáng,deposits ; to hoard ; to store up,7.0,"v,vn",贝,0.9870317478504614
贵族,guì zú,aristocracy ; aristocrat ; lord ; nobility ; nobleman ; noblewoman,7.0,n,贝,-1.2027039220691942
贵宾,guì bīn,VIP ; distinguished guest ; honored guest,7.0,n,贝,-0.03427996467470227
贵重,guì zhòng,precious,7.0,a,贝,-0.15508247564133817
贬值,biǎn zhí,to become devaluated ; to depreciate ; to devaluate,7.0,"v,vn",贝,-0.5192178286497532
买卖,mǎi mài,business ; business transactions ; buying and selling,5.0,"vn,v,n",大,-0.7832387424506341
贷款,dài kuǎn,a loan ; to provide a loan (e.g. bank) ; to raise a loan (from e.g. a bank),5.0,"n,v,vn",贝,-0.5805362953165248
费劲,fèi jìn,strenuous ; to require effort,7.0,a,贝,0.6339623601640758
费用,fèi yòng,cost ; expenditure ; expense,3.0,n,贝,-1.0709538408233896
贴切,tiē qiè,close-fitting ; closest (translation),7.0,a,贝,1.1410439475676426
贴近,tiē jìn,intimate ; to press close to ; to snuggle close,7.0,v,贝,-0.05406851442703633
贸易,mào yì,(commercial) trade,5.0,"vn,v",贝,-0.6703658961659368
贺卡,hè kǎ,congratulation card ; greeting card,5.0,n,贝,-0.24504226431806803
贺电,hè diàn,congratulatory telegram,7.0,n,贝,11.897679995357548
贿赂,huì lù,a bribe ; to bribe,7.0,"v,n,vn",贝,-0.4931920559706127
资助,zī zhù,subsidy ; to provide financial aid ; to subsidize,5.0,"v,vn",贝,-1.3673915236264498
资料,zī liào,data ; information ; material ; profile (Internet) ; resources,4.0,n,贝,-1.3633557009795914
资本,zī běn,capital (economics),5.0,n,贝,0.6905940650474013
资格,zī gé,qualifications ; seniority,3.0,n,贝,-0.8523802715409442
资历,zī lì,experience ; qualifications ; seniority,7.0,n,贝,-0.6453816261053423
资深,zī shēn,highly experienced ; senior ; veteran (journalist etc),7.0,b,贝,0.46340451359305174
资源,Zī yuán | zī yuán,"Ziyuan county in Guilin 林, Guangxi ; natural resource (such as water or minerals) ; resource (such as manpower or tourism)",4.0,n,贝,0.28715378097341276
资产,zī chǎn,assets ; property,5.0,n,贝,-0.6715375866117992
资讯,zī xùn,information,7.0,n,贝,-0.5306979430226523
资金,zī jīn,funds; capital,3.0,n,贝,-0.7789543369335987
宾馆,bīn guǎn,guesthouse ; hotel ; lodge,5.0,n,宀,0.18431719017665926
赐教,cì jiào,(honorific) to impart one's wisdom ; to enlighten,7.0,v,贝,0.5243560023467871
赔偿,péi cháng,to compensate,5.0,"v,vn",贝,-0.25376484874837274
赔钱,péi qián,to lose money ; to pay for damages,7.0,"v,vn",贝,-0.027249821999531344
卖弄,mài nong,to make a display of ; to show off,7.0,v,十,0.5743481280368952
赋予,fù yǔ,to assign ; to bestow ; to entrust (a task) ; to give,7.0,v,贝,0.2514823162882837
质问,zhì wèn,to ask questions ; to bring to account ; to inquire ; to interrogate ; to question,7.0,"v,vn",厂,0.3155229345442748
质地,zhì dì,background (texture) ; character ; disposition ; grain ; quality ; texture,7.0,n,厂,3.078168061352564
质疑,zhì yí,to call into question ; to question (truth or validity),7.0,"v,vn",厂,-1.0997253506606641
质量,zhì liàng,(physics) mass ; quality,4.0,n,厂,-0.5207800825775676
账单,zhàng dān,bill,7.0,n,贝,0.054756716426343666
账户,zhàng hù,bank account ; online account,6.0,n,贝,-0.417552928298862
账号,zhàng hào,account ; username,7.0,n,贝,0.7300409767247514
赌博,dǔ bó,to gamble,6.0,"v,vn",贝,-0.2805835411758792
赚钱,zhuàn qián,moneymaking ; to earn money,6.0,"v,a",贝,-0.9220307591560684
购物,gòu wù,shopping,4.0,"v,vn",贝,-1.1945256745170763
购买,gòu mǎi,to purchase; to buy,4.0,"v,vn",贝,-0.5370771465612323
赛跑,sài pǎo,race (running) ; to race (running),7.0,"v,vn",贝,0.3993756881215176
赛车,sài chē,auto race ; cycle race ; race car,7.0,"n,vn,v",贝,-0.2598954694167774
赠送,zèng sòng,to present as a gift,5.0,"v,vn",贝,-1.1441193997760992
赞助,zàn zhù,to assist ; to sponsor ; to support,4.0,"v,vn",贝,-1.1246030184628582
赞成,zàn chéng,(literary) to assist ; to approve ; to endorse,4.0,v,贝,-1.2649337035271926
赢家,yíng jiā,winner,7.0,,贝,-1.0997253506606641
赢得,yíng dé,to gain ; to win,4.0,v,贝,-0.5606175577368729
赤字,chì zì,(financial) deficit ; red letter,7.0,n,赤,1.8552307826652121
赫然,hè rán,awe-inspiringly ; furiously (angry) ; impressively ; with a shock ; with astonishment,7.0,z,赤,5.068858336087474
走廊,zǒu láng,aisle ; corridor ; hallway ; passageway ; veranda,7.0,n,走,-0.4724921914270521
走私,zǒu sī,to have an illicit affair ; to smuggle,6.0,"v,vn",走,-0.6971845885934432
走路,zǒu lù,to go on foot ; to walk,1.0,"v,vn",走,0.0934225011397867
走近,zǒu jìn,to approach ; to draw near to,7.0,v,走,-0.37107587394633934
走进,zǒu jìn,to enter,2.0,v,走,-0.25195401195037986
走开,zǒu kāi,to beat it ; to leave ; to move aside ; to walk away,2.0,v,走,0.15773528783487387
起伏,qǐ fú,to move up and down ; to undulate ; ups and downs,7.0,"v,vn",走,-0.7428805159820572
起来,qi lai | qǐ lai,"(after a perception verb, e.g. 看) expressing preliminary judgment ; (after a verb) indicating the beginning and continuation of an action or a state ; also pr. [qǐ lai] ; also pr. [qǐ lái] ; indicating an upward movement (e.g. after 站) ; indicating completion ; to get up ; to stand up",1.0,v,走,-0.2818972122335167
起初,qǐ chū,at first ; at the outset ; originally,7.0,"d,t",走,-0.7771317073511456
起劲,qǐ jìn,energetic; vigorous; enthusiastic,7.0,a,走,-0.4951330805959249
起床,qǐ chuáng,to get out of bed ; to get up,1.0,v,走,-1.204135988169691
起步,qǐ bù,the start (of some activity) ; to set in motion ; to set out,7.0,"v,vn",走,-1.032690412376359
起源,qǐ yuán,origin ; to come from ; to originate,7.0,"n,v",走,-0.34178361279979186
起码,qǐ mǎ,at the minimum ; at the very least,5.0,"d,b",走,-0.7384541298532452
起程,qǐ chéng,to leave ; to set out,7.0,v,走,-0.2971409808141796
起草,qǐ cǎo,to draw up (plans) ; to make a draft,7.0,"v,vn",走,6.877996022834354
起诉,qǐ sù,to bring a lawsuit against ; to prosecute ; to sue,6.0,"v,vn",走,-0.12943547365969402
起飞,qǐ fēi,(of an aircraft) to take off,2.0,"v,vn",走,0.9638583145878599
起点,qǐ diǎn,starting point,6.0,n,走,-0.6949831883134953
趁早,chèn zǎo,as soon as possible ; at the first opportunity ; before it's too late ; the sooner the better,7.0,d,走,-0.7457446481830533
趁机,chèn jī,to seize an opportunity ; to take advantage of situation,7.0,d,走,-0.2623690381358184
超出,chāo chū,to encroach ; to exceed ; to go too far ; to overstep,6.0,v,走,0.11439453412244038
超市,chāo shì,supermarket (abbr. for 超级市场),2.0,n,走,-0.07006982440269185
超级,chāo jí,hyper- ; super- ; ultra-,3.0,"b,d",走,-0.25364645370551364
超越,chāo yuè,to exceed ; to surpass ; to transcend,5.0,"v,vn",走,-0.695373751795449
超速,chāo sù,high-speed ; to exceed the speed limit ; to speed,7.0,"v,vn",走,-0.9030115435831828
超过,chāo guò,to exceed ; to outstrip ; to surpass,2.0,v,走,-1.0436143970866116
越发,yuè fā,all the more ; ever more ; increasingly ; more and more,7.0,d,走,11.211601938176203
越过,yuè guò,to cover distance ; to cross over ; to overcome ; to rise above ; to transcend,7.0,v,走,0.05970385386442719
赶上,gǎn shàng,in time for ; to catch up with ; to chance upon ; to keep up with ; to overtake,6.0,v,走,-0.5598364307729643
赶到,gǎn dào,to hurry (to some place),3.0,v,走,-1.3003447925576859
赶忙,gǎn máng,to hasten ; to hurry ; to make haste,6.0,d,走,-0.27148218604807817
赶快,gǎn kuài,quickly; at once,3.0,d,走,-0.47261058646991266
赶紧,gǎn jǐn,hurriedly ; without delay,3.0,d,走,0.3293346370244397
趣味,qù wèi,fun; interest; delight ; taste; liking; preference,7.0,n,走,-1.050123788452511
趋势,qū shì,trend; tendency,4.0,n,走,0.6622013259076204
趋于,qū yú,to tend towards,7.0,v,走,3.9906545430243483
足以,zú yǐ,so much so that ; so that ; sufficient to...,6.0,d,足,2.3742660646131175
足够,zú gòu,enough ; sufficient,3.0,"v,vn",足,-1.5319489373563875
足球,zú qiú,a football ; football ; soccer ; soccer ball,3.0,n,足,-1.330678556322776
足迹,zú jì,footprint ; spoor ; track,7.0,n,足,-0.3585778425238119
跑步,pǎo bù,(military) to march at the double ; to jog ; to run,3.0,v,足,-1.538197953067651
跑车,pǎo chē,(mining) (of a cable-car) to slip away (in an accident) ; (of a conductor or attendant) to work on a train ; racing bicycle; racing car; sports car,7.0,n,足,-1.0615921100409513
跑道,pǎo dào,athletic track ; runway (i.e. airstrip) ; track,7.0,n,足,-0.47393605031200897
距离,jù lí,distance ; to be apart from,4.0,"n,p",足,-1.109501230493972
跟上,gēn shàng,to catch up with ; to keep pace with,7.0,v,足,1.339947362140612
跟前,gēn qian | gēn qián,"(in) front ; (in) sb's presence ; (of children, parents etc) at one's side ; just before (a date) ; living with one ; the front (of)",5.0,f,足,3.176234873676386
跟踪,gēn zōng,to follow sb's tracks ; to shadow ; to tail ; tracking,7.0,"v,vn",足,-1.1920285202291185
跟随,gēn suí,to follow,5.0,v,足,-0.7440639992123769
迹象,jì xiàng,sign; indication; mark; indicator,7.0,n,辶,0.33466054516001953
跨国,kuà guó,multinational ; transnational,7.0,"b,v",足,1.3292719603005363
跨越,kuà yuè,step over ; to step across,7.0,"v,vn",足,0.03745352817750944
路上,lù shang,on a journey ; on the road ; road surface,1.0,s,足,-0.548521882580758
路人,lù rén,passer-by ; stranger,7.0,n,足,-1.0650953885940795
路口,lù kǒu,crossing ; intersection (of roads),1.0,n,足,-0.20248263756954324
路段,lù duàn,section of a highway or railway ; stretch of road,7.0,n,足,0.8132309983809461
路灯,lù dēng,street lamp ; street light,7.0,n,足,0.2226990136665489
路程,lù chéng,course (of development) ; distance traveled ; path traveled ; route,7.0,n,足,-0.7102033713252421
路线,lù xiàn,itinerary ; political line (e.g. right revisionist road) ; route,3.0,n,足,0.11478509760439547
路途,lù tú,(lit. and fig.) road ; path,7.0,n,足,-0.33670628753439047
路过,lù guò,to pass by or through,6.0,v,足,-0.45727200841530524
路面,lù miàn,road surface,7.0,n,足,-0.6762361411797042
跳伞,tiào sǎn,parachute jumping ; to bail out ; to parachute,7.0,v,足,-0.04729874740650114
跳动,tiào dòng,to bounce ; to jiggle ; to jump about ; to pulse ; to throb,7.0,"v,vn",足,-0.2506521336771997
跳槽,tiào cáo,job-hopping ; to change jobs,7.0,v,足,-0.9101718740856731
跳水,tiào shuǐ,(fig.) (of stock prices etc) to fall dramatically ; (sports) diving ; to commit suicide by jumping into water ; to dive (into water),6.0,"vn,v",足,-0.46117764323484584
跳舞,tiào wǔ,to dance,3.0,"v,vn",足,-1.3240389771295589
跳跃,tiào yuè,to bound ; to jump ; to leap ; to skip,7.0,"v,vn",足,-0.9894562609223272
跳远,tiào yuǎn,long jump (athletics),3.0,"vn,v",足,0.11595678805025632
跳高,tiào gāo,high jump (athletics),3.0,"v,vn",足,-0.4032322672938829
踏上,tà shàng,to set foot on ; to step on or into,7.0,v,足,-0.566759971189735
踏实,tā shi,Taiwan pr. [tà shí] ; firmly-based ; free from anxiety ; steadfast ; steady ; to have peace of mind,6.0,a,足,-1.0423125188134315
踊跃,yǒng yuè,eager ; enthusiastically ; to jump ; to leap,7.0,ad,足,-0.5985022154864073
身份,shēn fèn,"aspect of one's identity (i.e. sth that one is – mayor, father, permanent resident etc) ; capacity (as in ""in his capacity as a ..."" 以…份) ; identity ; position ; rank ; role ; status (social, legal etc)",4.0,n,身,-0.6725908820148009
身价,shēn jià,"price of a person (a sportsman etc) ; price of a slave ; social status ; value (of stocks, valuables etc) ; worth",7.0,n,身,-0.024776253280488856
身子,shēn zi,body ; health ; pregnancy,7.0,n,身,0.22636785840036983
身影,shēn yǐng,figure ; silhouette,7.0,n,身,0.09434560871547061
身心,shēn xīn,body and mind ; mental and physical,7.0,n,身,1.0276621427581327
身材,shēn cái,build (height and weight) ; figure ; stature,4.0,n,身,-1.748060730704249
身躯,shēn qū,body,7.0,n,身,-1.1019385437250708
身边,shēn biān,at one's side ; on hand,2.0,s,身,-1.2189774004839429
身体,shēn tǐ,in person ; one's health ; the body,1.0,n,身,-0.10812004833291863
身高,shēn gāo,(a person's) height,4.0,n,身,-0.7335305779840778
躲藏,duǒ cáng,to conceal oneself ; to go into hiding ; to take cover,7.0,v,身,0.04500442216195333
躲避,duǒ bì,to avoid (difficulties) ; to dodge ; to evade ; to hide ; to take shelter,7.0,v,身,-0.6280548522875905
车主,chē zhǔ,vehicle owner,5.0,n,车,0.011013606447499266
车厢,chē xiāng,carriage,7.0,n,车,0.13379252039282083
车牌,chē pái,license plate,6.0,n,车,0.8905507750233722
车票,chē piào,ticket (for a bus or train),1.0,n,车,0.15317871387874396
车祸,chē huò,car crash ; traffic accident,7.0,n,车,-1.194632276775479
车站,chē zhàn,bus stop ; rail station,1.0,n,车,-1.1829271651013176
车轴,chē zhóu,axle,7.0,n,车,2.3940781999343677
车辆,chē liàng,vehicle,2.0,n,车,-0.5159749257512608
车轮,chē lún,wheel,7.0,n,车,-0.9401150743688099
车速,chē sù,vehicle speed,7.0,n,车,2.761811640969852
轨迹,guǐ jì,locus ; orbit ; track ; trajectory,7.0,n,车,0.13522458649331887
轨道,guǐ dào,(audio engineering) track ; (fig.) a person's established path in life ; (quantum mechanics) orbital ; desired trajectory (of a business or other endeavor) ; orbit (of a satellite) ; track (for trains etc),6.0,n,车,-0.541740322775764
军事,jūn shì,(attributive) military ; military affairs,6.0,n,车,-0.018006486259953672
军人,jūn rén,military personnel ; serviceman ; soldier,5.0,n,车,-1.4810454968750542
军官,jūn guān,officer (military),7.0,n,车,-0.12645294641583885
军舰,jūn jiàn,military naval vessel ; warship,6.0,n,车,-0.09222534061566517
军队,jūn duì,armed forces; troops,6.0,n,车,-0.40376481138761317
软件,ruǎn jiàn,(computer) software,5.0,n,车,-0.4757468871100018
软弱,ruǎn ruò,feeble ; flabby ; weak,7.0,a,车,-0.834402558586603
较劲,jiào jìn,disobliging ; more competitive ; to compete ; to make a special effort ; to match one's strength with ; to set oneself against sb,7.0,v,车,4.659417619172398
较量,jiào liàng,battle ; contest ; to compete with sb ; to haggle ; to pit oneself against sb ; to quibble,7.0,"vn,v",车,-0.08674565908385139
辅助,fǔ zhù,supplementary; auxiliary ; to assist; to aid,5.0,"vn,v",车,0.49791608061677844
辅导,fǔ dǎo,to coach ; to counsel ; to give guidance ; to mentor ; to tutor,7.0,"v,vn",车,-0.559848223557423
轻型,qīng xíng,"light (machinery, aircraft etc)",7.0,b,车,1.1321675897411014
轻微,qīng wēi,light ; slight ; to a small extent ; trivial,7.0,"a,ad",车,-0.09572861916879331
轻易,qīng yì,easily ; lightly ; rashly,4.0,"d,a",车,-0.11825111329480562
轻蔑,qīng miè,disdain; contempt ; scornful; disdainful; contemptuous; pejorative,7.0,v,车,0.19615248967813845
轻松,qīng sōng,effortless ; gentle ; light ; relaxed ; to relax ; to take things less seriously ; uncomplicated,4.0,"a,ad",车,-0.5122112715434969
辉煌,huī huáng,glorious ; splendid,7.0,"a,an",⺌,0.8926455730449195
轮子,lún zi,(derog.) Falun Gong practitioner ; wheel,4.0,n,车,2.12837663716281
轮廓,lún kuò,an outline ; silhouette,7.0,n,车,-0.5435629523582156
轮椅,lún yǐ,wheelchair,4.0,n,车,-0.5575048426656999
轮流,lún liú,to alternate; to take turns,7.0,v,车,-0.0432629247596442
轮胎,lún tāi,tire; pneumatic tire,7.0,n,车,0.3143630368828713
轮船,lún chuán,steamship; steamer; steamboat,4.0,n,车,0.17011492421454072
输入,shū rù,to import ; to input,3.0,"v,vn",车,-1.06444444945749
输出,shū chū,to export ; to output,5.0,"vn,v",车,-0.17216066658891008
输家,shū jiā,loser (as opposed to winner 赢家),7.0,n,车,0.5080943167164974
输血,shū xuè,to give aid and support ; to transfuse blood,7.0,"v,vn",车,-0.1033979081960963
输送,shū sòng,to convey ; to deliver ; to transport,7.0,"v,vn",车,0.02065929845348936
辐射,fú shè,radiation,7.0,"v,vn,n",车,-0.13895097783836477
舆论,yú lùn,public opinion,7.0,n,车,2.45811881819036
转交,zhuǎn jiāo,to carry and give to sb else ; to pass on to sb,7.0,v,车,4.046244745289129
转动,zhuàn dòng | zhuǎn dòng,to gyrate ; to move in a circle ; to revolve ; to rotate (about an axis) ; to swivel ; to turn ; to turn sth around,4.0,"v,vn",车,0.33727609449083723
转化,zhuǎn huà,isomerization (chemistry) ; to change ; to transform,5.0,"v,vn",车,0.3078536455169719
转向,zhuàn xiàng | zhuǎn xiàng,fig. to change one's stance ; to change direction ; to get lost ; to lose one's way,5.0,v,车,-0.09155081591015968
转告,zhuǎn gào,to communicate ; to pass on ; to transmit,4.0,v,车,-0.7374126272347022
转型,zhuǎn xíng,to undergo fundamental change; to transition; to transform ; to update (to a new model of product),7.0,"v,vn",车,0.16788993836567664
转弯,zhuǎn wān,to go around a corner ; to turn,4.0,"v,vn",车,-0.07008161718714917
转折,zhuǎn zhé,plot shift in a book ; shift in the trend of events ; turn in the conversation ; turnaround,7.0,"vn,v",车,-0.4383711878852817
转换,zhuǎn huàn,to change ; to convert ; to switch ; to transform,5.0,"v,vn",车,-0.3972436272372549
转播,zhuǎn bō,broadcast (on radio or TV) ; relay,7.0,"vn,v",车,-0.061086864317749894
转机,zhuǎn jī,(to take) a turn for the better ; to change planes,7.0,n,车,-0.45451447847271237
转眼,zhuǎn yǎn,in a flash ; in the blink of an eye ; to glance,7.0,"d,t",车,-0.14714101817494069
转移,zhuǎn yí,(fig.) to shift (attention); to change (the subject etc) ; (medicine) to metastasize ; to shift; to relocate; to transfer,4.0,"v,vn",车,-1.037105005720712
转变,zhuǎn biàn,shift ; to change ; to transform ; transformation,3.0,"v,vn",车,-0.8937682078436067
转让,zhuǎn ràng,"to transfer (ownership, rights etc)",5.0,"v,vn",车,-0.12436994117874996
转身,zhuǎn shēn,(of a person) to turn round ; (of a widow) to remarry (archaic) ; to face about,4.0,"v,vn",车,-0.514921630348259
转载,zhuǎn zǎi,Taiwan pr. [zhuǎn zài] ; to forward (a shipment) ; to reprint sth published elsewhere,7.0,v,车,0.7301947501209854
转达,zhuǎn dá,to communicate ; to convey ; to pass on,7.0,v,车,0.3078536455169719
轿车,jiào chē,car or bus ; enclosed carriage for carrying passengers ; limousine ; motor carriage,7.0,n,车,0.152657962569471
轰动,hōng dòng,commotion ; controversy ; to cause a sensation ; to create a stir in (a place),7.0,"vn,v",车,0.14198256072939675
轰炸,hōng zhà,to bomb ; to bombard,7.0,"v,vn",车,-0.12214495532988735
辛勤,xīn qín,hardworking ; industrious,7.0,"a,ad",辛,0.10593232534677142
辛苦,xīn kǔ,arduous ; exhausting ; hard ; hardship(s) ; to go to a lot of trouble ; to work hard ; tough,5.0,"a,v,ad,an",辛,-1.4439537588738844
辛酸,xīn suān,bitter ; fig. sad ; miserable ; pungent (taste),7.0,"a,an",辛,-0.46505969248546875
辜负,gū fù,to betray (hopes) ; to disappoint ; to fail to live up (to expectations) ; to let down ; unworthy (of trust),7.0,v,辛,0.412666639292411
辣椒,là jiāo,chili ; hot pepper,7.0,n,辛,-0.021533350381997947
办事,bàn shì,to handle (affairs) ; to work,4.0,"v,vn",力,-0.6068342364347583
办公,bàn gōng,to handle official business ; to work (esp. in an office),6.0,"vn,v",力,0.47017428061358696
办学,bàn xué,to run a school,6.0,vn,力,5.082255889516769
办法,bàn fǎ,means ; method ; way (of doing sth),2.0,n,力,-0.36027028427894575
办理,bàn lǐ,to handle; to transact; to conduct,3.0,v,力,1.1042243780055676
辨别,biàn bié,to distinguish; to differentiate; to discern; to recognize; to tell,7.0,"v,vn",辛,-0.2864537861896466
辨认,biàn rèn,to identify ; to recognize,7.0,"v,vn",辛,0.15293013100856556
辞典,cí diǎn,dictionary (variant of 词典),5.0,n,舌,-0.5366629975103626
辞去,cí qù,to quit ; to resign,7.0,v,舌,0.18926432761474274
辞呈,cí chéng,(written) resignation,7.0,n,舌,0.9124577083661698
辞职,cí zhí,to resign,5.0,"v,vn",舌,-0.7378031907166559
辞退,cí tuì,to discharge ; to dismiss ; to fire,7.0,v,舌,-0.6126926886640685
辫子,biàn zi,a mistake or shortcoming that may be exploited by an opponent ; braid ; handle ; pigtail ; plait,7.0,n,辛,2.196713453720297
辩解,biàn jiě,to defend (a point of view etc) ; to explain ; to justify ; to provide an explanation ; to try to defend oneself,7.0,"v,vn",辛,0.3501528966108609
辩论,biàn lùn,argument ; debate ; to argue over,4.0,"vn,v",辛,-0.956660721222653
辩护,biàn hù,to argue in favor of ; to defend ; to plead ; to speak in defense of,7.0,"v,vn",辛,0.413305785644543
农场,nóng chǎng,farm,7.0,n,冖,-0.8072050954616017
农历,nóng lì,the lunar calendar ; the traditional Chinese calendar,7.0,n,冖,-0.26197847465386476
农村,nóng cūn,rural area ; village,3.0,n,冖,-0.7307848408259422
农业,nóng yè,agriculture ; farming,3.0,n,冖,-0.30677488003571096
农民,nóng mín,farmer ; peasant,3.0,n,冖,-0.46832618095287726
迄今,qì jīn,so far ; to date ; until now,7.0,d,辶,3.4946507137272693
迅速,xùn sù,fast ; rapid ; speedy,4.0,"ad,a",辶,-1.0368446300660765
迎合,yíng hé,to cater to ; to pander to,7.0,v,辶,0.06179865188597341
迎接,yíng jiē,to welcome; to greet,3.0,v,辶,-0.2067788358710374
近代,jìn dài,"(in the context of Chinese history) the period from the Opium Wars until the May 4th Movement (mid-19th century to 1919) ; capitalist times (pre-1949) ; modern times, excluding recent decades ; the not-very-distant past",4.0,t,辶,1.677512605591699
近来,jìn lái,lately ; recently,5.0,"d,t",辶,0.39131583561226096
近日,jìn rì,(in) the past few days ; (within) the next few days ; recently,6.0,t,辶,0.6023385109102625
近期,jìn qī,in the near future ; near in time ; recent ; very soon,3.0,t,辶,-0.8077258467708732
近视,jìn shì,myopia ; nearsighted ; shortsighted,6.0,"a,an",辶,-0.6396415689188928
返回,fǎn huí,to come (or go) back ; to return to,5.0,v,辶,-0.6951015833563559
迫使,pò shǐ,to compel ; to force,7.0,v,辶,-0.27590857217688874
迫切,pò qiè,urgent; pressing,4.0,"ad,a",辶,0.2788099672406028
迫害,pò hài,to persecute,7.0,"vn,v",辶,0.11269029958284928
迷人,mí rén,charming ; enchanting ; fascinating ; tempting,5.0,"a,v",辶,-0.3210719554717739
迷信,mí xìn,superstition ; to have a superstitious belief (in sth),5.0,"v,vn",辶,-0.34945290182709476
迷失,mí shī,to get lost ; to lose (one's bearings),7.0,"v,vn",辶,0.46888419512486673
迷惑,mí huo,to baffle ; to confuse ; to puzzle,7.0,"v,an,a",辶,-0.6494056559677419
迷恋,mí liàn,to be enchanted by ; to be infatuated with ; to be passionate about,7.0,"v,vn",辶,-0.4133751250402269
迷路,mí lù,labyrinth ; labyrinthus vestibularis (of the inner ear) ; lost ; to lose the way,7.0,"v,n",辶,-1.1590909999176677
追问,zhuī wèn,to examine minutely ; to get to the heart of the matter ; to investigate in detail ; to question closely,7.0,v,辶,-0.2450658498869841
追求,zhuī qiú,to pursue (a goal etc) stubbornly ; to seek after ; to woo,4.0,"v,vn",辶,-0.9192968147823903
追溯,zhuī sù,lit. to go upstream ; to date from ; to trace sth back to,7.0,v,辶,1.8314064102660195
追究,zhuī jiū,to investigate ; to look into,6.0,"v,vn",辶,-0.788706631197989
追赶,zhuī gǎn,to accelerate ; to catch up with ; to chase after ; to overtake ; to pursue,7.0,"v,vn",辶,-0.8091461200869139
追踪,zhuī zōng,to follow a trail ; to pursue ; to trace,7.0,"v,vn",辶,-0.8738494702639532
追逐,zhuī zhú,to chase ; to pursue vigorously,7.0,"v,vn",辶,0.40442942781800323
追随,zhuī suí,to accompany ; to follow,7.0,v,辶,0.4415447513880888
退休,tuì xiū,to retire (from the workforce); to go into retirement,3.0,"v,vn",辶,-1.327944611949098
退出,tuì chū,to abort ; to log out (computing) ; to quit ; to withdraw,3.0,"v,vn",辶,-1.1406043284385123
退却,tuì què,to retreat ; to shrink back,7.0,"v,vn",辶,4.41259329136195
退回,tuì huí,to go back ; to return (an item) ; to send back,7.0,v,辶,-0.9579625994958333
退学,tuì xué,to quit school,7.0,v,辶,-0.43382640671361056
退役,tuì yì,(of military personnel or athletes) to retire ; (of outdated equipment) to be decommissioned,7.0,"v,vn",辶,0.6762734040424222
退票,tuì piào,ticket refund ; to bounce (a check) ; to return a ticket,6.0,v,辶,0.9828539445918266
退缩,tuì suō,to cower ; to shrink back,7.0,v,辶,-0.39997757161093317
退让,tuì ràng,to back down ; to concede ; to get out of the way ; to move aside,7.0,"v,vn",辶,0.9016049475609443
送别,sòng bié,to farewell,7.0,"v,vn",辶,-1.0431054385617975
送到,sòng dào,Deliver,2.0,v,辶,0.003604693074832054
送礼,sòng lǐ,to give a present,6.0,"v,vn",辶,0.09030978606861365
送给,sòng gěi,to give as a present ; to send,2.0,v,辶,-0.7760784119481438
送行,sòng xíng,to see someone off ; to throw someone a send-off party,6.0,v,辶,1.725587292225412
逃亡,táo wáng,flight (from danger) ; fugitive ; to flee,7.0,v,辶,-1.192939835020345
逃生,táo shēng,to flee for one's life,7.0,v,辶,-0.5061990459179543
逃走,táo zǒu,to escape ; to flee ; to run away,5.0,v,辶,-0.6143969232036596
逃跑,táo pǎo,to escape ; to flee from sth ; to run away,5.0,v,辶,-0.7147717380658294
逃避,táo bì,to avoid ; to escape ; to evade ; to shirk,7.0,"v,vn",辶,0.06987029717968875
透彻,tòu chè,penetrating; thorough; incisive,7.0,"a,ad",辶,0.5306168108425097
透支,tòu zhī,"(banking) to overdraw ; (fig.) to exhaust (one's enthusiasm, energy etc) ; (old) to draw one's wage in advance ; an overdraft ; to damage a natural resource through overuse ; to overspend (i.e. expenditure in excess of revenue) ; to take out an overdraft",7.0,"v,vn",辶,0.13666844537827577
透明,tòu míng,(fig.) transparent; open to scrutiny ; transparent,4.0,"a,ad",辶,-0.6313095479705402
透气,tòu qì,to breathe (of fabric etc) ; to divulge ; to flow freely (of air) ; to take a breath of fresh air ; to ventilate,7.0,v,辶,-0.4273052225632523
透过,tòu guò,by means of ; to pass through ; to penetrate ; via,7.0,v,辶,-1.186951194963717
透露,tòu lù,to divulge ; to leak out ; to reveal,6.0,v,辶,-1.2042779687814675
逐年,zhú nián,over the years ; with each passing year ; year after year,7.0,d,辶,1.6666004136659034
逐步,zhú bù,progressively ; step by step,4.0,d,辶,0.27191001239274976
逐渐,zhú jiàn,gradually,4.0,d,辶,-0.23631967988776328
途中,tú zhōng,en route,4.0,s,辶,-0.531846047899597
途径,tú jìng,way; means; channel,6.0,n,辶,-0.505299523911185
这些,zhè xiē,these,1.0,r,辶,-0.49397318293451997
这儿,zhè r,here,1.0,r,辶,0.22713719257981976
这时,zhè shí,at this moment ; at this time,2.0,r,辶,-0.6103493077723453
这样,zhè yàng,like this ; so ; such ; this kind of ; this way,2.0,r,辶,-0.035309674508787886
这边,zhè biān,here ; this side,1.0,r,辶,0.6486735846510086
这么,zhè me,how much? ; like this ; so much ; this much ; this way,2.0,r,辶,0.215822644387612
通俗,tōng sú,average ; common ; everyday,7.0,a,辶,-0.5916022606385543
通信,tōng xìn,communication ; to communicate ; to correspond (by letter etc),3.0,"vn,v",辶,-0.266393067998218
通告,tōng gào,announcement ; to announce; to give notice,7.0,"n,v",辶,-1.6909082745116522
通报,tōng bào,(scientific) journal ; bulletin ; circular ; to announce ; to inform ; to notify,6.0,"v,n",辶,0.036530420601825535
通宵,tōng xiāo,all night ; throughout the night,7.0,n,辶,-0.6888525676450922
通常,tōng cháng,normal ; normally ; regular ; usual ; usually,3.0,"d,b",辶,-0.358968406005767
通往,tōng wǎng,to lead to,7.0,v,辶,0.598160707651629
通畅,tōng chàng,(of writing or thinking) coherent; fluent ; unobstructed; clear,7.0,"a,an",辶,2.075106230220836
通用,tōng yòng,"(of two or more things) interchangeable ; to be used by everyone (language, textbook etc) ; to use anywhere, anytime (card, ticket etc)",5.0,"nz,vn,v",辶,1.1390911301578732
通知,tōng zhī,notice ; notification ; to inform ; to notify,2.0,"n,v",辶,-0.9737153266013088
通红,tōng hóng,red through and through ; to blush (deep red) ; very red,6.0,z,辶,2.8214730442348666
通缉,tōng jī,to list as wanted ; to order the arrest of sb as criminal,7.0,"v,vn",辶,0.30081171005734214
通行,tōng xíng,to be in general use ; to go through ; to pass through,6.0,"v,vn",辶,-0.007840042944692137
通讯,tōng xùn,communications ; dispatch ; news story,6.0,n,辶,-0.7351994341702954
通话,tōng huà,phone call ; to hold a conversation ; to talk over the telephone,6.0,"v,vn",辶,-0.8620023779780167
通车,tōng chē,"(Tw) to commute ; (of a locality) to have a transportation service ; to open to traffic (e.g. new bridge, rail line etc)",7.0,v,辶,4.072542686407362
通过,tōng guò,by means of; through; via ; to adopt (a resolution); to pass (legislation) ; to pass (a test) ; to pass through; to get through,2.0,"p,v,vn",辶,-0.6222081928427392
通道,Tōng dào | tōng dào,"(communications) channel ; Tongdao Dong autonomous county in Huaihua 怀化, Hunan ; passage ; thoroughfare",6.0,n,辶,-0.21120522199984942
通顺,tōng shùn,clear and coherent ; smooth,7.0,a,辶,0.14851553766421233
通风,tōng fēng,airy ; to disclose information ; to ventilate ; ventilation,7.0,"v,vn",辶,-0.7329862411058902
逝世,shì shì,to die ; to pass away,7.0,v,辶,-0.5854834327546083
逞强,chěng qiáng,to show off ; to try to be brave,7.0,v,辶,0.18793886377264643
速度,sù dù,(music) tempo ; rate ; speed ; velocity,3.0,n,辶,-1.1346274811663433
造假,zào jiǎ,to counterfeit ; to pass off a fake as genuine,7.0,"v,vn",辶,1.1881483554878376
造价,zào jià,construction cost,7.0,n,辶,1.1571754453706136
造型,zào xíng,appearance ; design ; form ; pose ; style ; to model ; to shape,4.0,n,辶,-0.21406935420084405
造就,zào jiù,achievements (usually of young people) ; to bring up ; to contribute to ; to train,7.0,v,辶,0.8840413836574728
造成,zào chéng,to bring about ; to cause ; to create,3.0,v,辶,-1.4660738967334843
连任,lián rèn,to continue in (a political) office ; to serve for another term of office,7.0,"v,vn",辶,0.7578893789863425
连夜,lián yè,for several nights in a row ; that very night ; through the night,7.0,d,辶,2.013527387899427
连忙,lián máng,at once ; promptly,3.0,d,辶,0.4852878613669332
连接,lián jiē,to link; to join; to connect,5.0,"v,vn",辶,0.8013839060950095
连绵,lián mián,"continuous ; extending forever into the distance (of mountain range, river etc) ; unbroken ; uninterrupted",7.0,z,辶,1.9910048937734166
连续,lián xù,consecutive ; continuous ; in a row ; serial,3.0,"a,ad",辶,-0.8824418668669416
连锁,lián suǒ,chain (store etc) ; to be linked ; to interlock,7.0,"vn,v",辶,-0.46611298788847055
逮捕,dài bǔ,an arrest ; to apprehend ; to arrest,7.0,"v,vn",辶,-0.15547303912329177
周年,zhōu nián,anniversary ; annual,2.0,q,口,-0.9140775089052121
周期,zhōu qī,cycle ; period,5.0,n,口,-0.09076968894625101
周末,zhōu mò,weekend,2.0,t,口,-0.2404974831463969
进来,jìn lái,to come in,1.0,v,辶,-0.24987100671329096
进修,jìn xiū,to take a refresher course ; to undertake advanced studies,7.0,"v,vn",辶,-0.3365643069226138
进入,jìn rù,to enter ; to go into ; to join,2.0,v,辶,-1.1965968869697057
进出,jìn chū,to enter or exit ; to go through,7.0,"v,vn",辶,0.5958055339754458
进化,jìn huà,evolution,5.0,"v,vn",辶,-1.2004907290047875
进去,jìn qù,to go in,1.0,v,辶,-1.1227685960959477
进口,jìn kǒu,"entrance ; imported ; inlet (for the intake of air, water etc) ; to import",4.0,"v,vn",辶,-0.7306428602141656
进场,jìn chǎng,(aviation) to approach the airfield ; (investing) to get into the market ; to enter the arena ; to enter the venue,7.0,"v,n",辶,-0.011485302109596883
进展,jìn zhǎn,to make headway; to make progress,3.0,"vn,v",辶,-0.13816985087445754
进度,jìn dù,rate of progress,7.0,n,辶,-0.923190656817472
进攻,jìn gōng,assault ; attack ; offense (sports) ; to assault ; to attack ; to go on the offensive,6.0,"v,vn",辶,-1.1847380018993103
进步,jìn bù,progress; improvement ; to improve; to progress,3.0,"vn,v,a",辶,-1.8877522694164506
进程,jìn chéng,course of events; process,7.0,n,辶,1.8282819024103878
进而,jìn ér,and then (what follows next),7.0,c,辶,4.219489365095997
进行,jìn xíng,in progress ; to advance ; to carry on ; to carry out ; to conduct ; to do ; to execute ; underway,2.0,"v,vn",辶,-0.5487822582353936
逼真,bī zhēn,clearly ; distinctly ; lifelike ; true to life,7.0,a,辶,0.1272831290269214
逼近,bī jìn,to approach ; to close in on ; to draw near ; to press on towards,7.0,v,辶,0.8175271966824403
逼迫,bī pò,to coerce ; to compel ; to force,7.0,"v,vn",辶,0.30992485796960195
逾期,yú qī,to be behind in doing sth ; to be overdue ; to fail to meet a deadline,7.0,"v,vn",辶,-0.49148782143102016
遇上,yù shàng,to come across (sb) ; to run into,7.0,v,辶,-1.4064478718218465
遇到,yù dào,to meet; to run into; to come across,4.0,v,辶,-0.8094300813104658
遇见,yù jiàn,to meet,4.0,v,辶,-1.0557218650271838
遇险,yù xiǎn,to get into difficulties ; to meet with danger,7.0,"v,vn",辶,1.6683046482054973
遇难,yù nàn,to be killed ; to perish,7.0,"v,vn",辶,-0.39463987069089457
游人,yóu rén,a tourist,6.0,n,氵,1.7858642562736406
游客,yóu kè,(online gaming) guest player ; tourist ; traveler,2.0,n,氵,-0.7145113624111937
游戏,yóu xì,game ; to play,3.0,"n,v",氵,-1.1062465348110222
游玩,yóu wán,to amuse oneself ; to go sightseeing ; to have fun ; to take a stroll,6.0,v,氵,-1.3975950995642223
游船,yóu chuán,cruise ship ; pleasure boat,7.0,n,氵,0.6573961690813147
游行,yóu xíng,procession; march; demonstration ; to march; to parade; to demonstrate ; to travel around; to roam,6.0,"vn,v",氵,-0.8255615791134377
游览,yóu lǎn,to go sightseeing ; to tour ; to visit,7.0,"v,vn",氵,-0.18686009829138545
运作,yùn zuò,activities (usu. of an organization) ; operations ; thread (computing) ; to operate ; workings,6.0,"v,vn",辶,-0.8790569833566739
运动,yùn dòng,campaign ; exercise ; motion ; movement ; sports ; to exercise ; to move,2.0,"vn,n,v",辶,-0.8598009776980687
运气,yùn qi,luck (good or bad),4.0,n,辶,-0.8400006351612773
运河,yùn hé,canal,7.0,n,辶,1.0294729795561257
运用,yùn yòng,to put to use ; to use,4.0,"v,vn",辶,-0.7076114075633406
运行,yùn xíng,(fig.) to function; to be in operation ; (of a computer) to run ; (of a train service etc) to operate; to run ; to move along one's course (of celestial bodies etc),5.0,"v,vn",辶,0.0930319376578331
运输,yùn shū,to carry ; to transport ; transportation,3.0,"vn,v",辶,-0.5722160671526326
运转,yùn zhuǎn,to operate ; to revolve ; to turn around ; to work,7.0,"v,vn",辶,1.0065599219481598
运送,yùn sòng,to carry ; to transport,7.0,"v,vn",辶,-0.76137898024567
过来,guò lai | guò lái,see 过来 ; to be able to take care of ; to come over ; to handle ; to manage,2.0,v,辶,-0.5743108651741772
过分,guò fèn,excessive ; overly ; undue,4.0,"a,ad,v",辶,-0.7958669617004793
过剩,guò shèng,to be excessive; to be more than is required,7.0,"v,vn",辶,2.5777732242800497
过半,guò bàn,more than half ; over fifty percent,7.0,v,辶,0.8311969185508286
过去,guò qu | guò qù,(in the) past ; (verb suffix) ; former ; previous ; to go over ; to pass by,2.0,"v,t",辶,-1.2288716753601099
过境,guò jìng,to pass through a country's territory ; transit,7.0,"v,vn",辶,0.6965827051040292
过失,guò shī,(law) negligence ; delinquency ; error ; fault,7.0,n,辶,-0.8763230389829957
过年,guò nián,to celebrate the Chinese New Year,2.0,v,辶,-0.9653715128685004
过度,guò dù,excess ; excessive ; extravagant ; going too far ; intemperate ; over- ; overdue,5.0,"v,d,vn",辶,-0.023225792137131725
过往,guò wǎng,in the past ; previous ; to come and go ; to have friendly relations with,7.0,"vn,v",辶,-0.4846114521520832
过后,guò hòu,after the event,6.0,"t,v",辶,0.8327709652631032
过敏,guò mǐn,allergic ; allergy ; oversensitive,5.0,"v,vn",辶,0.19197468641950485
过于,guò yú,excessively ; too much,5.0,d,辶,-0.6514886612048293
过早,guò zǎo,(dialect) to have breakfast; breakfast ; premature; untimely,7.0,d,辶,0.7421602374497827
过时,guò shí,old-fashioned ; out of date ; to be later than the time stipulated or agreed upon,6.0,a,辶,-1.1338345614179772
过期,guò qī,to be overdue ; to exceed the time limit ; to expire (as in expiration date),7.0,"v,vn",辶,-0.34386661803687923
过渡,guò dù,caretaker (administration) ; interim ; to cross over (by ferry) ; transition,6.0,"v,vn",辶,-0.12423975335143209
过滤,guò lǜ,filter ; to filter,7.0,"v,vn",辶,-0.2217504360126058
过奖,guò jiǎng,to flatter ; to overpraise,7.0,v,辶,-0.32237383374495404
过瘾,guò yǐn,fulfilling ; gratifying ; immensely enjoyable ; satisfying ; to get a kick out of sth ; to satisfy a craving,7.0,"a,v",辶,0.3351812964692925
过硬,guò yìng,to be up to the mark ; to have perfect mastery of sth,7.0,a,辶,6.337870312860937
过程,guò chéng,course of events ; process,3.0,n,辶,-1.2124680091180435
过节,guò jié,after the celebrations (i.e. once the festival is over) ; to celebrate a festival,7.0,"v,vn",辶,0.7296504132427979
过错,guò cuò,fault ; mistake ; responsibility (for a fault),7.0,n,辶,0.4698073027005506
过关,guò guān,to cross a barrier ; to get through (an ordeal) ; to pass (a test) ; to reach (a standard),7.0,"v,vn",辶,-0.032208752222072166
过头,guò tóu,above one's head ; excessively ; overhead ; to overdo it ; to overstep the limit,7.0,a,辶,3.47513433241403
遏制,è zhì,to check ; to constrain ; to contain ; to hold back ; to keep within limits ; to restrain,7.0,"v,vn",辶,3.603369342322249
道具,dào jù,(gaming) item ; artifact ; paraphernalia ; prop (theater),7.0,n,辶,-0.6654305515123121
道德,dào dé,ethics ; morality ; virtue,5.0,"n,a",辶,-0.7678883716115693
道教,Dào jiào,Daoism (Chinese system of beliefs) ; Taoism,6.0,nz,辶,1.1268416816055231
道歉,dào qiàn,to apologize,6.0,"v,vn",辶,-0.931013719241009
道理,dào li,argument ; basis ; justification ; principle ; reason ; sense,2.0,n,辶,-0.9684960207241323
道路,dào lù,path ; road ; way,2.0,n,辶,-1.2096038769170474
达到,dá dào,to reach; to achieve; to attain,3.0,v,辶,-0.10629741875046701
达成,dá chéng,to accomplish ; to reach (an agreement),5.0,"v,vn",辶,-0.4166534062920927
违反,wéi fǎn,to violate (a law),5.0,v,辶,-0.600869181947048
违法,wéi fǎ,illegal ; to break the law,5.0,"v,vn",辶,-0.6905568021846833
违章,wéi zhāng,to break the rules ; to violate regulations,7.0,"v,vn",辶,2.5743765479853233
违约,wéi yuē,to break a promise ; to default (on a loan or contract) ; to violate an agreement,7.0,"v,vn",辶,-0.7281810842795818
违背,wéi bèi,to be contrary to ; to go against ; to violate,7.0,v,辶,-0.13725853608323096
违规,wéi guī,to violate the rules,5.0,"v,vn",辶,-1.0895707001298613
遥控,yáo kòng,to direct operations from a remote location ; to remotely control,7.0,"vn,v",辶,0.7658426292371984
遥远,yáo yuǎn,distant ; remote,7.0,a,辶,0.8111362003594003
逊色,xùn sè,"inferior (often in the combination 毫无逊色, not in the least inferior)",7.0,a,辶,0.7560785421883492
递交,dì jiāo,to give ; to hand in ; to hand over ; to lay before ; to present,7.0,v,辶,-0.4614144333205654
递给,dì gěi,to hand it (i.e. the aforementioned item) to (sb),5.0,v,辶,-0.09610738986628964
远方,yuǎn fāng,a distant location ; far away,6.0,s,辶,-0.23047302044291199
远程,yuǎn chéng,long distance ; long range ; remote,7.0,"b,d",辶,0.7360178239969195
远处,yuǎn chù,distant place,5.0,s,辶,-0.7568106135050827
远见,yuǎn jiàn,discernment ; foresight ; vision,7.0,n,辶,-0.4239203390529847
远离,yuǎn lí,to be far from ; to keep away from,6.0,v,辶,-0.11265303672013127
适合,shì hé,to fit; to suit,3.0,v,辶,-1.3362766328974507
适宜,shì yí,appropriate ; suitable,7.0,"v,a",辶,-0.16485835547464464
适度,shì dù,appropriate ; moderately,7.0,"a,ad",辶,0.9176416358899729
适应,shì yìng,to adapt ; to fit ; to suit,3.0,"v,vn",辶,-0.8605821046619774
适时,shì shí,apt to the occasion ; in due course ; timely,7.0,"a,ad",辶,-0.7969084643190223
适用,shì yòng,to be applicable,3.0,"v,a,vn",辶,-0.6529325200897848
适当,shì dàng,suitable; appropriate,6.0,"a,ad",辶,-0.7424899525001036
适量,shì liàng,appropriate amount,7.0,"a,ad",辶,-0.125802007279248
遭到,zāo dào,to meet with (sth unfortunate) ; to suffer,6.0,v,辶,-0.0029046982910673922
遭受,zāo shòu,"to suffer; to sustain (loss, misfortune)",6.0,v,辶,0.5921838603794598
遭殃,zāo yāng,to suffer a calamity,7.0,v,辶,0.8375525365204929
遭遇,zāo yù,(bitter) experience ; to encounter ; to meet with,6.0,"n,v",辶,0.7534629928575304
遮盖,zhē gài,to cover (one's tracks) ; to hide,7.0,"v,vn",辶,1.981654955775437
迟到,chí dào,to arrive late,4.0,"v,vn",辶,-1.6495085454245308
迟早,chí zǎo,sooner or later,7.0,"d,a",辶,-1.3962932212910422
迟疑,chí yí,to hesitate,7.0,"a,an",辶,-0.6563174036000523
遵守,zūn shǒu,to comply with; to abide by; to respect (an agreement),5.0,v,辶,-0.8484864295058625
遵循,zūn xún,to follow; to abide by; to comply with,7.0,v,辶,4.061606908912653
遵照,zūn zhào,in accordance with ; to follow (the rules),7.0,"v,p",辶,0.860370784654517
迁就,qiān jiù,to accommodate to (sth) ; to adapt to ; to yield,7.0,v,辶,0.11908129590588817
迁移,qiān yí,to migrate ; to move,7.0,"v,vn",辶,-0.11486622978453802
选修,xuǎn xiū,(at a school) to take as an elective ; an elective ; elective (subject),5.0,v,辶,0.11296246802194235
选手,xuǎn shǒu,athlete ; contestant,3.0,n,辶,-0.008656548261975431
选拔,xuǎn bá,to select the best,6.0,"v,vn",辶,0.4225491213841207
选择,xuǎn zé,alternative ; choice ; option ; to pick ; to select,4.0,"v,vn",辶,-0.9755379561837605
选民,xuǎn mín,constituency ; electorate ; voter,7.0,n,辶,-0.4809426074182638
选用,xuǎn yòng,to choose for some purpose ; to select and use,7.0,v,辶,0.056851514447889884
选举,xuǎn jǔ,election ; to elect,6.0,"v,vn",辶,-0.7533073349519545
遗传,yí chuán,heredity ; to inherit (a trait) ; to pass on (to one's offspring),4.0,"vn,v",辶,-0.5554218374286111
遗嘱,yí zhǔ,testament ; will,7.0,n,辶,-0.43499809715947135
遗址,yí zhǐ,historic relics ; ruins,7.0,n,辶,0.6196299063746383
遗忘,yí wàng,to forget; to cease to think about (sb or sth) anymore,7.0,v,辶,-0.7518634760669977
遗憾,yí hàn,regret ; to be sorry that ; to regret,6.0,"a,an",辶,0.12492795535073946
遗弃,yí qì,to abandon ; to leave,7.0,"v,vn",辶,0.030032822020384882
遗物,yí wù,remnant,7.0,n,辶,-0.08674565908385139
遗产,yí chǎn,bequest ; heritage ; inheritance ; legacy,4.0,n,辶,-0.5384856270928142
遗留,yí liú,to hand down ; to leave behind,7.0,"v,vn",辶,-0.15196976057016365
遗愿,yí yuàn,final wishes of the departed,7.0,n,辶,1.4694960431064688
遗体,yí tǐ,remains (of a dead person),7.0,n,辶,0.344957176302599
辽阔,liáo kuò,vast; extensive,7.0,a,辶,0.6990562738230702
避免,bì miǎn,to avert ; to avoid ; to prevent ; to refrain from,4.0,v,辶,-0.4878661478350329
避暑,bì shǔ,to be away for the summer holidays ; to prevent sunstroke ; to spend a holiday at a summer resort,7.0,"vn,v",辶,2.153467509481808
避难,bì nàn,refuge ; to seek asylum (political etc) ; to take refuge,7.0,"v,vn",辶,0.905297377863681
邀请,yāo qǐng,invitation ; to invite,5.0,"v,vn",辶,-1.1657423718953424
迈进,mài jìn,to forge ahead ; to step in ; to stride forward,7.0,v,辶,0.8883493747434255
还原,huán yuán,reduction (chemistry) ; to reconstruct (an event) ; to restore to the original state,7.0,v,辶,-0.96732433027827
还是,hái shi,had better ; or ; still (as before) ; unexpectedly,1.0,"c,d,v",辶,-0.4671426977225577
还有,hái yǒu,also ; furthermore ; in addition ; still,1.0,v,辶,-1.4198572180355988
还款,huán kuǎn,repayment ; to pay back money,7.0,"v,vn",辶,0.2588912296609509
边境,biān jìng,frontier; border,5.0,s,辶,-0.5895310481859241
边界,biān jiè,border ; boundary,7.0,n,辶,-0.07698157203500222
边疆,biān jiāng,border area ; borderland ; frontier ; frontier region,7.0,s,辶,2.148685938224416
边缘,biān yuán,edge; fringe; verge; brink; periphery ; marginal; borderline,6.0,"n,b",辶,0.09511494289492049
逻辑,luó ji,logic (loanword),5.0,n,辶,-0.432915091922384
那些,nà xiē,those,1.0,r,阝,0.37593008641982295
那儿,nà r,there,1.0,r,阝,1.076056636167049
那时,nà shí,at that time ; in those days ; then,2.0,r,阝,0.10502101055554632
那样,nà yàng,that kind ; that sort,2.0,r,阝,0.20979862597760943
那么,nà me,about ; in that case ; in that way ; like that ; or so ; so ; so very much,2.0,"r,c",阝,0.1316977223712761
邪恶,xié è,evil ; sinister ; vicious ; wicked,7.0,"a,an",阝,-0.6896336946089994
郊区,jiāo qū,outskirts ; suburban district ; suburbs,5.0,s,阝,-0.20026944450513795
郊外,jiāo wài,outskirts,7.0,s,阝,0.4651087481326441
郊游,jiāo yóu,to go for an outing ; to go on an excursion,7.0,v,阝,-0.47039739340550735
部件,bù jiàn,component ; part,7.0,n,阝,2.035671111327945
部位,bù wèi,"part (esp. of the body, but also of a vegetable (e.g. the root), or a garment (e.g. the sleeve) etc)",5.0,n,阝,0.321251198946267
部分,bù fen,part ; piece ; section ; share,2.0,"n,m",阝,-0.7596747457060773
部署,bù shǔ,deployment ; to deploy ; to dispose,7.0,"v,vn",阝,-0.9168114532788905
部长,bù zhǎng,head of a (government etc) department ; minister ; secretary ; section chief ; section head,3.0,n,阝,-0.7100849762823817
部门,bù mén,branch ; department ; division ; section,3.0,n,阝,-0.8683815815165983
部队,bù duì,armed forces ; army ; force ; troops ; unit,6.0,n,阝,0.41511662244253744
邮件,yóu jiàn,email ; mail ; post,3.0,n,阝,-0.904467195252597
邮局,yóu jú,post office,4.0,n,阝,-0.5949989369332807
邮政,yóu zhèng,postal ; postal service,7.0,n,阝,0.3953280726902033
邮票,yóu piào,(postage) stamp,3.0,n,阝,-1.1225200132257709
邮箱,yóu xiāng,email ; email inbox ; mailbox ; post office box,3.0,n,阝,-1.1167799560393215
都市,dū shì,city; metropolis,6.0,n,阝,-1.2056982420975066
都会,dū huì,city ; metropolis,7.0,n,阝,0.7839505300188575
乡下,xiāng xia,countryside ; rural area,7.0,s,幺,-0.8664287641068288
乡村,xiāng cūn,countryside ; rustic ; village,5.0,n,幺,0.018055541907128984
鄙视,bǐ shì,to despise ; to disdain ; to look down upon,7.0,"v,vn",阝,0.6040073670964791
郑重,zhèng zhòng,conscientious ; earnest ; serious ; solemn,7.0,"ad,a",阝,0.13247884933518334
邻国,lín guó,bordering country ; neighbor country ; neighboring countries ; surrounding countries,7.0,n,阝,0.036163442688788024
邻居,lín jū,neighbor ; next door,5.0,n,阝,-0.8979342183177815
酌情,zhuó qíng,to make allowances pertinent to a situation ; to take circumstances into account ; to use discretion,7.0,d,酉,1.1279185625774422
配件,pèi jiàn,accessory ; component ; fitting ; part ; replacement part,7.0,n,酉,-0.34464774500078793
配偶,pèi ǒu,spouse,7.0,n,酉,-0.7077298026061997
配备,pèi bèi,to allocate ; to outfit with ; to provide,5.0,"v,vn",酉,0.2808929724776902
配合,pèi hé,compatible with ; fitting in with ; matching ; rapport ; to act in concert with ; to become man and wife ; to combine parts of machine ; to conform to ; to cooperate ; to coordinate with ; to correspond ; to fit,3.0,"v,vn",酉,-0.7914523683561246
配套,pèi tào,compatible ; complementary ; matching ; to form a complete set,5.0,"a,vn,v",酉,-0.26706759270372493
配置,pèi zhì,allocation ; configuration ; to allocate ; to deploy,6.0,"v,vn,n",酉,0.4832284416987605
配音,pèi yīn,dubbing (filmmaking),7.0,"v,vn",酉,-0.8351836855505117
酒吧,jiǔ bā,bar ; pub ; saloon,4.0,n,酉,-0.18764122525529267
酒店,jiǔ diàn,(Tw) hostess club ; hotel ; pub (public house) ; restaurant ; wine shop,2.0,n,酉,-1.3990271656647204
酒楼,jiǔ lóu,restaurant,7.0,n,酉,-0.44437162072636693
酒精,jiǔ jīng,alcohol ; also written 乙醇 ; ethanol CH3CH2OH ; ethyl alcohol ; grain alcohol,7.0,n,酉,-0.7420993890181485
酒鬼,jiǔ guǐ,drunkard,5.0,n,酉,0.19511098705959404
酗酒,xù jiǔ,heavy drinking ; to drink to excess ; to get drunk,7.0,"v,vn",酉,2.0214688453658245
酣睡,hān shuì,to fall into a deep sleep ; to sleep soundly,7.0,v,酉,1.3906140125362267
酷似,kù sì,to strikingly resemble,7.0,v,酉,1.1111007472845045
酸奶,suān nǎi,yogurt,4.0,n,酉,0.008421642685597705
醇厚,chún hòu,mellow and rich ; simple and kind,7.0,a,酉,3.893132067578717
醒来,xǐng lái,to waken,7.0,v,酉,-0.11697282059054272
醒悟,xǐng wù,to come to oneself ; to come to realize ; to come to see the truth ; to wake up to reality,7.0,v,酉,-0.40686573367432743
醒目,xǐng mù,eye-grabbing (headline) ; striking (illustration),7.0,a,酉,1.0970168763652453
丑恶,chǒu è,repulsive ; ugly,7.0,"a,an",一,-0.15574520756238633
丑闻,chǒu wén,scandal,7.0,n,一,-0.4842090958856708
丑陋,chǒu lòu,ugly,7.0,"a,an",一,-0.6422453254652517
酝酿,yùn niàng,(of a crisis) to be brewing ; (of alcohol) to ferment ; to hold exploratory discussions ; to mull over (an issue),7.0,v,酉,1.2546979208162472
医务,yī wù,medical affairs,7.0,b,匸,-0.2799326020392884
医学,yī xué,medical science ; medicine ; study of medicine,4.0,n,匸,-1.0696519625502094
医生,yī shēng,doctor,1.0,n,匸,-0.2739557547671192
医疗,yī liáo,medical treatment,4.0,n,匸,-0.9011889140007312
医药,yī yào,medical ; medical care and medicines ; medicine (drug) ; pharmaceutical,6.0,n,匸,-0.48929821393553097
医院,yī yuàn,hospital,1.0,n,匸,-0.9047393636916926
酱油,jiàng yóu,soy sauce,6.0,n,酉,-0.39164555066258205
酿造,niàng zào,"to brew ; to make (wine, vinegar, soybean paste etc) by fermentation",7.0,"vn,v",酉,1.5892806370234775
释放,shì fàng,to discharge ; to liberate (a prisoner) ; to release ; to set free,7.0,"v,vn",釆,-1.4301420563937195
重任,zhòng rèn,heavy responsibility,7.0,n,里,0.37437962527646435
重伤,zhòng shāng,serious injury ; seriously hurt,7.0,n,里,-0.4765280140739105
重创,zhòng chuāng,to inflict heavy losses ; to inflict serious damage,7.0,"v,vn",里,-0.026456902251165294
重型,zhòng xíng,heavy ; heavy duty ; large caliber,7.0,b,里,2.4504259435941393
重大,zhòng dà,great ; important ; major ; significant,3.0,a,里,0.1431660439597164
重建,chóng jiàn,rebuilding ; reconstruction ; to rebuild ; to reestablish,6.0,"v,vn",里,0.10280781749113957
重心,zhòng xīn,center of gravity ; central core ; main part,7.0,n,里,-0.44554331117222923
重新,chóng xīn,again; once more; re-,2.0,d,里,-1.146983531977094
重现,chóng xiàn,to reappear,7.0,"v,vn",里,-0.8264728939046643
重申,chóng shēn,to reaffirm ; to reiterate,7.0,v,里,1.1046979581770056
重叠,chóng dié,"an overlap ; one over another ; redundancy ; reduplication (in Chinese grammar, e.g. 步 to have a stroll) ; superposition ; to duplicate ; to overlap ; to run together ; to superimpose ; to telescope",7.0,"v,vn",里,0.23350460333394252
重组,chóng zǔ,to reorganize; to recombine; to restructure,6.0,"v,vn",里,0.31420926348663614
重要,zhòng yào,important ; major ; significant,1.0,a,里,-1.466855023697393
重视,zhòng shì,to attach importance to sth; to value,2.0,"v,vn",里,-0.9937524592238214
重返,chóng fǎn,to return to,7.0,v,里,-0.48173552716662976
重量,zhòng liàng,weight,4.0,n,里,-0.6512518711191096
重点,chóng diǎn | zhòng diǎn,important point; main point; focus ; key (project etc) ; to focus on; to put the emphasis on ; to re-evaluate ; to recount (e.g. results of election),2.0,"n,d",里,-1.1571381825078981
野外,yě wài,areas outside the city ; countryside,7.0,s,里,-0.030634705509798937
野心,yě xīn,ambition ; careerism ; wild schemes,7.0,n,里,-1.0419219553314778
野营,yě yíng,field lodgings ; to camp,7.0,vn,里,1.9281359659632846
野兽,yě shòu,beast ; wild animal,7.0,n,里,-0.880489049457172
野生,yě shēng,undomesticated ; wild,6.0,"b,v",里,-0.4077888412500128
野蛮,yě mán,barbarous ; uncivilized,7.0,"a,an",里,-0.6024078503059478
野餐,yě cān,picnic ; to have a picnic,7.0,n,里,-0.11995534783439674
金属,jīn shǔ,metal,7.0,n,金,-0.8679910180346446
金牌,jīn pái,gold medal,3.0,n,金,-0.2679671147104927
金融,jīn róng,banking ; finance ; financial,6.0,n,金,0.0009773509595559086
金钱,jīn qián,currency ; money,6.0,n,金,-0.8121522328996853
金额,jīn é,monetary value ; sum of money,6.0,n,金,-0.8750211607098155
钉子,dīng zi,nail ; saboteur ; snag,7.0,n,钅,0.17296726363107803
针对,zhēn duì,in response to ; to be aimed at or against ; to focus on ; to target,4.0,"p,v",钅,-0.6257114713958674
针灸,zhēn jiǔ,acupuncture and moxibustion ; to give or have acupuncture and moxibustion,7.0,n,钅,-0.3068932750785715
钓鱼,diào yú,to dupe ; to fish (with line and hook),7.0,"v,vn",钅,-0.11239266106549553
钞票,chāo piào,a bill (e.g. 100 yuan) ; paper money,7.0,n,钅,-0.6586489917073182
铃声,líng shēng,bell stroke ; ring ; ringtone ; tintinnabulation,5.0,n,钅,-1.2037454246877373
钳子,qián zi,(dialect) earring ; clamp ; claw (of a crab etc) ; forceps ; pincers ; pliers ; tongs ; vise,7.0,n,钅,2.914024796673498
铅笔,qiān bǐ,(lead) pencil,6.0,n,钅,-1.6265954878165652
银幕,yín mù,movie screen,7.0,n,钅,0.7702572225815505
银牌,yín pái,silver medal,3.0,n,钅,0.12780388033619436
银行,yín háng,bank,2.0,n,钅,-1.0809783035268745
铜牌,tóng pái,bronze medal ; bronze plaque bearing a business name or logo etc,6.0,n,钅,-0.17643327932148814
铭记,míng jì,to engrave in one's memory,7.0,v,钅,0.5164263376648484
衔接,xián jiē,to link up; to connect; to join,7.0,"v,vn",彳,1.0711330842978828
销售,xiāo shòu,"sales (representative, agreement etc) ; to market ; to sell",4.0,"vn,v",钅,-0.0879173495297137
销毁,xiāo huǐ,to destroy (by melting or burning) ; to obliterate,7.0,"v,vn",钅,0.7502200899590407
销量,xiāo liàng,sales volume,7.0,n,钅,-0.05497982921826289
铺路,pū lù,(fig.) to lay the groundwork (for sth) ; to give a present to sb to ensure success ; to lay a road ; to pave (with paving stones),7.0,"v,vn",钅,1.407514844518649
钢琴,gāng qín,piano,5.0,n,钅,-1.232907498006967
钢笔,gāng bǐ,fountain pen,5.0,n,钅,-0.13414582101205794
录像,lù xiàng,to videorecord ; to videotape ; video recording,6.0,"n,v",彐,-0.2937325117349959
录取,lù qǔ,"to accept an applicant (prospective student, employee etc) who passes an entrance exam ; to admit (a student) ; to hire (a job candidate)",4.0,"v,vn",彐,-0.7648822587987966
录制,lù zhì,to record (video or audio),7.0,"v,vn",彐,-0.42639390777202574
录音,lù yīn,sound recording ; to record (sound),3.0,"vn,v,n",彐,-1.3701254680001265
钱包,qián bāo,purse ; wallet,1.0,n,钅,-0.6974567570325378
钱财,qián cái,money ; wealth,7.0,n,钅,-0.20325197174899315
锦旗,jǐn qí,silk banner (as an award or gift),7.0,n,钅,3.054225293910513
错觉,cuò jué,illusion ; misconception ; misperception,7.0,n,钅,-0.8880399434416144
错误,cuò wù,error; mistake ; mistaken; false; wrong,3.0,"n,a",钅,-1.0753802269522001
错过,cuò guò,"to miss (train, opportunity etc)",6.0,v,钅,-0.9492282222810697
锻炼,duàn liàn,(fig.) to develop one's skills ; to engage in physical exercise ; to temper ; to toughen ; to train oneself ; to work out,4.0,"v,vn",钅,-0.6126926886640685
键盘,jiàn pán,keyboard,5.0,n,钅,-0.18516765653625167
锁定,suǒ dìng,"a latch ; a lock ; to close with a latch ; to focus attention on ; to lock (a door) ; to lock (denying access to a computer system or device or files, e.g. by password-protection) ; to lock a computer file (to prevent it being overwritten) ; to lock into place ; to target",7.0,v,钅,-0.9109530010495803
镇定,zhèn dìng,calm ; cool ; unperturbed,7.0,"a,vn",钅,0.5411266465018915
铲子,chǎn zi,shovel ; spade ; spatula (kitchen utensil) ; trowel,7.0,n,钅,1.2442828946308073
镜子,jìng zi,mirror,4.0,n,钅,-1.5430149026784168
镜头,jìng tóu,camera lens ; camera shot (in a movie etc) ; scene,4.0,n,钅,-0.6628267949659518
钟头,zhōng tóu,hour,6.0,n,钅,1.9088563747357647
铁路,tiě lù,railroad ; railway,3.0,n,钅,-0.25311390961178337
铸造,zhù zào,to cast (pour metal into a mold),7.0,"v,vn",钅,1.3654641762949382
鉴别,jiàn bié,to differentiate ; to distinguish,7.0,"v,vn",金,0.024316350402849976
鉴定,jiàn dìng,to appraise ; to evaluate ; to identify,6.0,"vn,v",金,-0.3597377401852169
鉴赏,jiàn shǎng,to appreciate (as a connoisseur),7.0,"vn,v",金,0.3457383032665077
鉴于,jiàn yú,considering ; in view of ; seeing that ; whereas,7.0,p,金,0.46094273765846927
钥匙,yào shi,key,7.0,n,钅,0.9878010820299102
镶嵌,xiāng qiàn,tesselation ; tiling ; to embed ; to inlay ; to set (e.g. a jewel in a ring),7.0,v,钅,3.0625809004277813
钻石,zuàn shí,diamond,7.0,n,钅,-0.10524412334746407
钻研,zuān yán,to delve into ; to study meticulously,7.0,"v,vn",钅,1.2794454007911222
长久,cháng jiǔ,(for a) long time,6.0,"a,ad",长,1.102875328594554
长假,cháng jià,long vacation,6.0,n,长,1.868628336094506
长城,Cháng chéng,the Great Wall,3.0,ns,长,-0.730003713862035
长寿,Cháng shòu | cháng shòu,"Changshou suburban district of Chongqing municipality, formerly in Sichuan ; long-lived ; longevity",5.0,"a,an,ns",长,0.031985639430154436
长大,zhǎng dà,to grow up,2.0,v,长,-1.926808617611847
长度,cháng dù,length,5.0,n,长,-1.0985536602148032
长征,Cháng zhēng | cháng zhēng,Long March (retreat of the Red Army 1934-1935) ; expedition ; long journey,7.0,"n,nz",长,0.09434560871547061
长期,cháng qī,long range (of a forecast) ; long term ; long time,3.0,"b,d",长,-0.5435747451426745
长相,zhǎng xiàng,appearance ; countenance ; looks ; profile,7.0,n,长,0.03860163305445447
长短,cháng duǎn,accident; mishap ; length ; right and wrong; good and bad; merits and demerits,6.0,n,长,0.7225018755247663
长处,cháng chù,good aspects ; strong points,3.0,n,长,-0.009035318959470533
长跑,cháng pǎo,long-distance running,6.0,"vn,v",长,-0.9852902504481523
长辈,zhǎng bèi,older generation ; one's elders,7.0,n,长,-1.0432356263891154
长途,cháng tú,long distance,4.0,"b,d",长,-0.6722121113173046
长达,cháng dá,to extend as long as ; to lengthen out to,7.0,"nr,v",长,1.2953047301549998
长远,cháng yuǎn,long-range ; long-term,6.0,"a,ad,an",长,0.008031079203644096
门口,mén kǒu,doorway ; gate,1.0,s,门,-0.7753208705531527
门槛,mén kǎn,doorstep ; fig. knack or trick (esp. scheme to get sth cheaper) ; sill ; threshold,7.0,n,门,0.7067491484192893
门票,mén piào,"ticket (for theater, cinema etc)",1.0,n,门,-0.5524393101847558
门诊,mén zhěn,outpatient service,5.0,n,门,-0.8165786190284973
门路,mén lù,the right social connection ; way of doing sth,7.0,n,门,0.29182874997240166
门铃,mén líng,doorbell,7.0,n,门,-1.18161349404368
闪烁,shǎn shuò,evasive ; flickering ; twinkling ; vague (of speech),7.0,v,门,0.6120908051746544
闪电,shǎn diàn,lightning,4.0,"n,v",门,-0.6123021251821148
闭幕,bì mù,lower the curtain ; the curtain falls ; to come to an end (of a meeting),5.0,"v,vn",门,0.19068460093078202
开创,kāi chuàng,to found ; to initiate ; to start,6.0,v,廾,-1.1300709072102133
开口,kāi kǒu,to open one's mouth ; to start to talk,7.0,v,廾,-1.1259048967360386
开启,kāi qǐ,(computing) to enable ; to open ; to start,7.0,"v,vn",廾,-0.9878940069945127
开场,kāi chǎng,beginning of an event ; to begin ; to open ; to start,7.0,"v,vn",廾,-0.8912946391245641
开垦,kāi kěn,to clear a wild area for cultivation ; to put under the plow,7.0,v,廾,1.8142569954134207
开始,kāi shǐ,beginning ; initial ; to begin ; to start,3.0,"v,vn",廾,-1.2848524411068445
开学,kāi xué,foundation of a University or College ; school opening ; the start of a new term,2.0,"v,vn",廾,-1.0561124285091374
开展,kāi zhǎn,(of an exhibition etc) to open ; to develop ; to launch ; to unfold,3.0,"v,vn",廾,0.6031196378741712
开工,kāi gōng,to begin work (of a factory or engineering operation) ; to start a construction job,7.0,"v,vn",廾,-0.9679870621993181
开幕,kāi mù,to inaugurate ; to open (a conference),5.0,"v,vn",廾,0.1957383406272661
开张,kāi zhāng,first transaction of a business day ; to open a business,7.0,"v,vn",廾,0.6469811428958747
开心,kāi xīn,to feel happy ; to have a great time ; to make fun of sb ; to rejoice,2.0,"a,v,an",廾,-1.5504356088355413
开拓,kāi tuò,fig. to open up (new horizons) ; to break new ground (for agriculture) ; to develop (border regions) ; to open up (a new seam),7.0,v,廾,-0.10692477231814053
开采,kāi cǎi,to exploit ; to extract (ore or other resource from a mine) ; to mine,7.0,"v,vn",廾,0.7653218779279269
开支,kāi zhī,(coll.) to pay wages ; expenditures ; expenses ; to spend money,7.0,"n,v",廾,0.4701978661825042
开放,kāi fàng,to be open (to the public) ; to be open-minded ; to bloom ; to open ; to open up (to the outside) ; unconstrained in one's sexuality ; unrestrained by convention,3.0,"v,vn,a",廾,-0.9647323665163684
开会,kāi huì,to attend a meeting ; to hold a meeting,1.0,v,廾,-0.760858228936397
开朗,kāi lǎng,(of character) optimistic ; carefree ; cheerful ; open and clear ; spacious and well-lit,7.0,a,廾,-0.5862645597185171
开业,kāi yè,open (for business) ; to open a business ; to open a practice,3.0,"v,vn",廾,0.537374785078586
开枪,kāi qiāng,to open fire ; to shoot a gun,7.0,"v,vn",廾,-0.7681369544817463
开水,kāi shuǐ,boiled water ; boiling water,4.0,n,廾,0.23532723291639418
开发,kāi fā,to develop ; to exploit (a resource) ; to open up (for development),3.0,"v,vn",廾,-0.49929909107009973
开花,kāi huā,(fig.) to burst with joy ; (fig.) to burst; to split open ; (fig.) to spring up everywhere; to flourish ; to bloom; to blossom; to flower,4.0,v,廾,-0.7954881910029831
开设,kāi shè,to offer (goods or services) ; to open (for business etc),6.0,v,廾,0.374000854578968
开车,kāi chē,to drive a car,1.0,"v,vn",廾,0.8616490773587798
开办,kāi bàn,to open ; to set up ; to start (a business etc),7.0,v,廾,2.488192206300815
开通,kāi tong | kāi tōng,open-minded ; to open (a new road or railway line); to set up (a hotline); to launch (a service); to subscribe to (a members-only service),6.0,v,廾,-0.4899255675032057
开销,kāi xiāo,(old) to dismiss (an employee) ; expenses ; to pay (expenses),7.0,"n,v",廾,1.5368031498298682
开阔,kāi kuò,open (spaces) ; to open up ; wide,7.0,"v,a",廾,3.048544200646354
开关,kāi guān,gas valve ; power switch ; to open and close ; to open the city (or frontier) gate ; to switch on and off,6.0,n,廾,1.0935371833810343
开辟,kāi pì,to establish ; to open up ; to set up,7.0,v,廾,1.7841836073029644
开除,kāi chú,to expel (a member of an organization) ; to fire (an employee),7.0,"v,vn",廾,-0.6080059268806207
间接,jiàn jiē,indirect,5.0,"b,d,a,ad",门,0.3078536455169719
间断,jiàn duàn,a break ; a gap ; disconnected ; interrupted ; suspended,7.0,v,门,1.9084893968227272
间谍,jiàn dié,spy,7.0,n,门,-0.5188272651677981
间隔,jiàn gé,"compartment ; gap ; interval ; to divide ; to leave a gap of (two weeks, three meters etc) ; to separate",7.0,"n,v",门,1.0676180129602972
间隙,jiàn xì,clearance ; gap ; interval,7.0,n,门,1.3183479755902836
阅历,yuè lì,experience ; to experience,7.0,n,门,1.902121986068604
阅读,yuè dú,reading ; to read,4.0,"v,vn",门,-0.14324717613985893
阎王,Yán wáng,"(Buddhism) Yama, the King of Hell ; (fig.) cruel and tyrannical person",7.0,n,门,2.5599374919374855
阔绰,kuò chuò,extravagant ; liberal with money ; ostentatious,7.0,a,门,1.1751767438938718
关上,guān shàng,"to close (a door) ; to turn off (light, electrical equipment etc)",1.0,v,丷,-0.40896053169587365
关心,guān xīn,to be concerned about ; to care about,2.0,"v,vn",丷,-0.506222631486869
关爱,guān ài,to show concern and care for,6.0,"v,vn",丷,-1.2388961380635948
关怀,guān huái,attentive to ; care ; concerned about ; solicitude ; to show care for,5.0,"vn,v",丷,-0.5675410981536421
关掉,guān diào,to switch off; to shut off,7.0,v,丷,0.2500384574033268
关于,guān yú,a matter of ; about ; concerning ; pertaining to ; with regard to,4.0,p,丷,-0.5288753134401991
关机,guān jī,to finish shooting a film ; to turn off (a machine or device),2.0,v,丷,0.2814255165714205
关注,guān zhù,attention ; concern ; interest ; to follow (on social media) ; to follow sth closely ; to pay attention to,3.0,"v,vn",丷,-1.0811202841386496
关照,guān zhào,to keep an eye on ; to look after ; to remind ; to take care ; to tell,7.0,"v,vn",丷,0.6115700538653814
关税,guān shuì,customs duty ; tariff,7.0,n,丷,0.9504489683741073
关节,guān jié,critical phase ; joint (physiology) ; key point,7.0,n,丷,-0.6142549425918844
关联,guān lián,relationship; connection ; to be related; to be connected,6.0,"vn,v",丷,2.0244749581785975
关键,guān jiàn,crucial ; crucial point ; crux ; key ; pivotal,5.0,"n,a",丷,-0.8435157064988628
关闭,guān bì,"(of a shop, school etc) to shut down ; to close; to shut (a window etc)",4.0,"v,vn",丷,-0.7070788634696104
阐述,chǎn shù,to elaborate (on a topic) ; to expound (a position) ; to treat (a subject),7.0,"v,vn",门,2.432483608993173
防守,fáng shǒu,to defend ; to protect (against),6.0,"v,vn",阝,-0.16849182185509065
防止,fáng zhǐ,to guard against ; to prevent ; to take precautions,3.0,v,阝,-0.2756364037377957
防治,fáng zhì,prevention and cure ; to prevent and cure,5.0,"vn,v",阝,1.3955493571898518
防疫,fáng yì,to prevent epidemics,7.0,vn,阝,0.6917539627088036
防盗,fáng dào,anti-theft ; to guard against theft,7.0,"vn,v",阝,-0.6422453254652517
防御,fáng yù,defense ; to defend,7.0,"vn,v",阝,-0.699800137924261
防范,fáng fàn,preventive ; to be on guard ; to guard against ; wariness,6.0,"v,vn",阝,-0.03116724960352921
防卫,fáng wèi,defense ; defensive ; to defend,7.0,"vn,v",阝,-0.31991205781037035
防护,fáng hù,to defend ; to protect,7.0,"vn,v",阝,-1.208301998643867
阻力,zǔ lì,drag ; resistance,7.0,n,阝,-0.04912137698895281
阻挠,zǔ náo,to obstruct (sth) ; to thwart,7.0,"v,vn",阝,2.114825310337281
阻挡,zǔ dǎng,to obstruct ; to resist ; to stop,7.0,v,阝,0.0023028148016518667
阻拦,zǔ lán,to obstruct ; to stop,7.0,"v,vn",阝,0.21736131274651177
阻止,zǔ zhǐ,to block ; to prevent,4.0,"v,vn",阝,-1.5285640538461198
阻碍,zǔ ài,hindrance ; obstruction ; to block ; to hinder ; to obstruct,5.0,"v,n,vn",阝,-0.7214113172590467
阿姨,ā yí,childcare worker ; maternal aunt ; nursemaid ; step-mother ; woman of similar age to one's parents (term of address used by child),4.0,n,阝,0.6844752371634555
附件,fù jiàn,appendix ; attachment (email) ; enclosure,5.0,n,阝,-0.23827249729753283
附加,fù jiā,additional ; annex,7.0,"vn,v",阝,0.29052687169922153
附和,fù hè,to agree ; to echo (what sb says) ; to go along with,7.0,v,阝,0.16880125315690173
附属,fù shǔ,affiliated ; attached ; auxiliary ; subordinate ; subordinating ; subsidiary,7.0,"vn,v",阝,-0.0013424443632514653
附带,fù dài,additionally ; by chance ; in parentheses ; in passing ; incidentally ; secondary ; subsidiary ; supplementary ; to attach,7.0,"v,ad",阝,2.2498065016971194
附近,fù jìn,(in the) vicinity (of); neighborhood ; nearby; neighboring,4.0,f,阝,-0.9354401053698209
陌生,mò shēng,strange ; unfamiliar,7.0,"a,ad",阝,-0.9567791162655122
降低,jiàng dī,to reduce; to lower; to bring down,4.0,"v,vn",阝,0.602575300995981
降价,jiàng jià,to cut the price ; to drive down the price ; to get cheaper,4.0,"v,vn",阝,-0.5647953609955065
降温,jiàng wēn,"(of interest, activity etc) to decline ; cooling ; to become cooler ; to lower the temperature",4.0,"v,vn",阝,-0.23047302044291199
降临,jiàng lín,to arrive ; to come ; to descend,7.0,"v,vn",阝,-0.4465730210063149
降落,jiàng luò,to descend ; to land,4.0,"v,vn",阝,-0.4832859883099869
限制,xiàn zhì,limit ; restriction ; to confine ; to limit ; to restrict,4.0,"v,vn",阝,-1.3263823580212835
限定,xiàn dìng,to limit ; to restrict to,7.0,"v,vn",阝,-0.8379176299241885
限度,xiàn dù,limit ; limitation,7.0,n,阝,-0.18646953480943185
限于,xiàn yú,to be confined to ; to be limited to,7.0,v,阝,-0.2825481513701075
院士,yuàn shì,academician ; fellow (of an academy) ; scholar,7.0,n,阝,3.1816555912859075
院子,yuàn zi,(old) servant ; courtyard ; garden ; patio ; yard,2.0,n,阝,0.9827119639800516
院长,yuàn zhǎng,chair of a board ; dean ; department head ; premier of the Republic of China ; president of a university ; the head of an institution whose name ends in 院,2.0,n,阝,-0.5184484944703033
阵容,zhèn róng,battle formation ; lineup (of a sports team etc) ; troop arrangement,7.0,n,阝,-0.2771986576656116
阵营,zhèn yíng,camp ; faction ; group of people ; sides in a dispute,7.0,n,阝,0.4556286223073482
除了,chú le,apart from (... also...) ; besides ; except (for) ; in addition to,3.0,p,阝,1.122415295476711
除去,chú qù,apart from ; except for ; to eliminate ; to remove,7.0,v,阝,-0.12801520034365477
除夕,Chú xī,lunar New Year's Eve,5.0,t,阝,-0.32016064068054734
除外,chú wài,except for ; not including sth (when counting or listing) ; to exclude,7.0,v,阝,0.26581477007772
除非,chú fēi,"only if (..., or otherwise, ...) ; only in the case that ; only when ; unless",5.0,c,阝,-0.44398105724441334
陪伴,péi bàn,to accompany,7.0,"v,vn",阝,-0.012822558736151733
陪同,péi tóng,to accompany,6.0,"v,vn",阝,1.2307315678052768
陪葬,péi zàng,"to be buried with or next to dead person (of deceased's partner, or of funerary objects)",7.0,v,阝,-0.22708813693264293
阴天,yīn tiān,cloudy day; overcast sky,2.0,n,阝,-0.03468232094111469
阴影,yīn yǐng,(lit. and fig.) shadow,6.0,n,阝,-0.9200661489618401
阴性,yīn xìng,feminine ; negative,7.0,n,阝,0.012197089677820377
阴暗,yīn àn,(fig.) dismal ; dark ; darkness ; dim ; gloomy ; murky ; overcast ; shadow ; shadowy (side) ; somber,7.0,"a,v",阝,0.4651205409171028
阴谋,yīn móu,a conspiracy; a plot ; to conspire; to plot,6.0,"n,v",阝,-1.0814990548361458
陈列,chén liè,to display; to exhibit,7.0,"v,vn",阝,-0.5662156343115458
陈旧,chén jiù,old-fashioned,7.0,a,阝,0.5901008551423724
陈述,chén shù,an assertion ; to declare ; to state,7.0,"v,vn",阝,-0.33929825129629204
陶冶,táo yě,fig. to educate ; lit. to fire pots and smelt metal,7.0,v,阝,2.8927093713467227
陶瓷,táo cí,ceramics ; pottery and porcelain,7.0,n,阝,0.14825516200957656
陶醉,táo zuì,to be infatuated with; to be drunk with; to be enchanted with; to revel in,7.0,v,阝,0.4286561564836078
陷入,xiàn rù,to get caught up in ; to land in (a predicament) ; to sink into,6.0,v,阝,-0.6237586539860978
陷阱,xiàn jǐng,pitfall ; snare ; trap,7.0,n,阝,-1.0580652459189086
陆地,lù dì,dry land (as opposed to the sea),4.0,n,阝,-0.19727512447682397
陆续,lù xù,bit by bit ; in turn ; one after the other ; successively,4.0,d,阝,-0.307414026387843
陆军,lù jūn,army ; ground forces,6.0,n,阝,0.6577867325632683
阳光,yáng guāng,(of personality) upbeat; energetic ; sunshine ; transparent (open to public scrutiny),3.0,"n,nz",阝,-1.4913303352331748
阳性,yáng xìng,masculine ; positive,7.0,n,阝,0.38673567608721504
隆重,lóng zhòng,ceremonious ; grand ; prosperous ; solemn,7.0,"a,ad",阝,0.6838242980268661
队伍,duì wǔ,line ; procession ; queue ; ranks ; troops,6.0,n,阝,-0.5229932756419744
队员,duì yuán,team member,3.0,n,阝,-1.038276696166573
队形,duì xíng,formation,7.0,n,阝,2.1543906170574916
队长,duì zhǎng,captain ; team leader,2.0,n,阝,-1.4091818161955232
阶层,jiē céng,social class,7.0,n,阝,-0.18984262553524062
阶梯,jiē tī,(fig.) stepping stone; way to reach the goal of ; flight of steps,7.0,n,阝,-0.6570867377795022
阶段,jiē duàn,period ; phase ; section ; stage,4.0,n,阝,-0.7654148028925268
阶级,jiē jí,(social) class,7.0,n,阝,-0.25571766615814373
隔壁,gé bì,neighbor ; next door,5.0,s,阝,0.46915636356395973
隔开,gé kāi,to separate,4.0,,阝,-0.807193302677143
隔阂,gé hé,(language etc) barrier ; estrangement ; misunderstanding,7.0,n,阝,3.591936399087182
隔离,gé lí,to isolate ; to separate,7.0,"vn,v",阝,-0.2028732010514983
陨石,yǔn shí,aerolite ; meteorite,7.0,n,阝,1.7985990777818868
障碍,zhàng ài,barrier ; hindrance ; impediment ; obstacle ; obstruction,6.0,n,阝,-0.4537333515088037
隧道,suì dào,tunnel,7.0,n,阝,-0.016976776425868017
随便,suí biàn,as one pleases ; as one wishes ; at random ; casual ; negligent ; wanton,2.0,"ad,a,v",阝,-0.5084358245512757
随即,suí jí,following which ; immediately ; presently,7.0,d,阝,3.274266307646831
随后,suí hòu,soon after,5.0,"d,f",阝,0.7243009195383008
随意,suí yì,according to one's wishes ; as one wishes ; at will ; conscious ; voluntary,5.0,"ad,a,an",阝,-0.42445288314671503
随手,suí shǒu,conveniently ; in passing ; while doing it ; without extra trouble,4.0,d,阝,0.16528618181931626
随时,suí shí,at any time; at all times ; at the right time; whenever necessary,2.0,d,阝,-1.3689537775542655
随机,suí jī,according to the situation ; pragmatic ; random,7.0,"d,b,z",阝,-0.007200896592560072
随身,suí shēn,to (carry) on one's person ; to (take) with one,7.0,"d,b",阝,-0.3363157240524368
隐形,yǐn xíng,invisible,7.0,b,阝,-0.851717539619896
隐性,yǐn xìng,crypto- ; hidden ; recessive (gene),7.0,b,阝,2.041411168514394
隐患,yǐn huàn,a danger concealed within sth ; hidden damage ; misfortune not visible from the surface,7.0,n,阝,1.0147735478536517
隐情,yǐn qíng,a subject best avoided ; sth one wishes to keep secret ; ulterior motive,7.0,n,阝,2.1447567178359606
隐瞒,yǐn mán,to conceal ; to cover up the truth ; to hide (a taboo subject),7.0,"v,vn",阝,-0.07854382596281816
隐私,yǐn sī,privacy ; private business ; secrets,6.0,n,阝,0.06297034233183571
隐约,yǐn yuē,faint ; indistinct ; vague,7.0,z,阝,-0.2593865108919632
隐蔽,yǐn bì,covert ; to conceal ; to hide ; under cover,7.0,"a,v",阝,0.9035695577551711
隐藏,yǐn cáng,covert ; hidden ; implicit ; private ; recessed (lighting) ; to conceal ; to harbor (i.e. keep sth hidden) ; to hide ; to hide oneself ; to lie low ; to mask ; to nestle ; to shelter,6.0,v,阝,-0.38539653495131837
雄伟,xióng wěi,grand ; imposing ; magnificent ; majestic,5.0,a,隹,1.2964646278164034
雄厚,xióng hòu,substantial; robust; ample; abundant,7.0,a,隹,2.705984648619353
集中,jí zhōng,centralized ; concentrated ; to centralize ; to concentrate ; to focus ; to put together,3.0,"v,ad,a",隹,0.05030674472861595
集合,jí hé,(math.) set ; to gather; to assemble,4.0,"v,n",隹,-1.5729581029615536
集团,jí tuán,bloc ; conglomerate ; corporation ; group,5.0,n,隹,-0.751603100412362
集会,jí huì,assembly ; meeting ; to gather,7.0,"vn,v",隹,-0.8633042562511969
集结,jí jié,to assemble ; to build up ; to concentrate ; to marshal ; to mass,7.0,"v,vn",隹,-0.0625307232027053
集资,jí zī,to accumulate funds ; to raise money,7.0,"v,vn",隹,0.8720876891131356
集邮,jí yóu,philately ; stamp collecting,7.0,"vn,v",隹,-0.3320077329664839
集体,jí tǐ,a group ; a team ; as a group ; collective (decision) ; en masse ; joint (effort),3.0,n,隹,-0.7311636115234386
雕刻,diāo kè,carving ; to carve ; to engrave,7.0,"n,v,vn",隹,-0.2932353459946406
雕塑,diāo sù,a Buddhist image ; a statue ; sculpture ; to carve,7.0,n,隹,0.41031146561622905
虽然,suī rán,although; even though (often used correlatively with 是 or 是 etc),2.0,c,虫,-1.0652255764213974
双手,shuāng shǒu,both hands,5.0,n,又,-0.647452838557971
双打,shuāng dǎ,doubles (in sports),6.0,n,又,2.30865139964485
双方,shuāng fāng,bilateral ; both parties involved ; both sides,3.0,n,又,-0.534201221575779
双边,shuāng biān,bilateral,7.0,n,又,3.2480631760025407
双重,shuāng chóng,double,7.0,"b,d",又,2.28250723192285
杂交,zá jiāo,promiscuity ; to crossbreed ; to hybridize,7.0,vn,木,1.3860338530111795
杂技,zá jì,acrobatics,7.0,n,木,-0.3511571363666874
杂志,zá zhì,magazine,3.0,n,木,0.03261299299782647
鸡蛋,jī dàn,(chicken) egg ; hen's egg,1.0,n,鸟,-1.59977679538906
离奇,lí qí,odd; bizarre,7.0,"a,an",禸,0.3638226184792491
离婚,lí hūn,to divorce,3.0,"v,vn",禸,-1.032690412376359
离职,lí zhí,to leave one's job temporarily (e.g. for study) ; to leave one's job; to resign,7.0,v,禸,-0.5819683614170229
离开,lí kāi,to depart; to leave,2.0,v,禸,-1.4505815452826445
难以,nán yǐ,"hard to (predict, imagine etc)",5.0,d,又,0.28599388331200765
难免,nán miǎn,difficult to escape from ; hard to avoid ; will inevitably,4.0,v,又,-0.6521513931258774
难受,nán shòu,to be difficult to bear ; to feel unwell ; to suffer pain,2.0,a,又,-1.387961200342691
难堪,nán kān,embarrassed ; hard to take,7.0,"a,v,an",又,-0.12736426120706393
难度,nán dù,degree of difficulty,3.0,n,又,-0.9717507164070821
难得,nán dé,hard to come by ; rare ; seldom,5.0,"a,ad",又,-0.21343020784871347
难忘,nán wàng,unforgettable,6.0,"a,v",又,-0.7405489278747914
难怪,nán guài,(it's) no wonder (that...) ; (it's) not surprising (that),7.0,d,又,-0.48341617613730625
难看,nán kàn,ugly ; unsightly,2.0,a,又,0.08822678083152476
难听,nán tīng,coarse ; offensive ; shameful ; unpleasant to hear ; vulgar,2.0,"a,v",又,0.1772752547170295
难处,nán chu,trouble; difficulty; problem,7.0,n,又,-0.3842248445054561
难说,nán shuō,cannot bring oneself to say it ; hard to tell (i.e. hard to judge or hard to predict),7.0,v,又,0.5565123956943308
难过,nán guò,(of life) to be difficult ; to feel sad ; to feel unwell,2.0,a,又,-0.7327376582357118
难道,nán dào,could it be that...? ; don't tell me ...,3.0,d,又,-0.8023763530663788
难关,nán guān,crisis ; difficulty,7.0,n,又,0.6122327857864296
难题,nán tí,difficult problem,2.0,n,又,-0.5577534255358768
难点,nán diǎn,difficulty,7.0,n,又,4.421256911869964
雨水,Yǔ shuǐ | yǔ shuǐ,"Yushui or Rain Water, 2nd of the 24 solar terms 二十四节气 19th February-5th March ; rainwater; rainfall; rain",5.0,n,雨,-0.20809250692867493
雨衣,yǔ yī,raincoat,6.0,n,雨,-0.9945335861877301
雪山,xuě shān,snow-capped mountain,7.0,n,雨,-0.2758967793924314
零下,líng xià,below zero,2.0,s,雨,4.861741295609011
零件,líng jiàn,component ; part,7.0,n,雨,0.5925744238614133
零售,líng shòu,to retail ; to sell individually or in small quantities,7.0,"vn,v",雨,-0.6462811481121101
零钱,líng qián,change (of money) ; pocket money ; small change,7.0,n,雨,0.14109483150708627
零食,líng shí,between-meal nibbles ; snacks,4.0,n,雨,-0.5302955867562398
电力,diàn lì,electrical power ; electricity,6.0,n,曰,-0.2767014919252548
电动,diàn dòng,(Tw) video game ; electric-powered,6.0,b,曰,-0.1301099983651995
电器,diàn qì,(electrical) appliance ; device,6.0,n,曰,-0.8292068382783411
电报,diàn bào,cable ; telegram ; telegraph,7.0,n,曰,1.7714016146568854
电影,diàn yǐng,movie; film,1.0,n,曰,-0.7436616429459645
电梯,diàn tī,elevator ; escalator,4.0,n,曰,-0.9381622569590404
电池,diàn chí,battery,5.0,n,曰,-0.7868840016155374
电源,diàn yuán,electric power source,4.0,n,曰,-0.4524314732356235
电灯,diàn dēng,electric light,4.0,n,曰,-0.7987428866859327
电线,diàn xiàn,power cord ; wire,7.0,n,曰,-0.006549957455970724
电脑,diàn nǎo,computer,1.0,n,曰,-1.327944611949098
电视,diàn shì,television; TV,1.0,n,曰,-0.9037926705470916
电讯,diàn xùn,telecom ; telecommunications,7.0,n,曰,-1.1843474384173567
电话,diàn huà,phone call ; phone number ; telephone,1.0,n,曰,-0.9101836668701304
电车,diàn chē,trolleybus,6.0,n,曰,-0.602549830917723
电铃,diàn líng,electric bell,7.0,n,曰,1.4830355771475392
需求,xū qiú,(economics) demand ; requirement ; to require,3.0,n,雨,-0.40259312094175087
需要,xū yào,needs ; to need; to want; to demand; to require,3.0,"v,n,vn",雨,-1.4198572180355988
震动,zhèn dòng,shock ; to shake ; to strongly affect ; to vibrate ; vibration,7.0,"vn,v",雨,-1.2408489554733644
震撼,zhèn hàn,shock ; shocking ; stunning ; to shake ; to shock ; to stun,7.0,"v,vn",雨,1.931378868861777
震惊,zhèn jīng,to astonish ; to shock,5.0,"v,vn",雨,-0.4543960834298518
霍乱,huò luàn,cholera,7.0,n,雨,2.4708654324830643
露天,lù tiān,al fresco ; in the open ; outdoors,7.0,n,雨,0.483985983093753
露面,lòu miàn,to appear (in public) ; to show one's face,7.0,v,雨,-0.48784256226611683
霸占,bà zhàn,to dominate ; to occupy by force ; to seize,7.0,v,雨,-0.14897544054184966
灵巧,líng qiǎo,deft ; ingenious ; nimble,7.0,"a,an",彐,-0.1116115341015883
灵感,líng gǎn,a burst of creativity in scientific or artistic endeavor ; insight ; inspiration,7.0,n,彐,-0.18697849333424454
灵敏,líng mǐn,clever ; keen ; quick ; sensitive ; sharp ; smart,7.0,"a,an",彐,-0.10340970098055359
灵活,líng huó,agile ; flexible ; nimble,6.0,"a,ad",彐,0.1746832909551279
灵通,líng tōng,clever ; effective ; fast and abundant (news),7.0,a,彐,0.8112781809711767
灵魂,líng hún,soul ; spirit,7.0,n,彐,-0.6708866474752098
青年,qīng nián,the young ; young person ; youth ; youthful years,2.0,n,青,-1.2287532803172494
青春,qīng chūn,youth ; youthfulness,4.0,n,青,-0.48668266460471327
青蛙,qīng wā,(old) (slang) ugly guy ; frog,7.0,n,青,-0.6733602161942508
静止,jìng zhǐ,immobile ; static ; stationary ; still,7.0,"v,vn",青,-0.10952852886449942
非凡,fēi fán,"out of the ordinary ; unusually (good, talented etc)",7.0,z,非,0.06726654063332842
非常,fēi cháng,unusual; extraordinary ; very; really,1.0,"d,b",非,-1.4384740773420706
非法,fēi fǎ,illegal,7.0,"b,d",非,0.12311711855274658
靠拢,kào lǒng,to draw close to,7.0,v,非,2.1963110974538846
靠近,kào jìn,to approach; to draw near ; to be close to,5.0,v,非,-0.5728552135047631
面前,miàn qián,(in the) presence (of) ; facing ; in front of,2.0,f,面,-0.31874036736450806
面对,miàn duì,to face; to confront,3.0,v,面,-1.1981473481130642
面积,miàn jī,"area (of a floor, piece of land etc) ; surface area ; tract of land",3.0,n,面,-0.8194309584450346
面临,miàn lín,to face sth; to be confronted with,4.0,v,面,0.0015216878377446493
面试,miàn shì,interview ; to be interviewed (as a candidate),4.0,"v,vn,n",面,-1.177980027663234
面貌,miàn mào,appearance; look ; face; features,5.0,n,面,-0.9310019264565517
革命,gé mìng,(separable verb sometimes used in the pattern 革noun的命) ; revolution ; revolutionary ; to revolt (against sb or sth) ; to revolutionize (sth) ; to withdraw the mandate of heaven (and transition to a new dynasty) (original meaning),7.0,"vn,v",革,0.5764193404895254
革新,gé xīn,innovation ; to innovate,6.0,"vn,v",革,0.8845621349667457
靴子,xuē zi,boots,7.0,n,革,1.083240552238455
靶子,bǎ zi,target,7.0,n,革,0.19525296767137068
巩固,gǒng gù,consolidation ; to consolidate ; to strengthen,6.0,"v,vn",工,-0.2669138193074895
鞠躬,jū gōng,(literary) to bend down ; to bow,7.0,"v,nr,vn",革,-0.23241404506822275
鞭炮,biān pào,firecrackers ; string of small firecrackers,7.0,n,革,0.8224861269049811
鞭策,biān cè,to encourage sb (e.g. to make progress) ; to spur on ; to urge on,7.0,"v,vn",革,0.8185686993009847
韧性,rèn xìng,toughness,7.0,n,韦,1.2386848180561343
音乐,yīn yuè,music,2.0,n,音,-1.3343238154876795
音节,yīn jié,syllable,2.0,n,音,0.8978648789220977
音量,yīn liàng,loudness ; volume,6.0,n,音,0.011037192016415382
音响,yīn xiǎng,abbr. for 组合音响 ; acoustics ; audio ; hi-fi system ; sound ; stereo sound system,7.0,n,音,0.5070292285290368
韵味,yùn wèi,hinted appeal ; implicit charm in rhyme or sound ; interest,7.0,n,音,0.10463044707359123
响亮,xiǎng liàng,loud and clear ; resounding,7.0,"a,ad",口,-0.21978582581837894
响应,xiǎng yìng,answer ; to respond to,7.0,"v,vn",口,0.9138779816822105
响声,xiǎng shēng,noise,6.0,n,口,4.271753647772804
响起,xiǎng qǐ,(of a sound source) to ring out ; (of a sound) to come forth ; to go off ; to sound,7.0,v,口,0.6450401182705625
顶多,dǐng duō,at best ; at most,7.0,d,页,4.202328157458941
顶尖,dǐng jiān,apex ; finest (competitors) ; number one ; peak ; top (figures in a certain field) ; world best,7.0,"b,n",页,-0.2509007165473781
项目,xiàng mù,(sports) event ; item ; project,4.0,n,页,-0.5077730926302275
项链,xiàng liàn,necklace,7.0,n,页,0.2542044678775031
顺便,shùn biàn,conveniently ; in passing ; without much extra effort,7.0,d,页,-1.292793898573242
顺利,shùn lì,smoothly; without a hitch,2.0,"a,ad",页,-1.486513385622409
顺势,shùn shì,conveniently ; in passing ; to seize an opportunity ; to take advantage ; without taking extra trouble,7.0,d,页,-0.7144995696267363
顺序,shùn xù,order ; sequence,4.0,n,页,-0.5015122841345065
顺从,shùn cóng,obedient ; to comply ; to defer ; to submit,7.0,v,页,-0.5537176028890199
顺心,shùn xīn,happy ; satisfactory,7.0,a,页,2.7753629677953815
顺应,shùn yìng,to comply; to conform to; in tune with; adapting to; to adjust to,7.0,v,页,0.44285842244572626
顺手,shùn shǒu,easily ; handy ; in passing ; while one is at it ; without trouble,7.0,"d,a",页,-0.41090155632118586
顺畅,shùn chàng,fluent ; smooth and unhindered,7.0,a,页,-0.6074969683558066
顺路,shùn lù,by the way ; conveniently ; while out doing sth else,7.0,"d,v",页,-0.494363746416475
预备,yù bèi,preparation ; preparatory ; to make ready ; to prepare,5.0,"vn,v",页,-0.9575720360138782
预兆,yù zhào,omen ; prior indication ; sign (of sth yet to occur) ; to foreshadow,7.0,n,页,2.1290039907304834
预先,yù xiān,beforehand ; in advance,7.0,d,页,-0.848723219591582
预告,yù gào,advance notice ; to forecast ; to predict,7.0,v,页,-1.232516934525013
预报,yù bào,forecast,3.0,"vn,v",页,-0.13478496736418996
预定,yù dìng,to schedule in advance,7.0,"v,vn",页,-0.3119706003439729
预感,yù gǎn,premonition ; to have a premonition,7.0,"n,v",页,-0.08765697387507795
预料,yù liào,expectation ; to anticipate ; to forecast,7.0,"v,vn",页,-1.0908725784030415
预期,yù qī,to anticipate ; to expect,5.0,"v,vn",页,-0.6882134212929601
预测,yù cè,to forecast ; to predict,4.0,"v,vn",页,-0.12006195009279845
预示,yù shì,to betoken ; to forebode ; to foretell ; to indicate,7.0,v,页,0.957869674531232
预算,yù suàn,budget,7.0,n,页,-1.0434842092592937
预约,yù yuē,booking ; reservation ; to book ; to make an appointment,6.0,"v,vn",页,-1.29422596467374
预习,yù xí,to prepare a lesson,3.0,"v,vn",页,-0.9272264794643289
预见,yù jiàn,foresight ; intuition ; to envision ; to forecast ; to foresee ; to predict ; vision,7.0,"v,n,vn",页,1.5003269726119162
预言,yù yán,prophecy ; to predict,7.0,"v,n",页,-0.9412867648146723
预订,yù dìng,to book ahead ; to place an order,4.0,"v,vn",页,-0.029486600632853882
预计,yù jì,to estimate ; to forecast ; to predict,3.0,"v,vn",页,-0.13272554769601838
预赛,yù sài,preliminary competition ; to hold preliminary heats,7.0,n,页,1.4542640673102645
预防,yù fáng,precautionary ; prophylactic ; to guard against ; to prevent ; to protect ; to take precautions against,3.0,"v,vn",页,-0.4253641979379401
顽固,wán gù,stubborn; obstinate,7.0,"a,ad",页,-0.21483868838029396
顽强,wán qiáng,hard to defeat ; tenacious,6.0,"a,ad",页,0.44831451840862396
顽皮,wán pí,naughty,6.0,a,页,0.0019122513196982581
颁布,bān bù,"to enact (laws, decrees etc) ; to issue ; to proclaim",7.0,"v,vn",页,0.33480252577179614
颁奖,bān jiǎng,to confer an award,7.0,"vn,v",页,0.13870427947752986
颁发,bān fā,to award ; to issue ; to promulgate,7.0,v,页,-0.15353201449797957
顿时,dùn shí,immediately ; suddenly,7.0,d,页,1.295174542327682
领事,lǐng shì,consul,7.0,n,页,2.286921825267204
领先,lǐng xiān,to be in front ; to lead,3.0,"v,vn",页,-0.6054139631187191
领取,lǐng qǔ,to receive; to draw; to get,6.0,v,页,-0.8991059087636437
领土,lǐng tǔ,territory,7.0,n,页,-0.14362594683735522
领域,lǐng yù,area ; domain ; field ; sphere ; territory,7.0,n,页,-0.44398105724441334
领导,lǐng dǎo,lead ; leader ; leadership ; leading ; to lead,3.0,"n,v,vn",页,-0.8988573258934652
领带,lǐng dài,necktie,5.0,n,页,-0.4787412071383158
领悟,lǐng wù,to comprehend ; to understand,7.0,"v,vn",页,-0.7965179008370686
领会,lǐng huì,to comprehend ; to grasp ; to understand,7.0,v,页,0.8354931168523226
领略,lǐng lu:è,to appreciate ; to have a taste of ; to realize,7.0,v,页,-0.06280289164179984
领袖,lǐng xiù,leader,6.0,n,页,-1.192288895883754
领队,lǐng duì,captain (of sports squad) ; leader of a group ; to lead a group,7.0,n,页,-0.787274565097491
领养,lǐng yǎng,to adopt (a child); adoption,7.0,"v,vn",页,-0.15431314146188826
头晕,tóu yūn,dizzy,7.0,v,大,-0.7763505803872384
头脑,tóu nǎo,(fig.) gist (of a matter) ; boss ; brains ; leader ; mind ; skull,3.0,n,大,-1.1666418939021101
头号,tóu hào,first rate ; number one ; top rank,7.0,b,大,1.0627892705650717
头部,tóu bù,head,7.0,n,大,-0.8273724159114321
头衔,tóu xián,appellation ; rank ; title,7.0,n,大,0.4826723120361143
头顶,tóu dǐng,top of the head,7.0,"n,v",大,0.8916158632108339
头发,tóu fa,hair (on the head),2.0,n,大,-0.9010705189578722
颈部,jǐng bù,neck,7.0,,页,-0.3812187316926848
颓废,tuí fèi,decadent ; dejected ; depressed ; dispirited,7.0,a,页,-0.0541987022543542
频率,pín lǜ,frequency,7.0,n,页,0.1905662058879229
频繁,pín fán,frequently ; often,5.0,"a,ad",页,1.2058774855720014
频道,pín dào,(television) channel ; frequency,5.0,n,页,-0.17526158887562585
题材,tí cái,subject matter,5.0,n,页,0.8853432619306529
题目,tí mù,subject ; title ; topic,3.0,n,页,-0.04404405172355142
额外,é wài,added ; additional ; extra,7.0,"b,d",页,0.0039952565567871355
颜色,yán sè,appearance ; color ; countenance ; dyestuff ; facial expression ; pigment,2.0,n,页,-0.7851915598604036
愿意,yuàn yì,ready ; to want ; to wish ; willing (to do sth),2.0,v,心,-0.7728237162651941
愿望,yuàn wàng,desire ; wish,3.0,n,心,-1.3658292696986338
颠倒,diān dǎo,back to front ; confused ; crazy ; deranged ; to reverse ; to turn upside down,7.0,"v,vn",页,0.7217089557764005
颠覆,diān fù,"fig. to overturn (a regime, by plotting or subversion) ; to capsize ; to subvert ; to topple (i.e. knock over) ; to undermine",7.0,"v,vn",页,0.8341912385791426
类似,lèi sì,analogous ; similar,3.0,"a,v",大,-0.5142706912116681
类别,lèi bié,category ; classification,7.0,n,大,-1.1386515110287427
类型,lèi xíng,(computer programming) type ; type; kind; category,4.0,n,大,-0.40362283077583655
顾及,gù jí,to attend to ; to take into consideration,7.0,v,页,0.23429752308230853
顾问,gù wèn,adviser ; consultant,5.0,n,页,-1.1674230208660188
顾客,gù kè,customer; client,2.0,n,页,-1.177980027663234
顾虑,gù lǜ,apprehensions ; misgivings,7.0,"n,v",页,0.18404502173756468
颤抖,chàn dǒu,to shake ; to shiver ; to shudder ; to tremble,7.0,v,页,0.4549540976018413
显得,xiǎn de,to appear ; to look ; to seem,3.0,v,日,0.5570213542191449
显然,xiǎn rán,clearly; evidently; obviously,3.0,"a,ad",日,0.9660715076522651
显现,xiǎn xiàn,appearance ; to appear,7.0,"v,vn",日,-0.5384856270928142
显眼,xiǎn yǎn,conspicuous ; eye-catching ; glamorous,7.0,a,日,0.024316350402849976
显示,xiǎn shì,to demonstrate ; to display ; to illustrate ; to show,3.0,"v,vn",日,-1.2793845523594896
显著,xiǎn zhù,notable ; outstanding ; remarkable ; statistically significant,4.0,,日,-0.21732404988379378
显赫,xiǎn hè,celebrated ; illustrious,7.0,a,日,3.8944457386363545
风俗,fēng sú,social custom,4.0,n,风,-0.5345799922732752
风光,fēng guāng,grand (dialect) ; impressive (dialect) ; landscape ; scene ; sight ; to be well-off ; to be well-regarded ; view,5.0,"n,a",风,-0.8402728036003704
风力,fēng lì,wind force ; wind power,7.0,n,风,-0.6005970135079535
风味,fēng wèi,distinctive flavor ; distinctive style,7.0,n,风,-0.12618077797674426
风度,fēng dù,elegance (for men) ; elegant demeanor ; grace ; poise,5.0,n,风,-1.0037769219273063
风情,fēng qíng,"amorous feelings ; bearing ; flirtatious expressions ; grace ; local conditions and customs ; mien ; wind force, direction etc",7.0,n,风,-0.2559780418127795
风景,fēng jǐng,scenery; landscape,4.0,n,风,-1.4475872252543305
风暴,fēng bào,"fig. crisis (e.g. revolution, uprising, financial crisis etc) ; storm ; violent commotion",6.0,n,风,-0.9821657425925205
风格,fēng gé,style,4.0,n,风,-1.193212003459438
风气,fēng qì,atmosphere ; common practice ; general mood,7.0,n,风,1.3426930992987474
风水,fēng shuǐ,feng shui ; geomancy,7.0,n,风,-0.4986481519335104
风沙,fēng shā,sand blown by wind ; sandstorm,7.0,n,风,1.0698312060247026
风波,fēng bō,crisis ; disputes ; disturbance ; restlessness,7.0,n,风,-0.658140033182504
风流,fēng liú,dissolute ; distinguished and accomplished ; loose ; outstanding ; romantic ; talented in letters and unconventional in lifestyle,7.0,"a,an",风,-0.43722308300833546
风浪,fēng làng,(fig.) hardship ; wind and waves; rough waters,7.0,n,风,-0.040008229076694476
风筝,fēng zhēng,kite,7.0,n,风,-1.414259141460926
风范,fēng fàn,air ; demeanor ; manner ; model ; paragon,7.0,n,风,-0.29426505582872625
风貌,fēng mào,ethos ; manner ; style,7.0,n,风,1.4628564639132515
风趣,fēng qù,charm ; humor ; humorous ; wit ; witty,7.0,"a,an",风,-0.699800137924261
风采,fēng cǎi,elegant manner ; graceful bearing ; svelte,7.0,n,风,-0.17462244252349382
风险,fēng xiǎn,risk; hazard,3.0,n,风,-0.6832662838548766
风雨,fēng yǔ,(fig.) trials and hardships ; the elements ; wind and rain,7.0,n,风,-0.7077298026061997
风云,fēng yún,unstable situation ; weather,7.0,n,风,-0.5668783662325939
飞往,fēi wǎng,Go to,7.0,v,飞,2.919113914723358
飞机,fēi jī,airplane,1.0,n,飞,-1.847133667293238
飞翔,fēi xiáng,to circle in the air ; to soar,7.0,"v,vn",飞,0.5592463400680089
飞船,fēi chuán,airship ; dirigible ; spacecraft ; spaceship,6.0,n,飞,1.6029385661074071
飞行,fēi xíng,(of planes etc) to fly ; aviation ; flight ; flying,3.0,"vn,v",飞,0.27465574955088534
飞跃,fēi yuè,to leap,7.0,"vn,v",飞,-0.5036070821560512
食品,shí pǐn,foodstuff; food; provisions,3.0,n,食,-1.129928926598438
食堂,shí táng,dining hall; cafeteria,4.0,n,食,-0.5732457769867182
食宿,shí sù,board and lodging ; room and board,7.0,n,食,1.6452142316323801
食欲,shí yù,appetite,6.0,n,食,0.4889449133162953
食物,shí wù,food,2.0,n,食,-1.5686619046600594
食用,shí yòng,edible ; to eat; to consume,7.0,"v,vn",食,0.22361032845777548
饥饿,jī è,famine ; hunger ; starvation,7.0,n,饣,-0.9428490187424882
饭店,fàn diàn,hotel ; restaurant,1.0,n,饣,-0.023509753360684633
饭碗,fàn wǎn,fig. livelihood ; job ; rice bowl ; way of making a living,7.0,n,饣,-0.0708627441510564
饭馆,fàn guǎn,restaurant,2.0,n,饣,1.2843807454447482
饮料,yǐn liào,beverage ; drink,5.0,n,饣,-1.2668865209369622
饮水,yǐn shuǐ,drinking water,7.0,"n,v",饣,-0.8906554927724321
饮食,yǐn shí,eating and drinking ; food and drink; diet,5.0,n,饣,-1.493673716124898
饲料,sì liào,feed ; fodder,7.0,n,饣,-0.7551181717499474
饲养,sì yǎng,to raise ; to rear,7.0,"v,vn",饣,0.7408465663921451
饱和,bǎo hé,saturated; filled to capacity,7.0,"v,vn",饣,0.2979475778563475
饱满,bǎo mǎn,full ; plump,7.0,a,饣,0.05647274375039358
饺子,jiǎo zi,dumpling ; pot-sticker,2.0,n,饣,-1.1579193094718054
饼干,bǐng gān,biscuit; cracker; cookie,5.0,n,饣,-0.7527747908582243
养殖,yǎng zhí,cultivation ; to cultivate ; to encourage ; to further,7.0,"vn,v",丷,0.5019401104791769
养活,yǎng huo,"support ; the necessities of life ; to feed and clothe ; to give birth ; to keep (animals, a family etc) ; to provide for ; to raise animals",7.0,v,丷,0.14498867354216807
养生,yǎng shēng,curing (of concrete etc) ; to maintain good health ; to raise a child or animal,7.0,"vn,v",丷,0.3385779727640174
养老,yǎng lǎo,to enjoy a life in retirement ; to provide for the elderly (family members),6.0,"vn,v",丷,-0.10952852886449942
餐厅,cān tīng,dining hall ; dining room ; restaurant,5.0,n,食,-1.228090548396201
餐桌,cān zhuō,dining table; dinner table,7.0,n,食,-0.1692847416034567
餐饮,cān yǐn,catering ; food and beverage ; repast,5.0,n,食,0.5976399563423574
餐馆,cān guǎn,restaurant,5.0,n,食,-0.8750211607098155
余地,yú dì,leeway ; margin,7.0,n,人,0.4748728351814932
余额,yú é,"balance (of an account, bill etc) ; remainder ; surplus",7.0,n,人,0.05243692110353666
喂养,wèi yǎng,"to feed (a child, domestic animal etc) ; to keep ; to raise (an animal)",7.0,"v,vn",口,1.3170696828860209
馒头,mán tou,steamed bread ; steamed bun ; steamed roll,6.0,n,饣,1.5296192337584635
饶恕,ráo shù,to forgive ; to pardon ; to spare,7.0,v,饣,1.0228334003629083
首先,shǒu xiān,first (of all) ; in the first place,3.0,"d,c",首,-0.6759993510939858
首创,shǒu chuàng,original creation ; to be the first to do sth ; to create,7.0,"v,vn",首,0.9018889087844973
首席,shǒu xí,"chief (representative, correspondent etc)",6.0,n,首,-1.107015868990472
首府,shǒu fǔ,capital city of an autonomous region,7.0,n,首,3.4006551024036815
首次,shǒu cì,first ; first time ; for the first time,6.0,m,首,-0.7500526392690049
首相,shǒu xiàng,prime minister (of Japan or UK etc),6.0,n,首,0.38699605174185076
首脑,shǒu nǎo,head (of state) ; leader ; summit (meeting),6.0,n,首,2.0221433700713316
首要,shǒu yào,of chief importance ; the most important,7.0,b,首,-0.16810125837313702
首都,shǒu dū,capital (city),3.0,n,首,-0.23203527437072793
首饰,shǒu shì,head ornament ; jewelry,7.0,n,首,-0.1591300910726539
香味,xiāng wèi,bouquet ; fragrance ; sweet smell,7.0,n,香,-1.052987920653507
香料,xiāng liào,condiment ; flavoring ; perfume ; spice,7.0,n,香,0.871945708501359
香水,xiāng shuǐ,cologne ; perfume,7.0,n,香,-1.2525658599319829
香油,xiāng yóu,perfumed oil ; sesame oil,7.0,n,香,1.077618890094865
香烟,xiāng yān,cigarette ; smoke from burning incense,7.0,n,香,-0.31535548385424045
香肠,xiāng cháng,sausage,5.0,n,香,-1.0246069742981847
香蕉,xiāng jiāo,banana,3.0,n,香,-0.9742360779105818
马上,mǎ shàng,at once ; immediately ; on horseback (i.e. by military force) ; right away,1.0,"d,s",马,-1.0968730112441267
马力,mǎ lì,horsepower,7.0,"n,q,nr",马,4.258427318248536
马戏,mǎ xì,circus,7.0,n,马,0.3588754810411656
马桶,mǎ tǒng,chamber pot ; toilet bowl ; wooden pan used as toilet,7.0,n,马,-0.4657224244065169
马虎,mǎ hu,careless ; negligent ; skimpy ; sloppy,7.0,"a,an",马,-0.7914405755716672
马路,mǎ lù,road ; street,1.0,n,马,-0.6982496767809024
马车,mǎ chē,buggy ; carriage ; cart ; chariot,6.0,n,马,-0.1782794944728559
驰名,chí míng,famous,7.0,"vn,v",马,0.2542162606619604
驳回,bó huí,to overrule ; to reject ; to turn down,7.0,"v,vn",马,0.05345483815316348
驾车,jià chē,to drive a vehicle,7.0,v,马,-0.058234524901212614
驾驭,jià yù,to dominate ; to drive ; to handle ; to manage ; to master ; to steer ; to urge on (of horse),7.0,"v,vn",马,-0.3132606858326943
驾驶,jià shǐ,"to drive ; to pilot (ship, airplane etc)",5.0,"v,vn",马,-1.0893103244752256
骏马,jùn mǎ,fine horse ; steed,7.0,n,马,0.8563349620076586
骗人,piàn rén,a scam ; to cheat sb,7.0,v,马,-0.5507468684296221
骗子,piàn zi,a cheat ; swindler,5.0,n,马,-1.2834203750063464
骚乱,sāo luàn,disturbance; riot ; to create a disturbance,7.0,"vn,v",马,-0.23489940657172254
骚扰,sāo rǎo,to cause a commotion ; to disturb ; to harass,7.0,v,马,-0.8967625278719207
驱动,qū dòng,device driver (computing software) ; drive (vehicle wheel) ; drive mechanism (tape or disk) ; to drive ; to propel,7.0,"vn,v",马,0.8686910128184092
驱逐,qū zhú,banishment ; to deport ; to expel,7.0,"v,vn",马,0.12833642442992316
骄傲,jiāo ào,arrogance ; conceited ; pride ; proud of sth,6.0,"an,a",马,-1.0096353741566164
验收,yàn shōu,acceptance ; to inspect and accept,7.0,"v,vn",马,1.73061744635298
验证,yàn zhèng,experimental verification ; to authenticate ; to inspect and verify ; to validate (a theory),7.0,"v,vn",马,-0.24479368144788957
惊人,jīng rén,astonishing,6.0,a,忄,-0.8963837571744244
惊喜,jīng xǐ,nice surprise ; to be pleasantly surprised,6.0,"a,an",忄,-1.3157069561812078
惊叹,jīng tàn,a gasp of surprise ; to exclaim in admiration,7.0,"v,vn",忄,-0.4198845164061263
惊奇,jīng qí,to be amazed ; to be surprised ; to wonder,7.0,"a,an",忄,-0.6241492174680514
惊慌,jīng huāng,to be alarmed ; to panic,7.0,"a,an,ad",忄,0.24429840021687615
惊讶,jīng yà,amazed ; amazing ; astonished ; astonishment ; awe ; to surprise,7.0,"a,an,ad,nz,v",忄,-0.9681054572421772
惊醒,jīng xǐng,to be woken by sth ; to rouse ; to sleep lightly ; to wake with a start,7.0,v,忄,-0.43421697019556416
惊险,jīng xiǎn,perilous; touch-and-go; nerve-racking; suspenseful,7.0,"a,an",忄,-0.11603792023039886
骤然,zhòu rán,abruptly ; suddenly,7.0,d,马,2.5939401004363978
骨干,gǔ gàn,diaphysis (long segment of a bone) ; fig. backbone,7.0,n,骨,0.07716081550949541
骨折,gǔ zhé,(of a bone) to break ; fracture ; to suffer a fracture,7.0,"v,vn",骨,-0.1999972760660434
骨气,gǔ qì,courageous spirit ; integrity ; moral backbone ; unyielding character,7.0,n,骨,0.3364831747424712
骨头,gǔ tou,Taiwan pr. [gú tou] ; bitterness ; bone ; moral character,4.0,n,骨,0.38711444678471013
体制,tǐ zhì,organization ; system,7.0,n,亻,0.8645250023442345
体力,tǐ lì,physical power ; physical strength,5.0,n,亻,-1.2323867466976952
体操,tǐ cāo,gymnastic ; gymnastics,4.0,n,亻,-0.44918857033713255
体会,tǐ huì,experience ; to know from experience ; to learn through experience ; to realize ; understanding,3.0,"v,vn",亻,-0.1998906738076417
体检,tǐ jiǎn,abbr. for 体格检查,4.0,"v,vn",亻,0.849955758469077
体温,tǐ wēn,(body) temperature,7.0,n,亻,0.39622759469696994
体现,tǐ xiàn,to embody ; to incarnate ; to reflect,3.0,"v,vn",亻,1.021389541477952
体积,tǐ jī,bulk ; volume,5.0,n,亻,-0.15183957274284576
体系,tǐ xì,setup ; system,7.0,n,亻,2.5936561392128437
体育,tǐ yù,physical education ; sports,2.0,n,亻,-1.0419219553314778
体能,tǐ néng,physical capability ; stamina,7.0,n,亻,-0.18723886898888173
体谅,tǐ liàng,to allow (for sth) ; to appreciate ; to empathize ; to show understanding,7.0,v,亻,-1.1945020889481595
体贴,tǐ tiē,considerate (of other people's needs),7.0,"v,vn",亻,-1.312582448325576
体质,tǐ zhì,constitution,7.0,n,亻,-0.27264208370948173
体重,tǐ zhòng,body weight,4.0,n,亻,-0.9509324568206609
体面,tǐ miàn,(of sb's appearance) presentable; respectable ; dignity; prestige; face ; honorable; creditable,7.0,"a,ad,an",亻,-0.44840744337322386
体验,tǐ yàn,to experience for oneself,3.0,"v,vn",亻,-0.46676392702506136
高中,gāo zhòng | gāo zhōng,abbr. for 高级中学 ; senior high school ; to pass brilliantly (used in congratulatory fashion),2.0,n,高,-1.1406043284385123
高傲,gāo ào,arrogant ; haughty ; proud,7.0,a,高,-0.3870889767064522
高价,gāo jià,high price,4.0,"n,d",高,-0.48759397939593985
高原,gāo yuán,plateau,5.0,n,高,0.5202965941310129
高压,gāo yā,high pressure ; high-handed,7.0,n,高,-0.12500908753088202
高大,gāo dà,tall; lofty; towering,5.0,a,高,-1.4155610197341046
高尚,gāo shàng,exquisite ; lofty ; noble ; refined,4.0,a,高,-0.49357082666810903
高层,gāo céng,high level; high class ; high-rise,6.0,n,高,-0.6991491987876716
高山,gāo shān,high mountain; alpine mountain,7.0,n,高,0.7198509478405742
高峰,gāo fēng,height ; peak ; summit,6.0,"n,nr",高,-1.1282364848433044
高度,gāo dù,altitude ; elevation ; height ; high degree ; highly,5.0,"d,n",高,-0.8004353284410666
高手,gāo shǒu,dab hand ; expert ; past master,6.0,n,高,-0.5737783210804485
高于,gāo yú,greater than ; to exceed,5.0,v,高,-0.17565215235757944
高昂,gāo áng,expensive ; high (spirits etc) ; to hold (one's head) high,7.0,a,高,0.7916316118306193
高明,Gāo míng | gāo míng,"Gaoming District of Foshan City 市, Guangdong ; brilliant; superior; wise",7.0,"a,nr",高,-1.38548763162365
高档,gāo dàng,high grade ; superior quality ; top grade,6.0,b,高,0.34390388089959717
高温,gāo wēn,high temperature,5.0,n,高,0.04630630043513348
高涨,gāo zhǎng,(of tensions etc) to run high ; to rise ; to surge up,7.0,"a,an",高,-0.6332623653803112
高潮,gāo cháo,"climax (of a story, a competition etc) ; high tide; high water ; to have an orgasm ; upsurge; peak of activity",4.0,n,高,-0.5798971489643928
高空,gāo kōng,high altitude,7.0,"s,n",高,0.16945219229349257
高等,gāo děng,"advanced (math etc) ; high-level ; higher (animals, education etc)",6.0,b,高,-0.1962218290738222
高级,gāo jí,advanced ; high grade ; high level ; high-ranking,2.0,a,高,-0.7348206634727992
高兴,gāo xìng,glad ; happy ; in a cheerful mood ; willing (to do sth),1.0,"a,an",高,-1.5914447744407074
高调,gāo diào,bombast ; high-profile ; high-sounding speech,7.0,n,高,-0.8304969237670639
高贵,gāo guì,grandeur ; noble,7.0,"a,nr,an",高,-0.27161237387539605
高超,gāo chāo,excellent ; superlative,7.0,a,高,0.1504565622895245
高速,gāo sù,expressway (abbr. for 路) ; high speed,3.0,"b,d",高,-1.0703029016867986
高雅,gāo yǎ,dainty ; elegance ; elegant,7.0,"a,an",高,-0.7356017904367079
高龄,gāo líng,elderly,7.0,n,高,0.04992797403111955
发型,fà xíng,coiffure ; hairdo ; hairstyle,7.0,n,又,-1.345910532118982
松弛,sōng chí,lax ; limp ; relaxed ; to relax,7.0,a,木,0.26852512888248214
松绑,sōng bǎng,(fig.) to ease restrictions ; to untie,7.0,v,木,0.28728396880073054
胡子,hú zi,(coll.) bandit ; beard ; facial hair ; mustache or whiskers,5.0,n,⺼,-0.517915950376573
斗志,dòu zhì,fighting spirit ; will to fight,7.0,n,斗,-0.5431723888762621
斗争,dòu zhēng,a struggle ; battle ; fight,6.0,"vn,v",斗,0.011948506807641942
闹事,nào shì,to cause trouble ; to create a disturbance,7.0,"v,vn",门,-1.0811084913541924
闹钟,nào zhōng,alarm clock,4.0,n,门,-0.6690640178927582
魄力,pò lì,boldness ; courage ; daring ; drive ; resolution,7.0,n,鬼,1.0499242612295079
魅力,mèi lì,charisma ; charm ; fascination ; glamor,7.0,n,鬼,-0.8103178105327747
魔术,mó shù,magic,7.0,n,鬼,-0.2975315442961333
魔鬼,mó guǐ,devil,7.0,n,鬼,-1.2692299018286852
鲁莽,lǔ mǎng,hot-headed; impulsive; reckless,7.0,a,鱼,0.4196731963986658
鲜明,xiān míng,bright ; clear-cut ; distinct,4.0,a,鱼,0.9604734310775922
鲜活,xiān huó,(of food ingredients) live or fresh ; lively ; vivid,7.0,a,鱼,5.611670819296736
鲜美,xiān měi,delicious ; tasty,7.0,a,鱼,1.6297454657504549
鲜艳,xiān yàn,bright-colored; gaily-colored,5.0,a,鱼,-0.54330257670358
鲜花,xiān huā,flower ; fresh flowers,4.0,n,鱼,-0.7000605135788968
鲜血,xiān xuè,blood,7.0,n,鱼,-0.1824455049470322
鲨鱼,shā yú,shark,7.0,n,鱼,-0.5521671417456613
鳄鱼,è yú,alligator ; crocodile,7.0,"n,nz",鱼,0.503904720673405
鸟巢,niǎo cháo,bird's nest ; nickname for Beijing 2008 Olympic stadium,7.0,n,鸟,-0.1265831342431567
凤凰,Fèng huáng | fèng huáng,Fenghuang County in Xiangxi Tujia and Miao Autonomous Prefecture 州 ; phoenix,7.0,"n,ns",几,-0.7583728674328971
鸭子,yā zi,duck ; male prostitute (slang),5.0,n,鸟,-0.9074497224964536
鸽子,gē zi,dove ; pigeon ; various birds of the family Columbidae,7.0,n,鸟,-0.7325956776239366
面包,miàn bāo,bread,1.0,n,面,-1.1541674480484996
面粉,miàn fěn,flour,7.0,n,面,0.06088733709474681
麻木,má mù,apathetic ; insensitive ; numb,7.0,"a,v,an",麻,-0.5283309765620114
麻烦,má fan,inconvenient; troublesome; annoying ; to bother sb; to put sb to trouble ; trouble; inconvenience,3.0,"an,a,v,n",麻,-0.6971845885934432
麻痹,má bì,(fig.) to lull ; apathetic ; negligent ; numbness ; palsy ; paralysis ; to benumb,7.0,"a,v,vn",麻,-0.10769410649759042
麻醉,má zuì,anesthesia ; to anesthetize; (fig.) to corrupt (sb's mind); to enervate; to numb the mind (to escape from harsh reality),7.0,"v,vn",麻,-0.6107516640387562
黄昏,huáng hūn,dusk ; evening ; nightfall,7.0,t,黄,-0.95613996991338
黄瓜,huáng guā,cucumber,4.0,n,黄,-0.8469123827935877
黄色,huáng sè,pornographic ; yellow (color),2.0,n,黄,-1.2120774456360883
黄金,huáng jīn,gold ; golden (opportunity) ; prime (time),4.0,n,黄,-0.7311754043078958
黎明,lí míng,dawn; daybreak,7.0,t,黍,-0.8573156161945689
黑夜,hēi yè,night,6.0,n,黑,0.4264429634192025
黑客,hēi kè,hacker (computing) (loanword),7.0,n,黑,1.1768338072956297
黑心,hēi xīn,black core (flaw in pottery) ; ruthless and lacking in conscience ; vicious mind full of hatred and jealousy,7.0,n,黑,1.0901287143018494
黑暗,hēi àn,dark ; darkly ; darkness,4.0,"a,an",黑,-1.1559664920620358
黑板,hēi bǎn,blackboard,2.0,n,黑,-0.5224725243327029
黑白,hēi bái,black and white ; monochrome ; right and wrong,7.0,"b,n",黑,-1.4964076604985763
黑色,hēi sè,black,2.0,n,黑,-0.784280245069177
黑马,hēi mǎ,dark horse ; fig. unexpected winner,7.0,n,黑,1.4998298068715605
默契,mò qì,(of team members) well coordinated ; connected at a deep level with each other ; mutual understanding ; rapport ; tacit understanding ; tight,7.0,"a,an",黑,-1.1295383631164844
默读,mò dú,to read in silence,7.0,v,黑,2.1651962067248856
点名,diǎn míng,(to call or praise or criticize sb) by name ; roll call ; to mention sb by name,4.0,v,灬,-0.38681680826735765
点子,diǎn zi,crux ; dot ; drop (of liquid) ; droplet ; idea ; indication ; point ; point (of argument) ; pointer ; speck ; spot,7.0,n,灬,0.7024293645488794
点心,diǎn xin,dessert ; dim sum (in Cantonese cooking) ; light refreshments ; pastry,7.0,n,灬,-1.1002578947543944
点火,diǎn huǒ,fig. to stir up trouble ; ignition ; to agitate ; to ignite ; to light a fire ; to start an engine,7.0,"v,vn",灬,-1.2624601348081501
点燃,diǎn rán,aflame ; to ignite ; to set on fire,5.0,v,灬,0.8150536279633979
点缀,diǎn zhuì,only for show ; sprinkled ; studded ; to adorn ; to decorate,7.0,"v,vn",灬,1.2610535387859114
点头,diǎn tóu,to nod,2.0,v,灬,-0.9579508067113744
鼓动,gǔ dòng,"to beat; to flap (wings, a fan etc) ; to urge (an activity that may be beneficial, harmful or neutral); to encourage; to agitate; to instigate; to incite",7.0,"v,vn",鼓,0.7731449403514637
鼓励,gǔ lì,to encourage,5.0,"v,vn",鼓,-1.4125666997057909
鼓掌,gǔ zhǎng,to applaud ; to clap,5.0,v,鼓,-0.520389519095614
鼓舞,gǔ wǔ,heartening (news) ; to boost (morale),7.0,"v,vn",鼓,-0.6827455325456037
鼻子,bí zi,nose,5.0,n,鼻,-1.308025874369446
鼻涕,bí tì,nasal mucus; snivel; snot,7.0,n,鼻,-0.43563724351160343
齐全,qí quán,complete ; comprehensive,5.0,a,齐,0.33725250892191994
龙舟,lóng zhōu,dragon boat ; imperial boat,7.0,n,龙,-0.6659395100371263
庞大,páng dà,enormous ; huge ; tremendous,7.0,a,广,0.15981829307196127
